ID,ClassID,SubclassID,Material,InventoryType,SheatheType,ItemPetFoodID,Sound_override_subclassID,IconFileDataID,ItemGroupSoundsID,ContentTuningID,ModifiedCraftingReagentItemID,AmmunitionType,CraftingQualityID,ItemSquishEraID,RecraftReagentCountPercentage,OrderSource,_HotfixStatus
720,4,2,8,10,0,0,-1,132939,7,0,0,0,0,0,0.0,0,valid
727,2,7,1,13,3,0,-1,135274,8,0,0,0,0,0,0.0,0,valid
754,2,7,1,13,3,0,-1,135312,8,0,0,0,0,0,0.0,0,valid
776,2,15,1,13,3,0,-1,135638,8,0,0,0,0,0,0.0,0,valid
789,2,4,2,21,3,0,-1,133045,8,0,0,0,0,0,0.0,0,valid
790,2,0,1,21,3,0,-1,132405,8,0,0,0,0,0,0.0,0,valid
791,2,10,2,17,2,0,-1,135139,13,0,0,0,0,0,0.0,0,valid
816,2,15,1,13,3,0,-1,135637,8,0,0,0,0,0,0.0,0,valid
820,2,15,1,13,3,0,-1,135637,8,0,0,0,0,0,0.0,0,valid
821,4,2,8,5,0,0,-1,135011,7,0,0,0,0,0,0.0,0,valid
826,2,0,1,21,3,0,-1,132392,8,0,0,0,0,0,0.0,0,valid
827,2,4,2,21,3,0,-1,133476,8,0,0,0,0,0,0.0,0,valid
832,4,3,5,6,0,0,-1,132492,10,0,0,0,0,0,0.0,0,valid
863,2,0,1,13,3,0,-1,132399,8,0,0,0,0,0,0.0,0,valid
865,2,4,2,13,3,0,-1,133478,8,0,0,0,0,0,0.0,0,valid
866,2,10,2,17,2,0,-1,135145,13,0,0,0,0,0,0.0,0,valid
867,4,2,8,10,0,0,-1,132940,7,0,0,0,0,0,0.0,0,valid
868,2,4,2,21,3,0,-1,133488,8,0,0,0,0,0,0.0,0,valid
870,2,1,1,17,1,0,-1,132393,9,0,0,0,0,0,0.0,0,valid
871,2,0,1,13,3,0,-1,132408,8,0,0,0,0,0,0.0,0,valid
872,2,1,1,17,1,0,-1,135419,9,0,0,0,0,0,0.0,0,valid
873,2,10,2,17,2,0,-1,135150,13,0,0,0,0,0,0.0,0,valid
880,2,10,2,17,2,0,-1,135162,13,0,0,0,0,0,0.0,0,valid
885,2,0,1,21,3,0,-1,132405,8,0,0,0,0,0,0.0,0,valid
886,2,7,1,21,3,0,-1,135327,8,0,0,0,0,0,0.0,0,valid
888,4,2,8,10,0,0,-1,132947,7,0,0,0,0,0,0.0,0,valid
890,2,10,2,17,2,0,-1,135141,13,0,0,0,0,0,0.0,0,valid
892,4,1,7,10,0,0,-1,132938,7,0,0,0,0,0,0.0,0,valid
897,4,2,8,9,0,0,-1,132604,7,0,0,0,0,0,0.0,0,valid
899,2,15,1,13,3,0,-1,134298,8,0,0,0,0,0,0.0,0,valid
911,2,5,2,17,1,0,-1,133476,9,0,0,0,0,0,0.0,0,valid
920,2,4,2,21,3,0,-1,133486,8,0,0,0,0,0,0.0,0,valid
932,1,0,8,18,0,0,-1,133633,18,0,0,0,0,0,0.0,0,valid
934,2,0,1,13,3,0,-1,132405,8,0,0,0,0,0,0.0,0,valid
936,2,4,2,13,3,0,-1,133729,8,0,0,0,0,0,0.0,0,valid
937,2,10,2,17,2,0,-1,135150,13,0,0,0,0,0,0.0,0,valid
1076,4,0,5,11,0,0,-1,133344,14,0,0,0,0,0,0.0,0,valid
1121,4,2,8,8,0,0,-1,132592,7,0,0,0,0,0,0.0,0,valid
1155,2,10,2,17,2,0,-1,135143,13,0,0,0,0,0,0.0,0,valid
1156,4,0,1,11,0,0,-1,133351,14,0,0,0,0,0,0.0,0,valid
1190,4,1,7,16,0,0,-1,133760,7,0,0,0,0,0,0.0,0,valid
1203,4,6,1,14,4,0,-1,134952,9,0,0,0,0,0,0.0,0,valid
1204,4,6,1,14,4,0,-1,134952,9,0,0,0,0,0,0.0,0,valid
1207,2,4,2,13,3,0,-1,133490,8,0,0,0,0,0,0.0,0,valid
1211,4,2,8,5,0,0,-1,132719,7,0,0,0,0,0,0.0,0,valid
1214,2,4,2,21,3,0,-1,133046,8,0,0,0,0,0,0.0,0,valid
1215,4,2,8,6,0,0,-1,132498,7,0,0,0,0,0,0.0,0,valid
1218,2,5,2,17,1,0,-1,133489,9,0,0,0,0,0,0.0,0,valid
1219,2,7,1,21,3,0,-1,135314,8,0,0,0,0,0,0.0,0,valid
1220,2,1,1,17,1,0,-1,132405,9,0,0,0,0,0,0.0,0,valid
1265,2,7,1,13,3,0,-1,135302,8,0,0,0,0,0,0.0,0,valid
1287,2,15,1,13,3,0,-1,134298,8,0,0,0,0,0,0.0,0,valid
1292,2,0,1,13,3,0,-1,132417,8,0,0,0,0,0,0.0,0,valid
1296,2,4,2,21,3,0,-1,133481,8,0,0,0,0,0,0.0,0,valid
1297,4,1,7,20,0,0,-1,132658,7,0,0,0,0,0,0.0,0,valid
1299,4,1,7,6,0,0,-1,132518,7,0,0,0,0,0,0.0,0,valid
1300,2,10,2,17,2,0,-1,135469,13,0,0,0,0,0,0.0,0,valid
1314,4,2,8,10,0,0,-1,132947,7,0,0,0,0,0,0.0,0,valid
1318,2,1,1,17,1,0,-1,135424,9,0,0,0,0,0,0.0,0,valid
1355,4,1,7,16,0,0,-1,134354,7,0,0,0,0,0,0.0,0,valid
1387,2,8,1,17,1,0,-1,135277,9,0,0,0,0,0,0.0,0,valid
1391,2,10,2,17,2,0,-1,135473,13,0,0,0,0,0,0.0,0,valid
1394,2,4,2,21,3,0,-1,133485,8,0,0,0,0,0,0.0,0,valid
1404,4,0,4,12,0,0,-1,134414,24,0,0,0,0,0,0.0,0,valid
1405,2,10,2,17,2,0,-1,135143,13,0,0,0,0,0,0.0,0,valid
1406,2,6,1,17,2,0,-1,135129,9,0,0,0,0,0,0.0,0,valid
1440,2,4,2,21,3,0,-1,133048,8,0,0,0,0,0,0.0,0,valid
1446,4,3,5,8,0,0,-1,132535,10,0,0,0,0,0,0.0,0,valid
1447,4,0,1,11,0,0,-1,132516,14,0,0,0,0,0,0.0,0,valid
1448,4,3,5,10,0,0,-1,132938,10,0,0,0,0,0,0.0,0,valid
1454,2,0,1,13,3,0,-1,132415,8,0,0,0,0,0,0.0,0,valid
1455,2,1,1,17,1,0,-1,135562,9,0,0,0,0,0,0.0,0,valid
1457,2,4,2,21,3,0,-1,133476,8,0,0,0,0,0,0.0,0,valid
1458,2,5,2,17,1,0,-1,133053,9,0,0,0,0,0,0.0,0,valid
1459,2,0,1,21,3,0,-1,135421,8,0,0,0,0,0,0.0,0,valid
1460,2,8,1,17,1,0,-1,135356,9,0,0,0,0,0,0.0,0,valid
1461,2,1,1,17,1,0,-1,135424,9,0,0,0,0,0,0.0,0,valid
1465,2,15,1,13,3,0,-1,135651,8,0,0,0,0,0,0.0,0,valid
1469,2,7,1,21,3,0,-1,135325,8,0,0,0,0,0,0.0,0,valid
1473,2,10,2,17,2,0,-1,135145,13,0,0,0,0,0,0.0,0,valid
1481,2,0,1,13,3,0,-1,132404,8,0,0,0,0,0,0.0,0,valid
1482,2,7,1,21,3,0,-1,135311,8,0,0,0,0,0,0.0,0,valid
1483,2,4,2,13,3,0,-1,133045,8,0,0,0,0,0,0.0,0,valid
1484,2,10,2,17,2,0,-1,135466,13,0,0,0,0,0,0.0,0,valid
1486,4,1,7,5,0,0,-1,135006,7,0,0,0,0,0,0.0,0,valid
1489,4,2,8,5,0,0,-1,132723,7,0,0,0,0,0,0.0,0,valid
1491,4,0,1,11,1,0,-1,133356,14,0,0,0,0,0,0.0,0,valid
1493,2,7,1,21,3,0,-1,135325,8,0,0,0,0,0,0.0,0,valid
1539,2,10,2,17,2,0,-1,135154,13,0,0,0,0,0,0.0,0,valid
1560,4,1,7,8,0,0,-1,132579,7,0,0,0,0,0,0.0,0,valid
1607,2,10,2,17,2,0,-1,136163,13,0,0,0,0,0,0.0,0,valid
1608,2,4,2,13,3,0,-1,133729,8,0,0,0,0,0,0.0,0,valid
1613,2,10,2,17,2,0,-1,135140,13,0,0,0,0,0,0.0,0,valid
1625,2,8,1,17,1,0,-1,135356,9,0,0,0,0,0,0.0,0,valid
1639,2,1,1,17,1,0,-1,132395,9,0,0,0,0,0,0.0,0,valid
1640,2,1,1,17,1,0,-1,132409,9,0,0,0,0,0,0.0,0,valid
1679,2,5,2,17,1,0,-1,133476,9,0,0,0,0,0,0.0,0,valid
1713,4,0,1,12,0,0,-1,135943,14,0,0,0,0,0,0.0,0,valid
1714,4,0,3,2,0,0,-1,133297,14,0,0,0,0,0,0.0,0,valid
1715,4,3,5,5,0,0,-1,132631,10,0,0,0,0,0,0.0,0,valid
1716,4,1,7,20,0,0,-1,132658,7,0,0,0,0,0,0.0,0,valid
1717,4,3,5,5,0,0,-1,132624,10,0,0,0,0,0,0.0,0,valid
1718,4,2,8,7,0,0,-1,134586,7,0,0,0,0,0,0.0,0,valid
1720,2,10,2,17,2,0,-1,135162,13,0,0,0,0,0,0.0,0,valid
1721,2,4,2,21,3,0,-1,133046,8,0,0,0,0,0,0.0,0,valid
1722,2,5,2,17,1,0,-1,133041,9,0,0,0,0,0,0.0,0,valid
1726,2,6,1,17,2,0,-1,135125,9,0,0,0,0,0,0.0,0,valid
1917,2,15,1,13,3,0,-1,135651,8,0,0,0,0,0,0.0,0,valid
1925,2,7,1,21,3,0,-1,135340,8,0,0,0,0,0,0.0,0,valid
1926,2,4,2,21,3,0,-1,133481,8,0,0,0,0,0,0.0,0,valid
1927,2,0,1,21,3,0,-1,132402,8,0,0,0,0,0,0.0,0,valid
1928,2,10,2,17,2,0,-1,135155,13,0,0,0,0,0,0.0,0,valid
1929,4,1,7,7,0,0,-1,134582,7,0,0,0,0,0,0.0,0,valid
1930,4,1,7,16,0,0,-1,133763,7,0,0,0,0,0,0.0,0,valid
1933,2,10,2,17,2,0,-1,135150,13,0,0,0,0,0,0.0,0,valid
1934,4,2,8,7,0,0,-1,134582,7,0,0,0,0,0,0.0,0,valid
1935,2,15,1,13,3,0,-1,135660,8,0,0,0,0,0,0.0,0,valid
1936,2,15,1,13,3,0,-1,135641,8,0,0,0,0,0,0.0,0,valid
1937,2,7,1,13,3,0,-1,135325,8,0,0,0,0,0,0.0,0,valid
1938,2,4,2,21,3,0,-1,133052,8,0,0,0,0,0,0.0,0,valid
1943,4,3,5,7,0,0,-1,134583,10,0,0,0,0,0,0.0,0,valid
1944,4,2,8,10,0,0,-1,132938,7,0,0,0,0,0,0.0,0,valid
1945,4,2,8,10,0,0,-1,132955,7,0,0,0,0,0,0.0,0,valid
1951,2,7,1,13,3,0,-1,135325,8,0,0,0,0,0,0.0,0,valid
1955,4,3,5,8,0,0,-1,132535,10,0,0,0,0,0,0.0,0,valid
1958,2,4,2,21,3,0,-1,133718,8,0,0,0,0,0,0.0,0,valid
1959,2,1,1,17,1,0,-1,134707,9,0,0,0,0,0,0.0,0,valid
1965,4,2,8,10,0,0,-1,132939,7,0,0,0,0,0,0.0,0,valid
1973,4,0,3,0,0,0,-1,134334,24,0,0,0,0,0,0.0,0,valid
1974,4,1,7,9,0,0,-1,132606,7,0,0,0,0,0,0.0,0,valid
1976,2,5,2,17,1,0,-1,133053,9,0,0,0,0,0,0.0,0,valid
1978,4,2,8,10,0,0,-1,132938,7,0,0,0,0,0,0.0,0,valid
1988,4,3,5,10,0,0,-1,132956,10,0,0,0,0,0,0.0,0,valid
1990,2,5,2,17,1,0,-1,133481,9,0,0,0,0,0,0.0,0,valid
1994,2,0,1,13,3,0,-1,132407,8,0,0,0,0,0,0.0,0,valid
2011,2,7,1,21,3,0,-1,135325,8,0,0,0,0,0,0.0,0,valid
2013,2,10,2,17,2,0,-1,135163,13,0,0,0,0,0,0.0,0,valid
2014,2,8,1,17,1,0,-1,135313,9,0,0,0,0,0,0.0,0,valid
2015,2,1,1,17,1,0,-1,132408,9,0,0,0,0,0,0.0,0,valid
2017,4,2,8,9,0,0,-1,132602,7,0,0,0,0,0,0.0,0,valid
2018,2,7,1,21,3,0,-1,135317,8,0,0,0,0,0,0.0,0,valid
2020,2,15,1,13,3,0,-1,135652,8,0,0,0,0,0,0.0,0,valid
2021,4,6,1,14,4,0,-1,134321,9,0,0,0,0,0,0.0,0,valid
2034,4,1,7,20,0,0,-1,132645,7,0,0,0,0,0,0.0,0,valid
2035,2,7,1,21,3,0,-1,135321,8,0,0,0,0,0,0.0,0,valid
2039,4,0,4,11,0,0,-1,133344,14,0,0,0,0,0,0.0,0,valid
2041,4,2,8,5,0,0,-1,132722,7,0,0,0,0,0,0.0,0,valid
2042,2,10,2,17,2,0,-1,135147,13,0,0,0,0,0,0.0,0,valid
2046,2,7,1,21,3,0,-1,135662,8,0,0,0,0,0,0.0,0,valid
2058,2,5,2,17,1,0,-1,133053,9,0,0,0,0,0,0.0,0,valid
2059,4,1,7,16,0,0,-1,133756,7,0,0,0,0,0,0.0,0,valid
2069,4,2,8,5,0,0,-1,132760,7,0,0,0,0,0,0.0,0,valid
2072,2,10,2,17,2,0,-1,135141,13,0,0,0,0,0,0.0,0,valid
2073,2,0,1,21,3,0,-1,132395,8,0,0,0,0,0,0.0,0,valid
2074,2,7,1,13,3,0,-1,135324,8,0,0,0,0,0,0.0,0,valid
2075,2,4,2,21,3,0,-1,133481,8,0,0,0,0,0,0.0,0,valid
2077,2,10,2,17,2,0,-1,135468,13,0,0,0,0,0,0.0,0,valid
2078,2,7,1,13,3,0,-1,135321,8,0,0,0,0,0,0.0,0,valid
2079,2,4,2,13,3,0,-1,133048,8,0,0,0,0,0,0.0,0,valid
2080,2,0,1,13,3,0,-1,132402,8,0,0,0,0,0,0.0,0,valid
2087,4,2,8,5,0,0,-1,132760,7,0,0,0,0,0,0.0,0,valid
2088,2,15,1,13,3,0,-1,133723,8,0,0,0,0,0,0.0,0,valid
2089,2,15,1,13,3,0,-1,135637,8,0,0,0,0,0,0.0,0,valid
2098,2,3,1,26,0,0,-1,135617,8,0,0,3,0,0,0.0,0,valid
2140,2,15,1,13,3,0,-1,135637,8,0,0,0,0,0,0.0,0,valid
2166,4,3,5,7,0,0,-1,134583,10,0,0,0,0,0,0.0,0,valid
2167,4,2,8,10,0,0,-1,132955,7,0,0,0,0,0,0.0,0,valid
2168,4,1,7,8,0,0,-1,132537,7,0,0,0,0,0,0.0,0,valid
2169,2,15,1,21,3,0,-1,135641,8,0,0,0,0,0,0.0,0,valid
2175,2,1,1,17,1,0,-1,135424,9,0,0,0,0,0,0.0,0,valid
2203,2,1,1,17,1,0,-1,132417,9,0,0,0,0,0,0.0,0,valid
2204,2,8,1,17,1,0,-1,135321,9,0,0,0,0,0,0.0,0,valid
2205,2,8,1,17,1,0,-1,135351,9,0,0,0,0,0,0.0,0,valid
2226,2,10,2,17,2,0,-1,135468,13,0,0,0,0,0,0.0,0,valid
2227,2,1,1,17,1,0,-1,135562,9,0,0,0,0,0,0.0,0,valid
2232,4,1,7,8,0,0,-1,132539,7,0,0,0,0,0,0.0,0,valid
2233,4,2,8,7,0,0,-1,134592,7,0,0,0,0,0,0.0,0,valid
2234,4,1,7,5,0,0,-1,135020,7,0,0,0,0,0,0.0,0,valid
2235,2,15,1,13,3,0,-1,135651,8,0,0,0,0,0,0.0,0,valid
2241,4,1,7,16,0,0,-1,133756,7,0,0,0,0,0,0.0,0,valid
2245,4,3,5,1,0,0,-1,133073,10,0,0,0,0,0,0.0,0,valid
2254,2,5,2,17,1,0,-1,133041,9,0,0,0,0,0,0.0,0,valid
2256,2,4,2,21,3,0,-1,133729,8,0,0,0,0,0,0.0,0,valid
2265,2,0,1,21,3,0,-1,132410,8,0,0,0,0,0,0.0,0,valid
2266,2,15,1,13,3,0,-1,135644,8,0,0,0,0,0,0.0,0,valid
2267,2,4,2,21,3,0,-1,133487,8,0,0,0,0,0,0.0,0,valid
2271,2,10,2,17,2,0,-1,135168,13,0,0,0,0,0,0.0,0,valid
2274,4,3,5,10,0,0,-1,132937,10,0,0,0,0,0,0.0,0,valid
2276,4,2,8,8,0,0,-1,132543,7,0,0,0,0,0,0.0,0,valid
2277,4,1,7,7,0,0,-1,134581,7,0,0,0,0,0,0.0,0,valid
2278,4,2,8,3,0,0,-1,135049,7,0,0,0,0,0,0.0,0,valid
2280,2,10,2,17,2,0,-1,135143,13,0,0,0,0,0,0.0,0,valid
2281,2,0,1,21,3,0,-1,132410,8,0,0,0,0,0,0.0,0,valid
2283,4,1,7,6,0,0,-1,132494,7,0,0,0,0,0,0.0,0,valid
2284,4,1,7,16,0,0,-1,133762,7,0,0,0,0,0,0.0,0,valid
2292,4,1,7,20,0,0,-1,132677,7,0,0,0,0,0,0.0,0,valid
2299,2,1,1,17,1,0,-1,132393,9,0,0,0,0,0,0.0,0,valid
2549,2,10,2,17,2,0,-1,135162,13,0,0,0,0,0,0.0,0,valid
2564,4,2,8,10,0,0,-1,132941,7,0,0,0,0,0,0.0,0,valid
2565,4,0,1,23,3,0,-1,135124,8,0,0,0,0,0,0.0,0,valid
2567,2,15,1,21,3,0,-1,135651,8,0,0,0,0,0,0.0,0,valid
2622,4,1,7,1,0,0,-1,133072,7,0,0,0,0,0,0.0,0,valid
2632,2,15,1,13,3,0,-1,135637,8,0,0,0,0,0,0.0,0,valid
2721,4,1,7,1,0,0,-1,133118,7,0,0,0,0,0,0.0,0,valid
2800,4,1,7,20,0,0,-1,132689,7,0,0,0,0,0,0.0,0,valid
2801,2,8,1,17,1,0,-1,135280,9,0,0,0,0,0,0.0,0,valid
2802,4,0,5,12,0,0,-1,133434,14,0,0,0,0,0,0.0,0,valid
2807,2,0,1,21,3,0,-1,132418,8,0,0,0,0,0,0.0,0,valid
2815,2,0,1,21,3,0,-1,132417,8,0,0,0,0,0,0.0,0,valid
2816,2,4,2,21,3,0,-1,133482,8,0,0,0,0,0,0.0,0,valid
2819,2,15,1,13,3,0,-1,135641,8,0,0,0,0,0,0.0,0,valid
2821,2,4,2,21,3,0,-1,133052,8,0,0,0,0,0,0.0,0,valid
2822,2,8,1,17,1,0,-1,135355,9,0,0,0,0,0,0.0,0,valid
2823,2,1,1,17,1,0,-1,132397,9,0,0,0,0,0,0.0,0,valid
2877,2,8,1,17,1,0,-1,135324,9,0,0,0,0,0,0.0,0,valid
2878,2,0,1,21,3,0,-1,132405,8,0,0,0,0,0,0.0,0,valid
2879,4,0,1,23,3,0,-1,135466,24,0,0,0,0,0,0.0,0,valid
2899,4,2,8,6,0,0,-1,132490,7,0,0,0,0,0,0.0,0,valid
2911,4,1,7,6,0,0,-1,132493,7,0,0,0,0,0,0.0,0,valid
2912,2,15,1,13,3,0,-1,135652,8,0,0,0,0,0,0.0,0,valid
2941,2,15,1,13,3,0,-1,135654,8,0,0,0,0,0,0.0,0,valid
2942,2,13,1,13,7,0,-1,132938,8,0,0,0,0,0,0.0,0,valid
2951,4,0,3,11,0,0,-1,133354,14,0,0,0,0,0,0.0,0,valid
2955,4,1,7,1,0,0,-1,133132,7,0,0,0,0,0,0.0,0,valid
2957,4,1,7,5,0,0,-1,132647,7,0,0,0,0,0,0.0,0,valid
2958,4,1,7,7,0,0,-1,134590,7,0,0,0,0,0,0.0,0,valid
2961,4,2,8,5,0,0,-1,135013,7,0,0,0,0,0,0.0,0,valid
2962,4,2,8,7,0,0,-1,134586,7,0,0,0,0,0,0.0,0,valid
2965,4,3,5,5,0,0,-1,132624,10,0,0,0,0,0,0.0,0,valid
2966,4,3,5,7,0,0,-1,134583,10,0,0,0,0,0,0.0,0,valid
2969,4,1,7,5,0,0,-1,132647,7,0,0,0,0,0,0.0,0,valid
2970,4,1,7,7,0,0,-1,134590,7,0,0,0,0,0,0.0,0,valid
2973,4,2,8,5,0,0,-1,132760,7,0,0,0,0,0,0.0,0,valid
2974,4,2,8,7,0,0,-1,134706,7,0,0,0,0,0,0.0,0,valid
2976,4,2,8,10,0,0,-1,132939,7,0,0,0,0,0,0.0,0,valid
2977,4,3,5,5,0,0,-1,132631,10,0,0,0,0,0,0.0,0,valid
2978,4,3,5,7,0,0,-1,134589,10,0,0,0,0,0,0.0,0,valid
2980,4,3,5,10,0,0,-1,132939,10,0,0,0,0,0,0.0,0,valid
2981,4,1,7,20,0,0,-1,132649,7,0,0,0,0,0,0.0,0,valid
2982,4,1,7,7,0,0,-1,134581,7,0,0,0,0,0,0.0,0,valid
2983,4,1,7,8,0,0,-1,132539,7,0,0,0,0,0,0.0,0,valid
2984,4,1,7,10,0,0,-1,132952,7,0,0,0,0,0,0.0,0,valid
2985,4,2,8,5,0,0,-1,132724,7,0,0,0,0,0,0.0,0,valid
2986,4,2,8,7,0,0,-1,134582,7,0,0,0,0,0,0.0,0,valid
2987,4,2,8,8,0,0,-1,132539,7,0,0,0,0,0,0.0,0,valid
2988,4,2,8,10,0,0,-1,132952,7,0,0,0,0,0,0.0,0,valid
2989,4,3,5,5,0,0,-1,132628,10,0,0,0,0,0,0.0,0,valid
2990,4,3,5,7,0,0,-1,134582,10,0,0,0,0,0,0.0,0,valid
2991,4,3,5,8,0,0,-1,132588,10,0,0,0,0,0,0.0,0,valid
2992,4,3,5,10,0,0,-1,132944,10,0,0,0,0,0,0.0,0,valid
3000,4,2,8,5,0,0,-1,132724,7,0,0,0,0,0,0.0,0,valid
3011,4,2,8,1,0,0,-1,133126,7,0,0,0,0,0,0.0,0,valid
3018,4,1,7,16,0,0,-1,134367,7,0,0,0,0,0,0.0,0,valid
3019,4,1,7,20,0,0,-1,132679,7,0,0,0,0,0,0.0,0,valid
3020,4,2,8,1,0,0,-1,133117,7,0,0,0,0,0,0.0,0,valid
3021,2,2,2,15,0,0,-1,135499,12,0,0,2,0,0,0.0,0,valid
3022,4,2,8,7,0,0,-1,134582,7,0,0,0,0,0,0.0,0,valid
3036,2,2,2,15,0,0,-1,135500,12,0,0,2,0,0,0.0,0,valid
3037,2,2,2,15,0,0,-1,135500,12,0,0,2,0,0,0.0,0,valid
3039,2,2,2,15,0,0,-1,135491,12,0,0,2,0,0,0.0,0,valid
3040,2,3,1,26,0,0,-1,135610,8,0,0,3,0,0,0.0,0,valid
3042,2,3,1,26,0,0,-1,135610,8,0,0,3,0,0,0.0,0,valid
3045,4,3,5,8,0,0,-1,132588,10,0,0,0,0,0,0.0,0,valid
3047,4,3,5,10,0,0,-1,132945,10,0,0,0,0,0,0.0,0,valid
3048,4,3,5,7,0,0,-1,134583,10,0,0,0,0,0,0.0,0,valid
3049,4,3,5,5,0,0,-1,132628,10,0,0,0,0,0,0.0,0,valid
3053,4,3,5,5,0,0,-1,132624,10,0,0,0,0,0,0.0,0,valid
3055,4,2,8,5,0,0,-1,132723,7,0,0,0,0,0,0.0,0,valid
3056,4,2,8,7,0,0,-1,134587,7,0,0,0,0,0,0.0,0,valid
3057,4,2,8,8,0,0,-1,132542,7,0,0,0,0,0,0.0,0,valid
3058,4,2,8,10,0,0,-1,132955,7,0,0,0,0,0,0.0,0,valid
3065,4,1,7,8,0,0,-1,132541,7,0,0,0,0,0,0.0,0,valid
3066,4,1,7,10,0,0,-1,132957,7,0,0,0,0,0,0.0,0,valid
3067,4,1,7,7,0,0,-1,134582,7,0,0,0,0,0,0.0,0,valid
3069,4,1,7,20,0,0,-1,132667,7,0,0,0,0,0,0.0,0,valid
3072,4,1,7,20,0,0,-1,132659,7,0,0,0,0,0,0.0,0,valid
3073,4,1,7,7,0,0,-1,134586,7,0,0,0,0,0,0.0,0,valid
3074,4,1,7,10,0,0,-1,132939,7,0,0,0,0,0,0.0,0,valid
3076,4,1,7,8,0,0,-1,132543,7,0,0,0,0,0,0.0,0,valid
3078,2,2,2,15,0,0,-1,135492,12,0,0,2,0,0,0.0,0,valid
3185,2,10,2,17,2,0,-1,135147,13,0,0,0,0,0,0.0,0,valid
3186,2,7,1,21,3,0,-1,135343,8,0,0,0,0,0,0.0,0,valid
3187,2,15,1,13,3,0,-1,135639,8,0,0,0,0,0,0.0,0,valid
3188,2,8,1,17,1,0,-1,135348,9,0,0,0,0,0,0.0,0,valid
3191,2,1,1,17,1,0,-1,132397,9,0,0,0,0,0,0.0,0,valid
3192,2,8,1,17,1,0,-1,135350,9,0,0,0,0,0,0.0,0,valid
3193,2,5,2,17,1,0,-1,133052,9,0,0,0,0,0,0.0,0,valid
3194,2,5,2,17,1,0,-1,133476,9,0,0,0,0,0,0.0,0,valid
3195,2,1,1,17,1,0,-1,132401,9,0,0,0,0,0,0.0,0,valid
3196,2,8,1,17,1,0,-1,135324,9,0,0,0,0,0,0.0,0,valid
3197,2,8,1,17,1,0,-1,135357,9,0,0,0,0,0,0.0,0,valid
3198,2,5,2,17,1,0,-1,133053,9,0,0,0,0,0,0.0,0,valid
3199,2,1,1,17,1,0,-1,135424,9,0,0,0,0,0,0.0,0,valid
3201,2,1,1,17,1,0,-1,132408,9,0,0,0,0,0,0.0,0,valid
3202,4,2,8,9,0,0,-1,132605,7,0,0,0,0,0,0.0,0,valid
3203,2,5,2,17,1,0,-1,133488,9,0,0,0,0,0,0.0,0,valid
3204,4,2,8,9,0,0,-1,132605,7,0,0,0,0,0,0.0,0,valid
3205,4,2,8,9,0,0,-1,132606,7,0,0,0,0,0,0.0,0,valid
3206,2,8,1,17,1,0,-1,135321,9,0,0,0,0,0,0.0,0,valid
3208,2,5,2,17,1,0,-1,133479,9,0,0,0,0,0,0.0,0,valid
3210,2,1,1,17,1,0,-1,132408,9,0,0,0,0,0,0.0,0,valid
3211,4,3,5,9,0,0,-1,132600,10,0,0,0,0,0,0.0,0,valid
3212,4,3,5,9,0,0,-1,132600,10,0,0,0,0,0,0.0,0,valid
3223,2,4,2,21,3,0,-1,133482,8,0,0,0,0,0,0.0,0,valid
3227,2,10,2,17,2,0,-1,135149,13,0,0,0,0,0,0.0,0,valid
3228,4,3,5,9,0,0,-1,132601,10,0,0,0,0,0,0.0,0,valid
3229,4,1,7,6,0,0,-1,132496,7,0,0,0,0,0,0.0,0,valid
3230,4,2,8,9,0,0,-1,132606,7,0,0,0,0,0,0.0,0,valid
3231,4,3,5,3,0,0,-1,135038,10,0,0,0,0,0,0.0,0,valid
3282,4,3,5,7,0,0,-1,134583,10,0,0,0,0,0,0.0,0,valid
3283,4,3,5,5,0,0,-1,132719,10,0,0,0,0,0,0.0,0,valid
3287,4,2,8,7,0,0,-1,134586,7,0,0,0,0,0,0.0,0,valid
3288,4,2,8,5,0,0,-1,132657,7,0,0,0,0,0,0.0,0,valid
3291,4,1,7,7,0,0,-1,134706,7,0,0,0,0,0,0.0,0,valid
3292,4,1,7,5,0,0,-1,135011,7,0,0,0,0,0,0.0,0,valid
3302,4,3,5,8,0,0,-1,132537,10,0,0,0,0,0,0.0,0,valid
3305,4,3,5,7,0,0,-1,134583,10,0,0,0,0,0,0.0,0,valid
3306,4,3,5,5,0,0,-1,132647,10,0,0,0,0,0,0.0,0,valid
3307,4,1,7,8,0,0,-1,132539,7,0,0,0,0,0,0.0,0,valid
3308,4,1,7,10,0,0,-1,132952,7,0,0,0,0,0,0.0,0,valid
3309,4,1,7,7,0,0,-1,134706,7,0,0,0,0,0,0.0,0,valid
3310,4,1,7,5,0,0,-1,135011,7,0,0,0,0,0,0.0,0,valid
3313,4,2,8,5,0,0,-1,132719,7,0,0,0,0,0,0.0,0,valid
3314,4,2,8,10,0,0,-1,132952,7,0,0,0,0,0,0.0,0,valid
3315,4,2,8,7,0,0,-1,134706,7,0,0,0,0,0,0.0,0,valid
3324,4,1,7,3,0,0,-1,135040,7,0,0,0,0,0,0.0,0,valid
3330,4,3,5,5,0,0,-1,132624,10,0,0,0,0,0,0.0,0,valid
3334,2,5,2,17,1,0,-1,134435,9,0,0,0,0,0,0.0,0,valid
3336,2,15,1,13,3,0,-1,135646,8,0,0,0,0,0,0.0,0,valid
3392,4,2,8,1,0,0,-1,133077,7,0,0,0,0,0,0.0,0,valid
3413,2,15,1,13,3,0,-1,135330,8,0,0,0,0,0,0.0,0,valid
3414,2,4,2,21,3,0,-1,133483,8,0,0,0,0,0,0.0,0,valid
3415,2,10,2,17,2,0,-1,135169,13,0,0,0,0,0,0.0,0,valid
3416,4,3,5,5,0,0,-1,132624,10,0,0,0,0,0,0.0,0,valid
3417,2,8,1,17,1,0,-1,135311,9,0,0,0,0,0,0.0,0,valid
3429,4,2,8,6,0,0,-1,132493,7,0,0,0,0,0,0.0,0,valid
3430,2,3,1,26,0,0,-1,135614,8,0,0,3,0,0,0.0,0,valid
3563,4,1,7,7,0,0,-1,134582,7,0,0,0,0,0,0.0,0,valid
3569,4,1,7,20,0,0,-1,132683,7,0,0,0,0,0,0.0,0,valid
3571,2,5,2,17,1,0,-1,133052,9,0,0,0,0,0,0.0,0,valid
3645,4,1,7,9,0,0,-1,132606,7,0,0,0,0,0,0.0,0,valid
3647,4,1,7,9,0,0,-1,132601,7,0,0,0,0,0,0.0,0,valid
3651,4,6,1,14,4,0,-1,134955,9,0,0,0,0,0,0.0,0,valid
3652,4,6,1,14,4,0,-1,134955,9,0,0,0,0,0,0.0,0,valid
3653,4,6,1,14,4,0,-1,134955,9,0,0,0,0,0,0.0,0,valid
3654,4,6,1,14,4,0,-1,134955,9,0,0,0,0,0,0.0,0,valid
3655,4,6,1,14,4,0,-1,134949,9,0,0,0,0,0,0.0,0,valid
3656,4,6,1,14,4,0,-1,134949,9,0,0,0,0,0,0.0,0,valid
3740,2,7,1,21,3,0,-1,135662,8,0,0,0,0,0,0.0,0,valid
3748,4,1,7,3,0,0,-1,135036,7,0,0,0,0,0,0.0,0,valid
3902,2,10,2,17,2,0,-1,135466,13,0,0,0,0,0,0.0,0,valid
3985,4,1,7,6,0,0,-1,133694,7,0,0,0,0,0,0.0,0,valid
4035,4,1,7,20,0,0,-1,132673,7,0,0,0,0,0,0.0,0,valid
4036,4,1,7,9,0,0,-1,132606,7,0,0,0,0,0,0.0,0,valid
4037,4,1,7,7,0,0,-1,134588,7,0,0,0,0,0,0.0,0,valid
4038,4,1,7,20,0,0,-1,132669,7,0,0,0,0,0,0.0,0,valid
4039,4,1,7,1,0,0,-1,133132,7,0,0,0,0,0,0.0,0,valid
4040,4,1,7,10,0,0,-1,132955,7,0,0,0,0,0,0.0,0,valid
4041,4,1,7,1,0,0,-1,133135,7,0,0,0,0,0,0.0,0,valid
4042,4,1,7,10,0,0,-1,132961,7,0,0,0,0,0,0.0,0,valid
4043,4,1,7,9,0,0,-1,132606,7,0,0,0,0,0,0.0,0,valid
4044,4,1,7,7,0,0,-1,134581,7,0,0,0,0,0,0.0,0,valid
4045,4,1,7,9,0,0,-1,132608,7,0,0,0,0,0,0.0,0,valid
4046,4,1,7,7,0,0,-1,134593,7,0,0,0,0,0,0.0,0,valid
4047,4,1,7,8,0,0,-1,132543,7,0,0,0,0,0,0.0,0,valid
4048,4,2,8,1,0,0,-1,133117,7,0,0,0,0,0,0.0,0,valid
4049,4,2,8,9,0,0,-1,132612,7,0,0,0,0,0,0.0,0,valid
4050,4,2,8,7,0,0,-1,134586,7,0,0,0,0,0,0.0,0,valid
4051,4,2,8,8,0,0,-1,132543,7,0,0,0,0,0,0.0,0,valid
4052,4,2,8,1,0,0,-1,133117,7,0,0,0,0,0,0.0,0,valid
4054,4,2,8,7,0,0,-1,134589,7,0,0,0,0,0,0.0,0,valid
4055,4,2,8,8,0,0,-1,132541,7,0,0,0,0,0,0.0,0,valid
4057,4,2,8,5,0,0,-1,132721,7,0,0,0,0,0,0.0,0,valid
4058,4,2,8,5,0,0,-1,132722,7,0,0,0,0,0,0.0,0,valid
4059,4,2,8,9,0,0,-1,132608,7,0,0,0,0,0,0.0,0,valid
4060,4,2,8,7,0,0,-1,134593,7,0,0,0,0,0,0.0,0,valid
4061,4,2,8,9,0,0,-1,132602,7,0,0,0,0,0,0.0,0,valid
4062,4,2,8,7,0,0,-1,134587,7,0,0,0,0,0,0.0,0,valid
4063,4,2,8,10,0,0,-1,132959,7,0,0,0,0,0,0.0,0,valid
4064,4,6,1,14,4,0,-1,134955,9,0,0,0,0,0,0.0,0,valid
4065,4,6,1,14,4,0,-1,134951,9,0,0,0,0,0,0.0,0,valid
4066,4,6,1,14,4,0,-1,134956,9,0,0,0,0,0,0.0,0,valid
4067,4,6,1,14,4,0,-1,134956,9,0,0,0,0,0,0.0,0,valid
4068,4,6,1,14,4,0,-1,134952,9,0,0,0,0,0,0.0,0,valid
4069,4,6,1,14,4,0,-1,134956,9,0,0,0,0,0,0.0,0,valid
4070,4,6,1,14,4,0,-1,134948,9,0,0,0,0,0,0.0,0,valid
4071,4,3,5,5,0,0,-1,132751,10,0,0,0,0,0,0.0,0,valid
4072,4,3,5,10,0,0,-1,132937,10,0,0,0,0,0,0.0,0,valid
4073,4,3,5,8,0,0,-1,132584,10,0,0,0,0,0,0.0,0,valid
4074,4,3,5,5,0,0,-1,132635,10,0,0,0,0,0,0.0,0,valid
4075,4,3,5,10,0,0,-1,132959,10,0,0,0,0,0,0.0,0,valid
4076,4,3,5,8,0,0,-1,132541,10,0,0,0,0,0,0.0,0,valid
4077,4,3,5,1,0,0,-1,132768,10,0,0,0,0,0,0.0,0,valid
4078,4,3,5,1,0,0,-1,133131,10,0,0,0,0,0,0.0,0,valid
4079,4,3,5,7,0,0,-1,134583,10,0,0,0,0,0,0.0,0,valid
4080,4,3,5,1,0,0,-1,133118,10,0,0,0,0,0,0.0,0,valid
4082,4,3,5,5,0,0,-1,132634,10,0,0,0,0,0,0.0,0,valid
4083,4,3,5,10,0,0,-1,132966,10,0,0,0,0,0,0.0,0,valid
4084,4,3,5,7,0,0,-1,134583,10,0,0,0,0,0,0.0,0,valid
4087,2,2,2,15,0,0,-1,135498,12,0,0,2,0,0,0.0,0,valid
4088,2,15,1,13,3,0,-1,135351,8,0,0,0,0,0,0.0,0,valid
4089,2,3,1,26,0,0,-1,135612,8,0,0,3,0,0,0.0,0,valid
4090,2,4,2,13,7,0,-1,132790,8,0,0,0,0,0,0.0,0,valid
4091,2,15,1,13,3,0,-1,135639,8,0,0,0,0,0,0.0,0,valid
4290,4,6,1,14,4,0,-1,134955,9,0,0,0,0,0,0.0,0,valid
4303,2,4,2,21,3,0,-1,133054,8,0,0,0,0,0,0.0,0,valid
4434,4,1,7,7,0,0,-1,134582,7,0,0,0,0,0,0.0,0,valid
4436,4,1,7,6,0,0,-1,132493,7,0,0,0,0,0,0.0,0,valid
4437,2,10,2,17,2,0,-1,135151,13,0,0,0,0,0,0.0,0,valid
4439,2,4,2,21,3,0,-1,133485,8,0,0,0,0,0,0.0,0,valid
4444,4,6,1,14,4,0,-1,134321,9,0,0,0,0,0,0.0,0,valid
4445,2,0,1,21,3,0,-1,132407,8,0,0,0,0,0,0.0,0,valid
4446,2,15,1,13,3,0,-1,135638,8,0,0,0,0,0,0.0,0,valid
4447,4,1,7,16,0,0,-1,133756,7,0,0,0,0,0,0.0,0,valid
4448,4,3,5,5,0,0,-1,134321,10,0,0,0,0,0,0.0,0,valid
4449,2,15,1,13,3,0,-1,134298,8,0,0,0,0,0,0.0,0,valid
4454,2,15,1,13,3,0,-1,135652,8,0,0,0,0,0,0.0,0,valid
4462,4,1,7,16,0,0,-1,133754,7,0,0,0,0,0,0.0,0,valid
4463,4,1,7,6,0,0,-1,132500,7,0,0,0,0,0,0.0,0,valid
4464,4,3,5,8,0,0,-1,132535,10,0,0,0,0,0,0.0,0,valid
4465,4,3,5,10,0,0,-1,132943,10,0,0,0,0,0,0.0,0,valid
4474,2,2,2,15,0,0,-1,135498,12,0,0,2,0,0,0.0,0,valid
4477,4,6,1,14,4,0,-1,134948,9,0,0,0,0,0,0.0,0,valid
4534,4,3,5,9,0,0,-1,132605,10,0,0,0,0,0,0.0,0,valid
4561,2,0,1,21,3,0,-1,132410,8,0,0,0,0,0,0.0,0,valid
4562,2,1,1,17,1,0,-1,135420,9,0,0,0,0,0,0.0,0,valid
4564,2,5,2,17,1,0,-1,133489,9,0,0,0,0,0,0.0,0,valid
4566,2,10,2,17,2,0,-1,135145,13,0,0,0,0,0,0.0,0,valid
4567,2,8,1,17,1,0,-1,135274,9,0,0,0,0,0,0.0,0,valid
4569,2,4,2,21,3,0,-1,133045,8,0,0,0,0,0,0.0,0,valid
4570,2,5,2,17,1,0,-1,133052,9,0,0,0,0,0,0.0,0,valid
4571,2,15,1,13,3,0,-1,135651,8,0,0,0,0,0,0.0,0,valid
4575,2,10,2,17,2,0,-1,135168,13,0,0,0,0,0,0.0,0,valid
4576,2,2,2,15,0,0,-1,135495,12,0,0,2,0,0,0.0,0,valid
4577,2,3,1,26,0,0,-1,135612,8,0,0,3,0,0,0.0,0,valid
4660,4,1,7,8,0,0,-1,132540,7,0,0,0,0,0,0.0,0,valid
4661,4,1,7,3,0,0,-1,135040,7,0,0,0,0,0,0.0,0,valid
4676,4,3,5,10,0,0,-1,132937,10,0,0,0,0,0,0.0,0,valid
4695,4,1,7,16,0,0,-1,133758,7,0,0,0,0,0,0.0,0,valid
4696,4,0,3,23,3,0,-1,132790,17,0,0,0,0,0,0.0,0,valid
4697,4,3,5,6,0,0,-1,132523,10,0,0,0,0,0,0.0,0,valid
4699,4,1,7,6,0,0,-1,132511,7,0,0,0,0,0,0.0,0,valid
4701,4,1,7,16,0,0,-1,133763,7,0,0,0,0,0,0.0,0,valid
4705,4,3,5,3,0,0,-1,135039,10,0,0,0,0,0,0.0,0,valid
4706,4,1,7,16,0,0,-1,133758,7,0,0,0,0,0,0.0,0,valid
4707,4,3,5,6,0,0,-1,132493,10,0,0,0,0,0,0.0,0,valid
4708,4,1,7,6,0,0,-1,132500,7,0,0,0,0,0,0.0,0,valid
4709,4,2,8,3,0,0,-1,135039,7,0,0,0,0,0,0.0,0,valid
4710,4,1,7,16,0,0,-1,133761,7,0,0,0,0,0,0.0,0,valid
4711,4,1,7,16,0,0,-1,133762,7,0,0,0,0,0,0.0,0,valid
4712,4,3,5,6,0,0,-1,132521,10,0,0,0,0,0,0.0,0,valid
4713,4,1,7,16,0,0,-1,133754,7,0,0,0,0,0,0.0,0,valid
4714,4,1,7,6,0,0,-1,132492,7,0,0,0,0,0,0.0,0,valid
4715,4,1,7,16,0,0,-1,133760,7,0,0,0,0,0,0.0,0,valid
4716,4,1,7,16,0,0,-1,133766,7,0,0,0,0,0,0.0,0,valid
4717,4,3,5,6,0,0,-1,132498,10,0,0,0,0,0,0.0,0,valid
4718,4,1,7,3,0,0,-1,135036,7,0,0,0,0,0,0.0,0,valid
4719,4,1,7,16,0,0,-1,132682,7,0,0,0,0,0,0.0,0,valid
4720,4,1,7,6,0,0,-1,132492,7,0,0,0,0,0,0.0,0,valid
4721,4,2,8,3,0,0,-1,135038,7,0,0,0,0,0,0.0,0,valid
4722,4,1,7,16,0,0,-1,133767,7,0,0,0,0,0,0.0,0,valid
4723,4,1,7,7,0,0,-1,134582,7,0,0,0,0,0,0.0,0,valid
4724,4,2,8,1,0,0,-1,133122,7,0,0,0,0,0,0.0,0,valid
4725,4,3,5,3,0,0,-1,135045,10,0,0,0,0,0,0.0,0,valid
4726,4,1,7,16,0,0,-1,133754,7,0,0,0,0,0,0.0,0,valid
4727,4,3,5,6,0,0,-1,132505,10,0,0,0,0,0,0.0,0,valid
4729,4,1,7,3,0,0,-1,135033,7,0,0,0,0,0,0.0,0,valid
4731,4,2,8,3,0,0,-1,135056,7,0,0,0,0,0,0.0,0,valid
4732,4,1,7,16,0,0,-1,132655,7,0,0,0,0,0,0.0,0,valid
4733,4,3,5,3,0,0,-1,135040,10,0,0,0,0,0,0.0,0,valid
4734,4,1,7,3,0,0,-1,135033,7,0,0,0,0,0,0.0,0,valid
4735,4,1,7,16,0,0,-1,133765,7,0,0,0,0,0,0.0,0,valid
4736,4,1,7,6,0,0,-1,132493,7,0,0,0,0,0,0.0,0,valid
4737,4,2,8,3,0,0,-1,135036,7,0,0,0,0,0,0.0,0,valid
4738,4,2,8,6,0,0,-1,132501,7,0,0,0,0,0,0.0,0,valid
4767,4,1,7,10,0,0,-1,132939,7,0,0,0,0,0,0.0,0,valid
4768,4,1,7,10,0,0,-1,132939,7,0,0,0,0,0,0.0,0,valid
4771,4,1,7,16,0,0,-1,133762,7,0,0,0,0,0,0.0,0,valid
4772,4,1,7,16,0,0,-1,133764,7,0,0,0,0,0,0.0,0,valid
4785,4,1,7,6,0,0,-1,132491,7,0,0,0,0,0,0.0,0,valid
4861,4,2,8,5,0,0,-1,132715,7,0,0,0,0,0,0.0,0,valid
4949,2,0,1,21,3,0,-1,132414,8,0,0,0,0,0,0.0,0,valid
4998,4,0,5,11,0,0,-1,133346,14,0,0,0,0,0,0.0,0,valid
4999,4,0,5,11,0,0,-1,132518,14,0,0,0,0,0,0.0,0,valid
5001,4,0,5,11,0,0,-1,133346,14,0,0,0,0,0,0.0,0,valid
5002,4,0,3,2,0,0,-1,133288,14,0,0,0,0,0,0.0,0,valid
5003,4,0,3,2,0,0,-1,133289,14,0,0,0,0,0,0.0,0,valid
5007,4,0,3,11,0,0,-1,134412,14,0,0,0,0,0,0.0,0,valid
5009,4,0,3,11,0,0,-1,133357,14,0,0,0,0,0,0.0,0,valid
5011,4,0,3,11,0,0,-1,133354,14,0,0,0,0,0,0.0,0,valid
5069,2,19,2,26,0,0,-1,135139,21,0,0,0,0,0,0.0,0,valid
5071,2,19,2,26,0,0,-1,135645,21,0,0,0,0,0,0.0,0,valid
5111,4,1,7,16,0,0,-1,133150,7,0,0,0,0,0,0.0,0,valid
5112,2,15,1,13,3,0,-1,135638,8,0,0,0,0,0,0.0,0,valid
5181,4,1,7,16,0,0,-1,133754,7,0,0,0,0,0,0.0,0,valid
5182,2,8,1,17,1,0,-1,135327,9,0,0,0,0,0,0.0,0,valid
5183,4,0,3,23,3,0,-1,134336,21,0,0,0,0,0,0.0,0,valid
5187,2,5,2,17,1,0,-1,133046,9,0,0,0,0,0,0.0,0,valid
5191,2,7,1,13,3,0,-1,135325,8,0,0,0,0,0,0.0,0,valid
5192,2,7,1,13,3,0,-1,135325,8,0,0,0,0,0,0.0,0,valid
5193,4,1,7,16,0,0,-1,133760,7,0,0,0,0,0,0.0,0,valid
5194,2,1,1,17,1,0,-1,135424,9,0,0,0,0,0,0.0,0,valid
5195,4,1,7,10,0,0,-1,132957,7,0,0,0,0,0,0.0,0,valid
5196,2,0,1,13,3,0,-1,132416,8,0,0,0,0,0,0.0,0,valid
5197,2,4,2,13,3,0,-1,132906,8,0,0,0,0,0,0.0,0,valid
5198,2,19,2,26,0,0,-1,135139,21,0,0,0,0,0,0.0,0,valid
5199,4,2,8,7,0,0,-1,134582,7,0,0,0,0,0,0.0,0,valid
5200,2,6,1,17,2,0,-1,135130,9,0,0,0,0,0,0.0,0,valid
5201,2,10,2,17,2,0,-1,135150,13,0,0,0,0,0,0.0,0,valid
5202,4,1,7,5,0,0,-1,135012,7,0,0,0,0,0,0.0,0,valid
5207,2,19,2,26,0,0,-1,135469,21,0,0,0,0,0,0.0,0,valid
5212,2,19,2,26,0,0,-1,135139,21,0,0,0,0,0,0.0,0,valid
5213,2,19,2,26,0,0,-1,135468,21,0,0,0,0,0,0.0,0,valid
5214,2,19,2,26,0,0,-1,135463,21,0,0,0,0,0,0.0,0,valid
5215,2,19,2,26,0,0,-1,135473,21,0,0,0,0,0,0.0,0,valid
5216,2,19,2,26,0,0,-1,135468,21,0,0,0,0,0,0.0,0,valid
5243,2,19,2,26,0,0,-1,135473,21,0,0,0,0,0,0.0,0,valid
5254,4,2,8,3,0,0,-1,135039,7,0,0,0,0,0,0.0,0,valid
5256,2,4,2,13,3,0,-1,133491,8,0,0,0,0,0,0.0,0,valid
5266,4,0,5,11,0,0,-1,133347,14,0,0,0,0,0,0.0,0,valid
5267,2,15,1,13,3,0,-1,135639,8,0,0,0,0,0,0.0,0,valid
5387,4,1,7,16,0,0,-1,133762,7,0,0,0,0,0,0.0,0,valid
5404,4,2,8,3,0,0,-1,135039,7,0,0,0,0,0,0.0,0,valid
5422,4,2,8,7,0,0,-1,134582,7,0,0,0,0,0,0.0,0,valid
5423,2,1,1,17,1,0,-1,132408,9,0,0,0,0,0,0.0,0,valid
5425,4,3,5,6,0,0,-1,132492,10,0,0,0,0,0,0.0,0,valid
5426,2,0,1,13,3,0,-1,132417,8,0,0,0,0,0,0.0,0,valid
5443,4,6,1,14,4,0,-1,134948,9,0,0,0,0,0,0.0,0,valid
5444,4,1,7,16,0,0,-1,133763,7,0,0,0,0,0,0.0,0,valid
5744,2,7,1,21,3,0,-1,135325,8,0,0,0,0,0,0.0,0,valid
5749,2,1,1,17,1,0,-1,132397,9,0,0,0,0,0,0.0,0,valid
5750,4,3,5,6,0,0,-1,132492,10,0,0,0,0,0,0.0,0,valid
5751,4,1,7,16,0,0,-1,133762,7,0,0,0,0,0,0.0,0,valid
5752,2,15,1,13,3,0,-1,135652,8,0,0,0,0,0,0.0,0,valid
5943,4,3,5,9,0,0,-1,132602,10,0,0,0,0,0,0.0,0,valid
5967,4,1,7,6,0,0,-1,132499,7,0,0,0,0,0,0.0,0,valid
5969,4,1,7,16,0,0,-1,133766,7,0,0,0,0,0,0.0,0,valid
5970,4,1,7,10,0,0,-1,132953,7,0,0,0,0,0,0.0,0,valid
5971,4,1,7,16,0,0,-1,133756,7,0,0,0,0,0,0.0,0,valid
5975,4,2,8,6,0,0,-1,132492,7,0,0,0,0,0,0.0,0,valid
6087,4,3,5,7,0,0,-1,134583,10,0,0,0,0,0,0.0,0,valid
6094,2,1,1,17,1,0,-1,135419,9,0,0,0,0,0,0.0,0,valid
6179,4,1,7,16,0,0,-1,133754,7,0,0,0,0,0,0.0,0,valid
6180,4,3,5,5,0,0,-1,132634,10,0,0,0,0,0,0.0,0,valid
6195,4,3,5,5,0,0,-1,132624,10,0,0,0,0,0,0.0,0,valid
6197,4,2,8,5,0,0,-1,132760,7,0,0,0,0,0,0.0,0,valid
6198,4,2,8,9,0,0,-1,132600,7,0,0,0,0,0,0.0,0,valid
6199,4,0,5,11,0,0,-1,134321,14,0,0,0,0,0,0.0,0,valid
6200,4,3,5,6,0,0,-1,132498,10,0,0,0,0,0,0.0,0,valid
6204,4,2,8,1,0,0,-1,133119,7,0,0,0,0,0,0.0,0,valid
6205,2,5,2,17,1,0,-1,134435,9,0,0,0,0,0,0.0,0,valid
6220,2,15,1,13,3,0,-1,135661,8,0,0,0,0,0,0.0,0,valid
6226,4,1,7,20,0,0,-1,132665,7,0,0,0,0,0,0.0,0,valid
6266,4,1,7,5,0,0,-1,135009,7,0,0,0,0,0,0.0,0,valid
6267,4,1,7,7,0,0,-1,134586,7,0,0,0,0,0,0.0,0,valid
6268,4,2,8,5,0,0,-1,135010,7,0,0,0,0,0,0.0,0,valid
6269,4,2,8,7,0,0,-1,134585,7,0,0,0,0,0,0.0,0,valid
6314,4,1,7,16,0,0,-1,133762,7,0,0,0,0,0,0.0,0,valid
6315,2,18,2,26,0,0,-1,135530,12,0,0,2,0,0,0.0,0,valid
6318,2,10,2,17,2,0,-1,135164,13,0,0,0,0,0,0.0,0,valid
6319,4,2,8,6,0,0,-1,132492,7,0,0,0,0,0,0.0,0,valid
6320,4,6,1,14,4,0,-1,134949,9,0,0,0,0,0,0.0,0,valid
6321,4,0,5,11,0,0,-1,132518,14,0,0,0,0,0,0.0,0,valid
6323,2,4,2,21,3,0,-1,133477,8,0,0,0,0,0,0.0,0,valid
6324,4,1,7,20,0,0,-1,132672,7,0,0,0,0,0,0.0,0,valid
6332,4,0,4,11,0,0,-1,133347,14,0,0,0,0,0,0.0,0,valid
6333,2,15,1,13,3,0,-1,135646,8,0,0,0,0,0,0.0,0,valid
6335,4,2,8,8,0,0,-1,132537,7,0,0,0,0,0,0.0,0,valid
6336,4,3,5,5,0,0,-1,132624,10,0,0,0,0,0,0.0,0,valid
6337,4,3,5,7,0,0,-1,134583,10,0,0,0,0,0,0.0,0,valid
6340,4,1,7,16,0,0,-1,134367,7,0,0,0,0,0,0.0,0,valid
6341,4,0,4,23,3,0,-1,134249,8,0,0,0,0,0,0.0,0,valid
6378,4,1,7,16,0,0,-1,133757,7,0,0,0,0,0,0.0,0,valid
6379,4,2,8,6,0,0,-1,132515,7,0,0,0,0,0,0.0,0,valid
6380,4,6,1,14,4,0,-1,134955,9,0,0,0,0,0,0.0,0,valid
6381,4,1,7,16,0,0,-1,133762,7,0,0,0,0,0,0.0,0,valid
6382,4,2,8,6,0,0,-1,132492,7,0,0,0,0,0,0.0,0,valid
6383,4,6,1,14,4,0,-1,134955,9,0,0,0,0,0,0.0,0,valid
6386,4,3,5,7,0,0,-1,134586,10,0,0,0,0,0,0.0,0,valid
6387,4,3,5,9,0,0,-1,132618,10,0,0,0,0,0,0.0,0,valid
6388,4,3,5,3,0,0,-1,135051,10,0,0,0,0,0,0.0,0,valid
6389,4,3,5,1,0,0,-1,133141,10,0,0,0,0,0,0.0,0,valid
6392,4,1,7,6,0,0,-1,132499,7,0,0,0,0,0,0.0,0,valid
6393,4,1,7,10,0,0,-1,132961,7,0,0,0,0,0,0.0,0,valid
6394,4,1,7,8,0,0,-1,132539,7,0,0,0,0,0,0.0,0,valid
6395,4,1,7,3,0,0,-1,135036,7,0,0,0,0,0,0.0,0,valid
6396,4,2,8,5,0,0,-1,132723,7,0,0,0,0,0,0.0,0,valid
6397,4,2,8,10,0,0,-1,132958,7,0,0,0,0,0,0.0,0,valid
6398,4,2,8,6,0,0,-1,132500,7,0,0,0,0,0,0.0,0,valid
6399,4,2,8,3,0,0,-1,135039,7,0,0,0,0,0,0.0,0,valid
6400,4,6,1,14,4,0,-1,134951,9,0,0,0,0,0,0.0,0,valid
6402,4,3,5,7,0,0,-1,134589,10,0,0,0,0,0,0.0,0,valid
6403,4,3,5,9,0,0,-1,132603,10,0,0,0,0,0,0.0,0,valid
6404,4,3,5,3,0,0,-1,135038,10,0,0,0,0,0,0.0,0,valid
6405,4,1,7,7,0,0,-1,134588,7,0,0,0,0,0,0.0,0,valid
6406,4,1,7,8,0,0,-1,132539,7,0,0,0,0,0,0.0,0,valid
6407,4,1,7,9,0,0,-1,132606,7,0,0,0,0,0,0.0,0,valid
6408,4,2,8,10,0,0,-1,132955,7,0,0,0,0,0,0.0,0,valid
6409,4,2,8,6,0,0,-1,132498,7,0,0,0,0,0,0.0,0,valid
6410,4,2,8,9,0,0,-1,132603,7,0,0,0,0,0,0.0,0,valid
6411,4,3,5,5,0,0,-1,132743,10,0,0,0,0,0,0.0,0,valid
6412,4,3,5,8,0,0,-1,132539,10,0,0,0,0,0,0.0,0,valid
6413,4,3,5,9,0,0,-1,132617,10,0,0,0,0,0,0.0,0,valid
6414,4,0,1,11,0,0,-1,133357,14,0,0,0,0,0,0.0,0,valid
6415,4,1,7,20,0,0,-1,132673,7,0,0,0,0,0,0.0,0,valid
6416,4,1,7,8,0,0,-1,132539,7,0,0,0,0,0,0.0,0,valid
6417,4,1,7,16,0,0,-1,133756,7,0,0,0,0,0,0.0,0,valid
6418,4,1,7,6,0,0,-1,132495,7,0,0,0,0,0,0.0,0,valid
6419,4,2,8,10,0,0,-1,132948,7,0,0,0,0,0,0.0,0,valid
6420,4,2,8,8,0,0,-1,132542,7,0,0,0,0,0,0.0,0,valid
6421,4,2,8,6,0,0,-1,132504,7,0,0,0,0,0,0.0,0,valid
6422,4,2,8,1,0,0,-1,133111,7,0,0,0,0,0,0.0,0,valid
6423,4,3,5,8,0,0,-1,132539,10,0,0,0,0,0,0.0,0,valid
6424,4,1,7,16,0,0,-1,133772,7,0,0,0,0,0,0.0,0,valid
6425,4,3,5,6,0,0,-1,132515,10,0,0,0,0,0,0.0,0,valid
6426,4,3,5,9,0,0,-1,132606,10,0,0,0,0,0,0.0,0,valid
6427,4,1,7,20,0,0,-1,132644,7,0,0,0,0,0,0.0,0,valid
6428,4,1,7,10,0,0,-1,132957,7,0,0,0,0,0,0.0,0,valid
6429,4,1,7,1,0,0,-1,133090,7,0,0,0,0,0,0.0,0,valid
6430,4,2,8,5,0,0,-1,132722,7,0,0,0,0,0,0.0,0,valid
6431,4,2,8,8,0,0,-1,132535,7,0,0,0,0,0,0.0,0,valid
6432,4,1,7,16,0,0,-1,133770,7,0,0,0,0,0,0.0,0,valid
6433,4,2,8,1,0,0,-1,133118,7,0,0,0,0,0,0.0,0,valid
6446,1,0,8,18,0,0,-1,133645,18,0,0,0,0,0,0.0,0,valid
6447,4,6,1,14,4,0,-1,134967,9,0,0,0,0,0,0.0,0,valid
6448,2,15,1,13,3,0,-1,135646,8,0,0,0,0,0,0.0,0,valid
6449,4,1,7,16,0,0,-1,132656,7,0,0,0,0,0,0.0,0,valid
6459,4,3,5,8,0,0,-1,132535,10,0,0,0,0,0,0.0,0,valid
6460,4,3,5,6,0,0,-1,132492,10,0,0,0,0,0,0.0,0,valid
6461,4,1,7,3,0,0,-1,135036,7,0,0,0,0,0,0.0,0,valid
6463,4,0,5,11,0,0,-1,133357,14,0,0,0,0,0,0.0,0,valid
6465,4,1,7,20,0,0,-1,132677,7,0,0,0,0,0,0.0,0,valid
6469,2,2,2,15,0,0,-1,135498,12,0,0,2,0,0,0.0,0,valid
6472,2,4,2,13,3,0,-1,135472,8,0,0,0,0,0,0.0,0,valid
6473,4,2,8,5,0,0,-1,135020,7,0,0,0,0,0,0.0,0,valid
6480,4,2,8,7,0,0,-1,134582,7,0,0,0,0,0,0.0,0,valid
6481,4,3,5,10,0,0,-1,132939,10,0,0,0,0,0,0.0,0,valid
6504,2,7,1,21,3,0,-1,135314,8,0,0,0,0,0,0.0,0,valid
6505,2,10,2,17,2,0,-1,135141,13,0,0,0,0,0,0.0,0,valid
6511,4,1,7,20,0,0,-1,135012,7,0,0,0,0,0,0.0,0,valid
6512,4,1,7,20,0,0,-1,132663,7,0,0,0,0,0,0.0,0,valid
6527,4,1,7,20,0,0,-1,132654,7,0,0,0,0,0,0.0,0,valid
6528,4,1,7,20,0,0,-1,132663,7,0,0,0,0,0,0.0,0,valid
6531,4,1,7,20,0,0,-1,132655,7,0,0,0,0,0,0.0,0,valid
6536,4,1,7,5,0,0,-1,135024,7,0,0,0,0,0,0.0,0,valid
6537,4,1,7,8,0,0,-1,132537,7,0,0,0,0,0,0.0,0,valid
6538,4,1,7,20,0,0,-1,132656,7,0,0,0,0,0,0.0,0,valid
6539,4,1,7,6,0,0,-1,132494,7,0,0,0,0,0,0.0,0,valid
6540,4,1,7,7,0,0,-1,134590,7,0,0,0,0,0,0.0,0,valid
6541,4,1,7,10,0,0,-1,132957,7,0,0,0,0,0,0.0,0,valid
6542,4,1,7,16,0,0,-1,133769,7,0,0,0,0,0,0.0,0,valid
6543,4,1,7,9,0,0,-1,132611,7,0,0,0,0,0,0.0,0,valid
6545,4,3,5,5,0,0,-1,132638,10,0,0,0,0,0,0.0,0,valid
6546,4,3,5,7,0,0,-1,134590,10,0,0,0,0,0,0.0,0,valid
6547,4,3,5,10,0,0,-1,132946,10,0,0,0,0,0,0.0,0,valid
6548,4,3,5,6,0,0,-1,132514,10,0,0,0,0,0,0.0,0,valid
6550,4,3,5,9,0,0,-1,132611,10,0,0,0,0,0,0.0,0,valid
6551,4,3,5,8,0,0,-1,132535,10,0,0,0,0,0,0.0,0,valid
6552,4,2,8,5,0,0,-1,135015,7,0,0,0,0,0,0.0,0,valid
6553,4,2,8,7,0,0,-1,134586,7,0,0,0,0,0,0.0,0,valid
6554,4,2,8,10,0,0,-1,132949,7,0,0,0,0,0,0.0,0,valid
6556,4,2,8,9,0,0,-1,132604,7,0,0,0,0,0,0.0,0,valid
6557,4,2,8,8,0,0,-1,132539,7,0,0,0,0,0,0.0,0,valid
6558,4,2,8,6,0,0,-1,132492,7,0,0,0,0,0,0.0,0,valid
6559,4,6,1,14,4,0,-1,134955,9,0,0,0,0,0,0.0,0,valid
6560,4,6,1,14,4,0,-1,134956,9,0,0,0,0,0,0.0,0,valid
6561,4,1,7,5,0,0,-1,135006,7,0,0,0,0,0,0.0,0,valid
6562,4,1,7,8,0,0,-1,132539,7,0,0,0,0,0,0.0,0,valid
6563,4,1,7,9,0,0,-1,132611,7,0,0,0,0,0,0.0,0,valid
6564,4,1,7,16,0,0,-1,133767,7,0,0,0,0,0,0.0,0,valid
6565,4,1,7,10,0,0,-1,132950,7,0,0,0,0,0,0.0,0,valid
6567,4,1,7,5,0,0,-1,135012,7,0,0,0,0,0,0.0,0,valid
6568,4,1,7,7,0,0,-1,134581,7,0,0,0,0,0,0.0,0,valid
6569,4,1,7,20,0,0,-1,132683,7,0,0,0,0,0,0.0,0,valid
6570,4,1,7,6,0,0,-1,132514,7,0,0,0,0,0,0.0,0,valid
6571,4,6,1,14,4,0,-1,134948,9,0,0,0,0,0,0.0,0,valid
6572,4,6,1,14,4,0,-1,134952,9,0,0,0,0,0,0.0,0,valid
6573,4,3,5,8,0,0,-1,132582,10,0,0,0,0,0,0.0,0,valid
6574,4,3,5,9,0,0,-1,132613,10,0,0,0,0,0,0.0,0,valid
6575,4,1,7,16,0,0,-1,133757,7,0,0,0,0,0,0.0,0,valid
6576,4,3,5,6,0,0,-1,132511,10,0,0,0,0,0,0.0,0,valid
6577,4,3,5,10,0,0,-1,132945,10,0,0,0,0,0,0.0,0,valid
6578,4,3,5,7,0,0,-1,134583,10,0,0,0,0,0,0.0,0,valid
6580,4,3,5,5,0,0,-1,132626,10,0,0,0,0,0,0.0,0,valid
6581,4,2,8,6,0,0,-1,132505,7,0,0,0,0,0,0.0,0,valid
6582,4,2,8,8,0,0,-1,132539,7,0,0,0,0,0,0.0,0,valid
6583,4,2,8,9,0,0,-1,132606,7,0,0,0,0,0,0.0,0,valid
6584,4,2,8,5,0,0,-1,132725,7,0,0,0,0,0,0.0,0,valid
6585,4,1,7,16,0,0,-1,133754,7,0,0,0,0,0,0.0,0,valid
6586,4,2,8,10,0,0,-1,132961,7,0,0,0,0,0,0.0,0,valid
6587,4,2,8,7,0,0,-1,134582,7,0,0,0,0,0,0.0,0,valid
6590,4,3,5,8,0,0,-1,132589,10,0,0,0,0,0,0.0,0,valid
6591,4,3,5,9,0,0,-1,132609,10,0,0,0,0,0,0.0,0,valid
6592,4,3,5,5,0,0,-1,132629,10,0,0,0,0,0,0.0,0,valid
6593,4,1,7,16,0,0,-1,133770,7,0,0,0,0,0,0.0,0,valid
6594,4,3,5,6,0,0,-1,132500,10,0,0,0,0,0,0.0,0,valid
6595,4,3,5,10,0,0,-1,132960,10,0,0,0,0,0,0.0,0,valid
6596,4,3,5,7,0,0,-1,134586,10,0,0,0,0,0,0.0,0,valid
6597,4,3,5,3,0,0,-1,135038,10,0,0,0,0,0,0.0,0,valid
6598,4,6,1,14,4,0,-1,134956,9,0,0,0,0,0,0.0,0,valid
6599,4,6,1,14,4,0,-1,134951,9,0,0,0,0,0,0.0,0,valid
6600,4,2,8,6,0,0,-1,132514,7,0,0,0,0,0,0.0,0,valid
6601,4,2,8,8,0,0,-1,132537,7,0,0,0,0,0,0.0,0,valid
6602,4,2,8,9,0,0,-1,132611,7,0,0,0,0,0,0.0,0,valid
6603,4,2,8,5,0,0,-1,132716,7,0,0,0,0,0,0.0,0,valid
6604,4,1,7,16,0,0,-1,133759,7,0,0,0,0,0,0.0,0,valid
6605,4,2,8,10,0,0,-1,132958,7,0,0,0,0,0,0.0,0,valid
6607,4,2,8,7,0,0,-1,134587,7,0,0,0,0,0,0.0,0,valid
6608,4,1,7,5,0,0,-1,132722,7,0,0,0,0,0,0.0,0,valid
6609,4,1,7,5,0,0,-1,135012,7,0,0,0,0,0,0.0,0,valid
6610,4,1,7,20,0,0,-1,132660,7,0,0,0,0,0,0.0,0,valid
6611,4,1,7,6,0,0,-1,133693,7,0,0,0,0,0,0.0,0,valid
6612,4,1,7,8,0,0,-1,132539,7,0,0,0,0,0,0.0,0,valid
6613,4,1,7,9,0,0,-1,132610,7,0,0,0,0,0,0.0,0,valid
6614,4,1,7,16,0,0,-1,133768,7,0,0,0,0,0,0.0,0,valid
6615,4,1,7,10,0,0,-1,132950,7,0,0,0,0,0,0.0,0,valid
6616,4,1,7,7,0,0,-1,134581,7,0,0,0,0,0,0.0,0,valid
6617,4,1,7,3,0,0,-1,135033,7,0,0,0,0,0,0.0,0,valid
6622,2,7,1,21,3,0,-1,135349,8,0,0,0,0,0,0.0,0,valid
6627,4,3,5,5,0,0,-1,132743,10,0,0,0,0,0,0.0,0,valid
6628,4,1,7,10,0,0,-1,136076,7,0,0,0,0,0,0.0,0,valid
6629,4,1,7,16,0,0,-1,133769,7,0,0,0,0,0,0.0,0,valid
6630,4,6,1,14,4,0,-1,134956,9,0,0,0,0,0,0.0,0,valid
6631,2,10,2,17,2,0,-1,135162,13,0,0,0,0,0,0.0,0,valid
6632,4,1,7,16,0,0,-1,133754,7,0,0,0,0,0,0.0,0,valid
6633,2,7,1,13,3,0,-1,135314,8,0,0,0,0,0,0.0,0,valid
6641,2,8,1,17,1,0,-1,135315,9,0,0,0,0,0,0.0,0,valid
6642,4,3,5,5,0,0,-1,132627,10,0,0,0,0,0,0.0,0,valid
6660,2,15,1,13,3,0,-1,135643,8,0,0,0,0,0,0.0,0,valid
6679,2,6,1,17,2,0,-1,135128,9,0,0,0,0,0,0.0,0,valid
6681,2,15,1,13,3,0,-1,135646,8,0,0,0,0,0,0.0,0,valid
6682,4,1,7,20,0,0,-1,132661,7,0,0,0,0,0,0.0,0,valid
6685,4,1,7,3,0,0,-1,135040,7,0,0,0,0,0,0.0,0,valid
6686,4,3,5,1,0,0,-1,133077,10,0,0,0,0,0,0.0,0,valid
6687,2,1,1,17,1,0,-1,135562,9,0,0,0,0,0,0.0,0,valid
6688,4,2,8,1,0,0,-1,133119,7,0,0,0,0,0,0.0,0,valid
6691,2,15,1,21,3,0,-1,133723,8,0,0,0,0,0,0.0,0,valid
6693,4,0,5,11,1,0,-1,133722,14,0,0,0,0,0,0.0,0,valid
6743,4,0,4,11,0,0,-1,133350,14,0,0,0,0,0,0.0,0,valid
6901,4,1,7,16,0,0,-1,134305,7,0,0,0,0,0,0.0,0,valid
6902,4,2,8,9,0,0,-1,132607,7,0,0,0,0,0,0.0,0,valid
6903,4,1,7,7,0,0,-1,134582,7,0,0,0,0,0,0.0,0,valid
6904,2,15,1,13,3,0,-1,134298,8,0,0,0,0,0,0.0,0,valid
6905,2,1,1,17,1,0,-1,135576,9,0,0,0,0,0,0.0,0,valid
6906,4,3,5,10,0,0,-1,132944,10,0,0,0,0,0,0.0,0,valid
6907,4,3,5,5,0,0,-1,135010,10,0,0,0,0,0,0.0,0,valid
6908,4,1,7,6,0,0,-1,132513,7,0,0,0,0,0,0.0,0,valid
6909,2,8,1,17,1,0,-1,135352,9,0,0,0,0,0,0.0,0,valid
6910,4,1,7,7,0,0,-1,134594,7,0,0,0,0,0,0.0,0,valid
6911,4,2,8,6,0,0,-1,132514,7,0,0,0,0,0,0.0,0,valid
6998,4,1,7,8,0,0,-1,132539,7,0,0,0,0,0,0.0,0,valid
7000,4,2,8,6,0,0,-1,132493,7,0,0,0,0,0,0.0,0,valid
7001,2,19,2,26,0,0,-1,135466,21,0,0,0,0,0,0.0,0,valid
7002,4,6,1,14,4,0,-1,134948,9,0,0,0,0,0,0.0,0,valid
7003,4,3,5,9,0,0,-1,132605,10,0,0,0,0,0,0.0,0,valid
7004,4,1,7,16,0,0,-1,133770,7,0,0,0,0,0,0.0,0,valid
7108,4,6,1,14,4,0,-1,134955,9,0,0,0,0,0,0.0,0,valid
7110,4,1,7,5,0,0,-1,135022,7,0,0,0,0,0,0.0,0,valid
7111,4,1,7,5,0,0,-1,132646,7,0,0,0,0,0,0.0,0,valid
7112,4,1,7,5,0,0,-1,135005,7,0,0,0,0,0,0.0,0,valid
7113,4,1,7,5,0,0,-1,135021,7,0,0,0,0,0,0.0,0,valid
7230,2,5,2,17,1,0,-1,133046,9,0,0,0,0,0,0.0,0,valid
7330,4,6,1,14,4,0,-1,134955,9,0,0,0,0,0,0.0,0,valid
7331,4,6,1,14,4,0,-1,134953,9,0,0,0,0,0,0.0,0,valid
7332,4,1,7,5,0,0,-1,135007,7,0,0,0,0,0,0.0,0,valid
7353,4,1,7,5,0,0,-1,135020,7,0,0,0,0,0,0.0,0,valid
7354,4,1,7,8,0,0,-1,132539,7,0,0,0,0,0,0.0,0,valid
7355,4,1,7,9,0,0,-1,132612,7,0,0,0,0,0,0.0,0,valid
7356,4,1,7,16,0,0,-1,133754,7,0,0,0,0,0,0.0,0,valid
7357,4,1,7,1,0,0,-1,133117,7,0,0,0,0,0,0.0,0,valid
7366,4,1,7,10,0,0,-1,132951,7,0,0,0,0,0,0.0,0,valid
7367,4,1,7,3,0,0,-1,135057,7,0,0,0,0,0,0.0,0,valid
7368,4,1,7,7,0,0,-1,134588,7,0,0,0,0,0,0.0,0,valid
7369,4,1,7,20,0,0,-1,132658,7,0,0,0,0,0,0.0,0,valid
7370,4,1,7,6,0,0,-1,132504,7,0,0,0,0,0,0.0,0,valid
7406,4,2,8,6,0,0,-1,132492,7,0,0,0,0,0,0.0,0,valid
7407,4,2,8,5,0,0,-1,132718,7,0,0,0,0,0,0.0,0,valid
7408,4,2,8,3,0,0,-1,135039,7,0,0,0,0,0,0.0,0,valid
7409,4,2,8,8,0,0,-1,132539,7,0,0,0,0,0,0.0,0,valid
7410,4,2,8,9,0,0,-1,132606,7,0,0,0,0,0,0.0,0,valid
7411,4,1,7,16,0,0,-1,133754,7,0,0,0,0,0,0.0,0,valid
7412,4,2,8,10,0,0,-1,132956,7,0,0,0,0,0,0.0,0,valid
7413,4,2,8,1,0,0,-1,133117,7,0,0,0,0,0,0.0,0,valid
7414,4,2,8,7,0,0,-1,134587,7,0,0,0,0,0,0.0,0,valid
7415,4,2,8,3,0,0,-1,135039,7,0,0,0,0,0,0.0,0,valid
7416,4,3,5,9,0,0,-1,132613,10,0,0,0,0,0,0.0,0,valid
7417,4,3,5,8,0,0,-1,132535,10,0,0,0,0,0,0.0,0,valid
7418,4,3,5,5,0,0,-1,132736,10,0,0,0,0,0,0.0,0,valid
7419,4,1,7,16,0,0,-1,133767,7,0,0,0,0,0,0.0,0,valid
7420,4,3,5,1,0,0,-1,132767,10,0,0,0,0,0,0.0,0,valid
7421,4,3,5,10,0,0,-1,132945,10,0,0,0,0,0,0.0,0,valid
7422,4,3,5,6,0,0,-1,132494,10,0,0,0,0,0,0.0,0,valid
7423,4,3,5,7,0,0,-1,134584,10,0,0,0,0,0,0.0,0,valid
7424,4,3,5,3,0,0,-1,135057,10,0,0,0,0,0,0.0,0,valid
7429,4,1,7,5,0,0,-1,135017,7,0,0,0,0,0,0.0,0,valid
7430,4,1,7,20,0,0,-1,132666,7,0,0,0,0,0,0.0,0,valid
7431,4,1,7,7,0,0,-1,134588,7,0,0,0,0,0,0.0,0,valid
7432,4,1,7,1,0,0,-1,133131,7,0,0,0,0,0,0.0,0,valid
7433,4,1,7,10,0,0,-1,132955,7,0,0,0,0,0,0.0,0,valid
7434,4,1,7,8,0,0,-1,132539,7,0,0,0,0,0,0.0,0,valid
7435,4,1,7,3,0,0,-1,135033,7,0,0,0,0,0,0.0,0,valid
7436,4,1,7,16,0,0,-1,133765,7,0,0,0,0,0,0.0,0,valid
7437,4,1,7,9,0,0,-1,132608,7,0,0,0,0,0,0.0,0,valid
7438,4,1,7,6,0,0,-1,132499,7,0,0,0,0,0,0.0,0,valid
7439,4,2,8,5,0,0,-1,132719,7,0,0,0,0,0,0.0,0,valid
7440,4,2,8,7,0,0,-1,134706,7,0,0,0,0,0,0.0,0,valid
7441,4,2,8,1,0,0,-1,133117,7,0,0,0,0,0,0.0,0,valid
7443,4,2,8,10,0,0,-1,132939,7,0,0,0,0,0,0.0,0,valid
7444,4,2,8,8,0,0,-1,132592,7,0,0,0,0,0,0.0,0,valid
7445,4,2,8,3,0,0,-1,135039,7,0,0,0,0,0,0.0,0,valid
7446,4,1,7,16,0,0,-1,133758,7,0,0,0,0,0,0.0,0,valid
7447,4,2,8,9,0,0,-1,132607,7,0,0,0,0,0,0.0,0,valid
7448,4,2,8,6,0,0,-1,132493,7,0,0,0,0,0,0.0,0,valid
7454,4,3,5,5,0,0,-1,132739,10,0,0,0,0,0,0.0,0,valid
7455,4,3,5,7,0,0,-1,134584,10,0,0,0,0,0,0.0,0,valid
7456,4,3,5,1,0,0,-1,132767,10,0,0,0,0,0,0.0,0,valid
7457,4,3,5,10,0,0,-1,132962,10,0,0,0,0,0,0.0,0,valid
7458,4,3,5,8,0,0,-1,132535,10,0,0,0,0,0,0.0,0,valid
7459,4,3,5,3,0,0,-1,135058,10,0,0,0,0,0,0.0,0,valid
7460,4,1,7,16,0,0,-1,133768,7,0,0,0,0,0,0.0,0,valid
7461,4,3,5,9,0,0,-1,132606,10,0,0,0,0,0,0.0,0,valid
7462,4,3,5,6,0,0,-1,132515,10,0,0,0,0,0,0.0,0,valid
7463,4,6,1,14,4,0,-1,134956,9,0,0,0,0,0,0.0,0,valid
7465,4,6,1,14,4,0,-1,134952,9,0,0,0,0,0,0.0,0,valid
7468,4,1,7,20,0,0,-1,132677,7,0,0,0,0,0,0.0,0,valid
7469,4,1,7,7,0,0,-1,134593,7,0,0,0,0,0,0.0,0,valid
7470,4,1,7,1,0,0,-1,133090,7,0,0,0,0,0,0.0,0,valid
7471,4,1,7,10,0,0,-1,132966,7,0,0,0,0,0,0.0,0,valid
7472,4,1,7,8,0,0,-1,132539,7,0,0,0,0,0,0.0,0,valid
7473,4,1,7,3,0,0,-1,135033,7,0,0,0,0,0,0.0,0,valid
7474,4,1,7,16,0,0,-1,133754,7,0,0,0,0,0,0.0,0,valid
7475,4,1,7,9,0,0,-1,132608,7,0,0,0,0,0,0.0,0,valid
7476,4,1,7,6,0,0,-1,132497,7,0,0,0,0,0,0.0,0,valid
7477,4,2,8,5,0,0,-1,132723,7,0,0,0,0,0,0.0,0,valid
7478,4,2,8,7,0,0,-1,134594,7,0,0,0,0,0,0.0,0,valid
7479,4,2,8,1,0,0,-1,133111,7,0,0,0,0,0,0.0,0,valid
7480,4,2,8,10,0,0,-1,132959,7,0,0,0,0,0,0.0,0,valid
7481,4,2,8,8,0,0,-1,132542,7,0,0,0,0,0,0.0,0,valid
7482,4,2,8,3,0,0,-1,135049,7,0,0,0,0,0,0.0,0,valid
7483,4,1,7,16,0,0,-1,133753,7,0,0,0,0,0,0.0,0,valid
7484,4,2,8,9,0,0,-1,132608,7,0,0,0,0,0,0.0,0,valid
7485,4,2,8,6,0,0,-1,132506,7,0,0,0,0,0,0.0,0,valid
7486,4,3,5,5,0,0,-1,132742,10,0,0,0,0,0,0.0,0,valid
7487,4,3,5,7,0,0,-1,134590,10,0,0,0,0,0,0.0,0,valid
7488,4,3,5,1,0,0,-1,132767,10,0,0,0,0,0,0.0,0,valid
7489,4,3,5,10,0,0,-1,132938,10,0,0,0,0,0,0.0,0,valid
7490,4,3,5,8,0,0,-1,132590,10,0,0,0,0,0,0.0,0,valid
7491,4,3,5,3,0,0,-1,135049,10,0,0,0,0,0,0.0,0,valid
7492,4,1,7,16,0,0,-1,133753,7,0,0,0,0,0,0.0,0,valid
7493,4,3,5,9,0,0,-1,132611,10,0,0,0,0,0,0.0,0,valid
7494,4,3,5,6,0,0,-1,132514,10,0,0,0,0,0,0.0,0,valid
7495,4,6,1,14,4,0,-1,134956,9,0,0,0,0,0,0.0,0,valid
7496,4,6,1,14,4,0,-1,134951,9,0,0,0,0,0,0.0,0,valid
7517,4,1,7,5,0,0,-1,135007,7,0,0,0,0,0,0.0,0,valid
7518,4,1,7,20,0,0,-1,132645,7,0,0,0,0,0,0.0,0,valid
7519,4,1,7,7,0,0,-1,134592,7,0,0,0,0,0,0.0,0,valid
7520,4,1,7,1,0,0,-1,133111,7,0,0,0,0,0,0.0,0,valid
7521,4,1,7,10,0,0,-1,132966,7,0,0,0,0,0,0.0,0,valid
7522,4,1,7,8,0,0,-1,132543,7,0,0,0,0,0,0.0,0,valid
7523,4,1,7,3,0,0,-1,135033,7,0,0,0,0,0,0.0,0,valid
7524,4,1,7,16,0,0,-1,133766,7,0,0,0,0,0,0.0,0,valid
7525,4,1,7,9,0,0,-1,132608,7,0,0,0,0,0,0.0,0,valid
7526,4,1,7,6,0,0,-1,132496,7,0,0,0,0,0,0.0,0,valid
7527,4,2,8,5,0,0,-1,132720,7,0,0,0,0,0,0.0,0,valid
7528,4,2,8,7,0,0,-1,134706,7,0,0,0,0,0,0.0,0,valid
7529,4,2,8,1,0,0,-1,133120,7,0,0,0,0,0,0.0,0,valid
7530,4,2,8,10,0,0,-1,132956,7,0,0,0,0,0,0.0,0,valid
7531,4,2,8,8,0,0,-1,132535,7,0,0,0,0,0,0.0,0,valid
7532,4,2,8,3,0,0,-1,135032,7,0,0,0,0,0,0.0,0,valid
7533,4,1,7,16,0,0,-1,133770,7,0,0,0,0,0,0.0,0,valid
7534,4,2,8,9,0,0,-1,132615,7,0,0,0,0,0,0.0,0,valid
7535,4,2,8,6,0,0,-1,132501,7,0,0,0,0,0,0.0,0,valid
7536,4,6,1,14,4,0,-1,134949,9,0,0,0,0,0,0.0,0,valid
7537,4,6,1,14,4,0,-1,134953,9,0,0,0,0,0,0.0,0,valid
7538,4,3,5,5,0,0,-1,132627,10,0,0,0,0,0,0.0,0,valid
7539,4,3,5,7,0,0,-1,134583,10,0,0,0,0,0,0.0,0,valid
7540,4,3,5,1,0,0,-1,133070,10,0,0,0,0,0,0.0,0,valid
7541,4,3,5,10,0,0,-1,132963,10,0,0,0,0,0,0.0,0,valid
7542,4,3,5,8,0,0,-1,132590,10,0,0,0,0,0,0.0,0,valid
7543,4,3,5,3,0,0,-1,135053,10,0,0,0,0,0,0.0,0,valid
7544,4,1,7,16,0,0,-1,133763,7,0,0,0,0,0,0.0,0,valid
7545,4,3,5,9,0,0,-1,132615,10,0,0,0,0,0,0.0,0,valid
7546,4,3,5,6,0,0,-1,132493,10,0,0,0,0,0,0.0,0,valid
7552,4,0,5,11,1,0,-1,133352,14,0,0,0,0,0,0.0,0,valid
7553,4,0,5,11,1,0,-1,133353,14,0,0,0,0,0,0.0,0,valid
7557,4,0,2,23,3,0,-1,135464,12,0,0,0,0,0,0.0,0,valid
7559,4,0,2,23,2,0,-1,135139,13,0,0,0,0,0,0.0,0,valid
7606,4,3,5,10,0,0,-1,132938,10,0,0,0,0,0,0.0,0,valid
7607,2,19,2,26,0,0,-1,135139,21,0,0,0,0,0,0.0,0,valid
7611,4,0,3,23,2,0,-1,135140,13,0,0,0,0,0,0.0,0,valid
7682,2,15,1,13,3,0,-1,135124,8,0,0,0,0,0,0.0,0,valid
7683,2,13,1,13,7,0,-1,132945,8,0,0,0,0,0,0.0,0,valid
7726,4,6,1,14,4,0,-1,134951,9,0,0,0,0,0,0.0,0,valid
7727,4,2,8,3,0,0,-1,135054,7,0,0,0,0,0,0.0,0,valid
7730,2,5,2,17,1,0,-1,133041,9,0,0,0,0,0,0.0,0,valid
7734,4,0,7,12,0,0,-1,133622,18,0,0,0,0,0,0.0,0,valid
8006,2,15,1,13,3,0,-1,135661,8,0,0,0,0,0,0.0,0,valid
8071,2,19,2,26,0,0,-1,135139,21,0,0,0,0,0,0.0,0,valid
8106,4,1,7,5,0,0,-1,135010,7,0,0,0,0,0,0.0,0,valid
8107,4,1,7,8,0,0,-1,132543,7,0,0,0,0,0,0.0,0,valid
8108,4,1,7,9,0,0,-1,132605,7,0,0,0,0,0,0.0,0,valid
8109,4,1,7,16,0,0,-1,133767,7,0,0,0,0,0,0.0,0,valid
8110,4,1,7,10,0,0,-1,132957,7,0,0,0,0,0,0.0,0,valid
8111,4,1,7,3,0,0,-1,135049,7,0,0,0,0,0,0.0,0,valid
8112,4,1,7,7,0,0,-1,134594,7,0,0,0,0,0,0.0,0,valid
8113,4,1,7,20,0,0,-1,132642,7,0,0,0,0,0,0.0,0,valid
8114,4,1,7,6,0,0,-1,132514,7,0,0,0,0,0,0.0,0,valid
8115,4,1,7,1,0,0,-1,133134,7,0,0,0,0,0,0.0,0,valid
8116,4,2,8,6,0,0,-1,132501,7,0,0,0,0,0,0.0,0,valid
8117,4,2,8,8,0,0,-1,132535,7,0,0,0,0,0,0.0,0,valid
8118,4,2,8,9,0,0,-1,132602,7,0,0,0,0,0,0.0,0,valid
8119,4,2,8,5,0,0,-1,132717,7,0,0,0,0,0,0.0,0,valid
8120,4,1,7,16,0,0,-1,133770,7,0,0,0,0,0,0.0,0,valid
8121,4,2,8,10,0,0,-1,132949,7,0,0,0,0,0,0.0,0,valid
8122,4,2,8,1,0,0,-1,133127,7,0,0,0,0,0,0.0,0,valid
8123,4,2,8,7,0,0,-1,134586,7,0,0,0,0,0,0.0,0,valid
8124,4,2,8,3,0,0,-1,135054,7,0,0,0,0,0,0.0,0,valid
8125,4,3,5,9,0,0,-1,132602,10,0,0,0,0,0,0.0,0,valid
8126,4,3,5,5,0,0,-1,132628,10,0,0,0,0,0,0.0,0,valid
8127,4,1,7,16,0,0,-1,133766,7,0,0,0,0,0,0.0,0,valid
8128,4,3,5,10,0,0,-1,132938,10,0,0,0,0,0,0.0,0,valid
8129,4,3,5,6,0,0,-1,132495,10,0,0,0,0,0,0.0,0,valid
8130,4,3,5,8,0,0,-1,132535,10,0,0,0,0,0,0.0,0,valid
8131,4,3,5,1,0,0,-1,133078,10,0,0,0,0,0,0.0,0,valid
8132,4,3,5,7,0,0,-1,134592,10,0,0,0,0,0,0.0,0,valid
8133,4,3,5,3,0,0,-1,135057,10,0,0,0,0,0,0.0,0,valid
8134,4,6,1,14,4,0,-1,134948,9,0,0,0,0,0,0.0,0,valid
8135,4,6,1,14,4,0,-1,134950,9,0,0,0,0,0,0.0,0,valid
8137,4,4,6,9,0,0,-1,132613,11,0,0,0,0,0,0.0,0,valid
8138,4,4,6,5,0,0,-1,132749,11,0,0,0,0,0,0.0,0,valid
8139,4,4,6,10,0,0,-1,132962,11,0,0,0,0,0,0.0,0,valid
8140,4,4,6,6,0,0,-1,132503,11,0,0,0,0,0,0.0,0,valid
8141,4,4,6,8,0,0,-1,132539,11,0,0,0,0,0,0.0,0,valid
8142,4,4,6,1,0,0,-1,133124,11,0,0,0,0,0,0.0,0,valid
8143,4,4,6,7,0,0,-1,134583,11,0,0,0,0,0,0.0,0,valid
8144,4,4,6,3,0,0,-1,135060,11,0,0,0,0,0,0.0,0,valid
8156,4,4,6,9,0,0,-1,132606,11,0,0,0,0,0,0.0,0,valid
8157,4,4,6,5,0,0,-1,132746,11,0,0,0,0,0,0.0,0,valid
8158,4,4,6,10,0,0,-1,132951,11,0,0,0,0,0,0.0,0,valid
8159,4,4,6,6,0,0,-1,132511,11,0,0,0,0,0,0.0,0,valid
8160,4,4,6,8,0,0,-1,132583,11,0,0,0,0,0,0.0,0,valid
8161,4,4,6,1,0,0,-1,133159,11,0,0,0,0,0,0.0,0,valid
8162,4,4,6,7,0,0,-1,134583,11,0,0,0,0,0,0.0,0,valid
8163,4,4,6,3,0,0,-1,135043,11,0,0,0,0,0,0.0,0,valid
8178,2,8,1,17,1,0,-1,135355,9,0,0,0,0,0,0.0,0,valid
8180,2,2,2,15,0,0,-1,135491,12,0,0,2,0,0,0.0,0,valid
8183,2,2,2,15,0,0,-1,135492,12,0,0,2,0,0,0.0,0,valid
8184,2,19,2,26,0,0,-1,135473,21,0,0,0,0,0,0.0,0,valid
8186,2,19,2,26,0,0,-1,135468,21,0,0,0,0,0,0.0,0,valid
8188,2,3,1,26,0,0,-1,135617,8,0,0,3,0,0,0.0,0,valid
8190,2,7,1,13,3,0,-1,135280,8,0,0,0,0,0,0.0,0,valid
8194,2,4,2,13,3,0,-1,133043,8,0,0,0,0,0,0.0,0,valid
8196,2,7,1,13,3,0,-1,135346,8,0,0,0,0,0,0.0,0,valid
8199,2,8,1,17,1,0,-1,135327,9,0,0,0,0,0,0.0,0,valid
8245,4,1,7,5,0,0,-1,135007,7,0,0,0,0,0,0.0,0,valid
8246,4,1,7,8,0,0,-1,132536,7,0,0,0,0,0,0.0,0,valid
8247,4,1,7,9,0,0,-1,132612,7,0,0,0,0,0,0.0,0,valid
8248,4,1,7,16,0,0,-1,133770,7,0,0,0,0,0,0.0,0,valid
8249,4,1,7,10,0,0,-1,132953,7,0,0,0,0,0,0.0,0,valid
8250,4,1,7,3,0,0,-1,135054,7,0,0,0,0,0,0.0,0,valid
8251,4,1,7,7,0,0,-1,134586,7,0,0,0,0,0,0.0,0,valid
8252,4,1,7,20,0,0,-1,132666,7,0,0,0,0,0,0.0,0,valid
8253,4,1,7,6,0,0,-1,132518,7,0,0,0,0,0,0.0,0,valid
8254,4,1,7,1,0,0,-1,132767,7,0,0,0,0,0,0.0,0,valid
8255,4,2,8,6,0,0,-1,132501,7,0,0,0,0,0,0.0,0,valid
8256,4,2,8,8,0,0,-1,132535,7,0,0,0,0,0,0.0,0,valid
8257,4,2,8,9,0,0,-1,132602,7,0,0,0,0,0,0.0,0,valid
8258,4,2,8,5,0,0,-1,132717,7,0,0,0,0,0,0.0,0,valid
8259,4,1,7,16,0,0,-1,133769,7,0,0,0,0,0,0.0,0,valid
8260,4,2,8,10,0,0,-1,132949,7,0,0,0,0,0,0.0,0,valid
8261,4,2,8,1,0,0,-1,133076,7,0,0,0,0,0,0.0,0,valid
8262,4,2,8,7,0,0,-1,134586,7,0,0,0,0,0,0.0,0,valid
8263,4,2,8,3,0,0,-1,135054,7,0,0,0,0,0,0.0,0,valid
8264,4,3,5,9,0,0,-1,132602,10,0,0,0,0,0,0.0,0,valid
8265,4,3,5,5,0,0,-1,132639,10,0,0,0,0,0,0.0,0,valid
8266,4,1,7,16,0,0,-1,133757,7,0,0,0,0,0,0.0,0,valid
8267,4,3,5,10,0,0,-1,132949,10,0,0,0,0,0,0.0,0,valid
8268,4,3,5,6,0,0,-1,132515,10,0,0,0,0,0,0.0,0,valid
8269,4,3,5,8,0,0,-1,132539,10,0,0,0,0,0,0.0,0,valid
8270,4,3,5,1,0,0,-1,133074,10,0,0,0,0,0,0.0,0,valid
8271,4,3,5,7,0,0,-1,134583,10,0,0,0,0,0,0.0,0,valid
8272,4,3,5,3,0,0,-1,135058,10,0,0,0,0,0,0.0,0,valid
8273,4,4,6,9,0,0,-1,132615,11,0,0,0,0,0,0.0,0,valid
8274,4,4,6,5,0,0,-1,132646,11,0,0,0,0,0,0.0,0,valid
8275,4,6,1,14,4,0,-1,134950,9,0,0,0,0,0,0.0,0,valid
8276,4,4,6,10,0,0,-1,132963,11,0,0,0,0,0,0.0,0,valid
8277,4,4,6,6,0,0,-1,132508,11,0,0,0,0,0,0.0,0,valid
8278,4,4,6,8,0,0,-1,132589,11,0,0,0,0,0,0.0,0,valid
8279,4,4,6,1,0,0,-1,133124,11,0,0,0,0,0,0.0,0,valid
8280,4,4,6,7,0,0,-1,134592,11,0,0,0,0,0,0.0,0,valid
8281,4,4,6,3,0,0,-1,135059,11,0,0,0,0,0,0.0,0,valid
8282,4,6,1,14,4,0,-1,134948,9,0,0,0,0,0,0.0,0,valid
8283,4,1,7,5,0,0,-1,135017,7,0,0,0,0,0,0.0,0,valid
8284,4,1,7,8,0,0,-1,132539,7,0,0,0,0,0,0.0,0,valid
8285,4,1,7,9,0,0,-1,132608,7,0,0,0,0,0,0.0,0,valid
8286,4,1,7,16,0,0,-1,133768,7,0,0,0,0,0,0.0,0,valid
8287,4,1,7,10,0,0,-1,132940,7,0,0,0,0,0,0.0,0,valid
8288,4,1,7,3,0,0,-1,135033,7,0,0,0,0,0,0.0,0,valid
8289,4,1,7,7,0,0,-1,134593,7,0,0,0,0,0,0.0,0,valid
8290,4,1,7,20,0,0,-1,132670,7,0,0,0,0,0,0.0,0,valid
8291,4,1,7,6,0,0,-1,132493,7,0,0,0,0,0,0.0,0,valid
8292,4,1,7,1,0,0,-1,133090,7,0,0,0,0,0,0.0,0,valid
8293,4,2,8,6,0,0,-1,132501,7,0,0,0,0,0,0.0,0,valid
8294,4,2,8,8,0,0,-1,132535,7,0,0,0,0,0,0.0,0,valid
8295,4,2,8,9,0,0,-1,132602,7,0,0,0,0,0,0.0,0,valid
8296,4,2,8,5,0,0,-1,132720,7,0,0,0,0,0,0.0,0,valid
8297,4,1,7,16,0,0,-1,133770,7,0,0,0,0,0,0.0,0,valid
8298,4,2,8,10,0,0,-1,132949,7,0,0,0,0,0,0.0,0,valid
8299,4,2,8,1,0,0,-1,133076,7,0,0,0,0,0,0.0,0,valid
8300,4,2,8,7,0,0,-1,134586,7,0,0,0,0,0,0.0,0,valid
8301,4,2,8,3,0,0,-1,135054,7,0,0,0,0,0,0.0,0,valid
8302,4,3,5,9,0,0,-1,132616,10,0,0,0,0,0,0.0,0,valid
8303,4,3,5,5,0,0,-1,132749,10,0,0,0,0,0,0.0,0,valid
8304,4,1,7,16,0,0,-1,133754,7,0,0,0,0,0,0.0,0,valid
8305,4,3,5,10,0,0,-1,132943,10,0,0,0,0,0,0.0,0,valid
8306,4,3,5,6,0,0,-1,132519,10,0,0,0,0,0,0.0,0,valid
8307,4,3,5,8,0,0,-1,132589,10,0,0,0,0,0,0.0,0,valid
8308,4,3,5,1,0,0,-1,132767,10,0,0,0,0,0,0.0,0,valid
8309,4,3,5,7,0,0,-1,134583,10,0,0,0,0,0,0.0,0,valid
8310,4,3,5,3,0,0,-1,135054,10,0,0,0,0,0,0.0,0,valid
8311,4,4,6,9,0,0,-1,132615,11,0,0,0,0,0,0.0,0,valid
8312,4,4,6,5,0,0,-1,132627,11,0,0,0,0,0,0.0,0,valid
8313,4,6,1,14,4,0,-1,134953,9,0,0,0,0,0,0.0,0,valid
8314,4,4,6,10,0,0,-1,132960,11,0,0,0,0,0,0.0,0,valid
8315,4,4,6,6,0,0,-1,132507,11,0,0,0,0,0,0.0,0,valid
8316,4,4,6,8,0,0,-1,132587,11,0,0,0,0,0,0.0,0,valid
8317,4,4,6,1,0,0,-1,133118,11,0,0,0,0,0,0.0,0,valid
8318,4,4,6,7,0,0,-1,134581,11,0,0,0,0,0,0.0,0,valid
8319,4,4,6,3,0,0,-1,135060,11,0,0,0,0,0,0.0,0,valid
8320,4,6,1,14,4,0,-1,134950,9,0,0,0,0,0,0.0,0,valid
8350,4,0,5,11,1,0,-1,133345,14,0,0,0,0,0,0.0,0,valid
9285,4,4,6,9,0,0,-1,132616,11,0,0,0,0,0,0.0,0,valid
9286,4,4,6,5,0,0,-1,132749,11,0,0,0,0,0,0.0,0,valid
9287,4,4,6,10,0,0,-1,132938,11,0,0,0,0,0,0.0,0,valid
9288,4,4,6,6,0,0,-1,132492,11,0,0,0,0,0,0.0,0,valid
9289,4,4,6,8,0,0,-1,132535,11,0,0,0,0,0,0.0,0,valid
9290,4,4,6,1,0,0,-1,133124,11,0,0,0,0,0,0.0,0,valid
9291,4,4,6,7,0,0,-1,134583,11,0,0,0,0,0,0.0,0,valid
9292,4,4,6,3,0,0,-1,135040,11,0,0,0,0,0,0.0,0,valid
9359,2,4,2,13,3,0,-1,133942,8,0,0,0,0,0,0.0,0,valid
9385,2,8,1,17,1,0,-1,135351,9,0,0,0,0,0,0.0,0,valid
9395,4,1,7,10,0,0,-1,132958,7,0,0,0,0,0,0.0,0,valid
9402,4,2,8,7,0,0,-1,134592,7,0,0,0,0,0,0.0,0,valid
9405,4,3,5,6,0,0,-1,132516,10,0,0,0,0,0,0.0,0,valid
9433,4,1,7,9,0,0,-1,132611,7,0,0,0,0,0,0.0,0,valid
9434,4,1,7,5,0,0,-1,132718,7,0,0,0,0,0,0.0,0,valid
9435,4,3,5,10,0,0,-1,132945,10,0,0,0,0,0,0.0,0,valid
9445,4,3,5,10,0,0,-1,132951,10,0,0,0,0,0,0.0,0,valid
9446,2,7,1,21,3,0,-1,135340,8,0,0,0,0,0,0.0,0,valid
9449,2,5,2,17,1,0,-1,133489,9,0,0,0,0,0,0.0,0,valid
9450,4,2,8,8,0,0,-1,132537,7,0,0,0,0,0,0.0,0,valid
9452,2,10,2,17,2,0,-1,135152,13,0,0,0,0,0,0.0,0,valid
9453,2,15,1,13,3,0,-1,135638,8,0,0,0,0,0,0.0,0,valid
9454,4,1,7,8,0,0,-1,132539,7,0,0,0,0,0,0.0,0,valid
9486,2,1,1,17,1,0,-1,132415,9,0,0,0,0,0,0.0,0,valid
9488,2,4,2,13,3,0,-1,133045,8,0,0,0,0,0,0.0,0,valid
9490,2,8,1,17,1,0,-1,135347,9,0,0,0,0,0,0.0,0,valid
9509,4,2,8,7,0,0,-1,134588,7,0,0,0,0,0,0.0,0,valid
9535,4,3,5,9,0,0,-1,132601,10,0,0,0,0,0,0.0,0,valid
9536,4,1,7,3,0,0,-1,135033,7,0,0,0,0,0,0.0,0,valid
9608,2,0,1,22,3,0,-1,134520,8,0,0,0,0,0,0.0,0,valid
9609,4,1,7,10,0,0,-1,132961,7,0,0,0,0,0,0.0,0,valid
9747,4,1,7,7,0,0,-1,134586,7,0,0,0,0,0,0.0,0,valid
9748,4,1,7,20,0,0,-1,132659,7,0,0,0,0,0,0.0,0,valid
9749,4,1,7,5,0,0,-1,135009,7,0,0,0,0,0,0.0,0,valid
9753,4,6,1,14,4,0,-1,134956,9,0,0,0,0,0,0.0,0,valid
9756,4,2,8,7,0,0,-1,134585,7,0,0,0,0,0,0.0,0,valid
9757,4,2,8,5,0,0,-1,135010,7,0,0,0,0,0,0.0,0,valid
9763,4,3,5,7,0,0,-1,134590,10,0,0,0,0,0,0.0,0,valid
9764,4,6,1,14,4,0,-1,134955,9,0,0,0,0,0,0.0,0,valid
9765,4,3,5,5,0,0,-1,132627,10,0,0,0,0,0,0.0,0,valid
9766,4,1,7,6,0,0,-1,132494,7,0,0,0,0,0,0.0,0,valid
9767,4,1,7,8,0,0,-1,132537,7,0,0,0,0,0,0.0,0,valid
9768,4,1,7,9,0,0,-1,132611,7,0,0,0,0,0,0.0,0,valid
9770,4,1,7,16,0,0,-1,133769,7,0,0,0,0,0,0.0,0,valid
9771,4,1,7,10,0,0,-1,132952,7,0,0,0,0,0,0.0,0,valid
9772,4,1,7,7,0,0,-1,134590,7,0,0,0,0,0,0.0,0,valid
9773,4,1,7,20,0,0,-1,132656,7,0,0,0,0,0,0.0,0,valid
9774,4,1,7,5,0,0,-1,132656,7,0,0,0,0,0,0.0,0,valid
9775,4,2,8,6,0,0,-1,132492,7,0,0,0,0,0,0.0,0,valid
9776,4,2,8,8,0,0,-1,132539,7,0,0,0,0,0,0.0,0,valid
9777,4,2,8,9,0,0,-1,132604,7,0,0,0,0,0,0.0,0,valid
9778,4,6,1,14,4,0,-1,134955,9,0,0,0,0,0,0.0,0,valid
9779,4,1,7,16,0,0,-1,133771,7,0,0,0,0,0,0.0,0,valid
9780,4,2,8,10,0,0,-1,132949,7,0,0,0,0,0,0.0,0,valid
9781,4,2,8,7,0,0,-1,134586,7,0,0,0,0,0,0.0,0,valid
9782,4,2,8,5,0,0,-1,135015,7,0,0,0,0,0,0.0,0,valid
9783,4,3,5,5,0,0,-1,132629,10,0,0,0,0,0,0.0,0,valid
9784,4,3,5,8,0,0,-1,132535,10,0,0,0,0,0,0.0,0,valid
9785,4,3,5,9,0,0,-1,132612,10,0,0,0,0,0,0.0,0,valid
9786,4,1,7,16,0,0,-1,133770,7,0,0,0,0,0,0.0,0,valid
9787,4,3,5,10,0,0,-1,132938,10,0,0,0,0,0,0.0,0,valid
9788,4,3,5,6,0,0,-1,132500,10,0,0,0,0,0,0.0,0,valid
9789,4,3,5,7,0,0,-1,134583,10,0,0,0,0,0,0.0,0,valid
9790,4,6,1,14,4,0,-1,134955,9,0,0,0,0,0,0.0,0,valid
9791,4,1,7,5,0,0,-1,135010,7,0,0,0,0,0,0.0,0,valid
9792,4,1,7,8,0,0,-1,132539,7,0,0,0,0,0,0.0,0,valid
9793,4,1,7,9,0,0,-1,132611,7,0,0,0,0,0,0.0,0,valid
9794,4,1,7,16,0,0,-1,133767,7,0,0,0,0,0,0.0,0,valid
9795,4,1,7,10,0,0,-1,132961,7,0,0,0,0,0,0.0,0,valid
9796,4,1,7,3,0,0,-1,135044,7,0,0,0,0,0,0.0,0,valid
9797,4,1,7,7,0,0,-1,134594,7,0,0,0,0,0,0.0,0,valid
9798,4,1,7,20,0,0,-1,132683,7,0,0,0,0,0,0.0,0,valid
9799,4,1,7,6,0,0,-1,132514,7,0,0,0,0,0,0.0,0,valid
9801,4,2,8,6,0,0,-1,132491,7,0,0,0,0,0,0.0,0,valid
9802,4,2,8,8,0,0,-1,132537,7,0,0,0,0,0,0.0,0,valid
9803,4,2,8,9,0,0,-1,132601,7,0,0,0,0,0,0.0,0,valid
9804,4,6,1,14,4,0,-1,134955,9,0,0,0,0,0,0.0,0,valid
9805,4,1,7,16,0,0,-1,133762,7,0,0,0,0,0,0.0,0,valid
9806,4,2,8,10,0,0,-1,132939,7,0,0,0,0,0,0.0,0,valid
9807,4,2,8,3,0,0,-1,135039,7,0,0,0,0,0,0.0,0,valid
9808,4,2,8,7,0,0,-1,134582,7,0,0,0,0,0,0.0,0,valid
9809,4,2,8,5,0,0,-1,132725,7,0,0,0,0,0,0.0,0,valid
9810,4,3,5,8,0,0,-1,132535,10,0,0,0,0,0,0.0,0,valid
9811,4,3,5,9,0,0,-1,132602,10,0,0,0,0,0,0.0,0,valid
9812,4,1,7,16,0,0,-1,133766,7,0,0,0,0,0,0.0,0,valid
9813,4,3,5,10,0,0,-1,132955,10,0,0,0,0,0,0.0,0,valid
9814,4,3,5,6,0,0,-1,132493,10,0,0,0,0,0,0.0,0,valid
9815,4,3,5,7,0,0,-1,134583,10,0,0,0,0,0,0.0,0,valid
9816,4,6,1,14,4,0,-1,134953,9,0,0,0,0,0,0.0,0,valid
9817,4,3,5,3,0,0,-1,135038,10,0,0,0,0,0,0.0,0,valid
9818,4,3,5,5,0,0,-1,132624,10,0,0,0,0,0,0.0,0,valid
9819,4,1,7,5,0,0,-1,132646,7,0,0,0,0,0,0.0,0,valid
9820,4,1,7,8,0,0,-1,132537,7,0,0,0,0,0,0.0,0,valid
9821,4,1,7,9,0,0,-1,132610,7,0,0,0,0,0,0.0,0,valid
9822,4,1,7,16,0,0,-1,133762,7,0,0,0,0,0,0.0,0,valid
9823,4,1,7,10,0,0,-1,132939,7,0,0,0,0,0,0.0,0,valid
9824,4,1,7,3,0,0,-1,135037,7,0,0,0,0,0,0.0,0,valid
9825,4,1,7,7,0,0,-1,134589,7,0,0,0,0,0,0.0,0,valid
9826,4,1,7,20,0,0,-1,132661,7,0,0,0,0,0,0.0,0,valid
9827,4,2,8,6,0,0,-1,132498,7,0,0,0,0,0,0.0,0,valid
9828,4,2,8,8,0,0,-1,132537,7,0,0,0,0,0,0.0,0,valid
9829,4,2,8,9,0,0,-1,132602,7,0,0,0,0,0,0.0,0,valid
9830,4,6,1,14,4,0,-1,134956,9,0,0,0,0,0,0.0,0,valid
9831,4,1,7,16,0,0,-1,133759,7,0,0,0,0,0,0.0,0,valid
9832,4,2,8,10,0,0,-1,132958,7,0,0,0,0,0,0.0,0,valid
9833,4,2,8,7,0,0,-1,134582,7,0,0,0,0,0,0.0,0,valid
9834,4,2,8,3,0,0,-1,135039,7,0,0,0,0,0,0.0,0,valid
9835,4,2,8,5,0,0,-1,132725,7,0,0,0,0,0,0.0,0,valid
9836,4,3,5,5,0,0,-1,132739,10,0,0,0,0,0,0.0,0,valid
9837,4,3,5,9,0,0,-1,132602,10,0,0,0,0,0,0.0,0,valid
9838,4,1,7,16,0,0,-1,133758,7,0,0,0,0,0,0.0,0,valid
9839,4,3,5,10,0,0,-1,132945,10,0,0,0,0,0,0.0,0,valid
9840,4,3,5,6,0,0,-1,132495,10,0,0,0,0,0,0.0,0,valid
9841,4,3,5,7,0,0,-1,134583,10,0,0,0,0,0,0.0,0,valid
9842,4,3,5,3,0,0,-1,135046,10,0,0,0,0,0,0.0,0,valid
9843,4,6,1,14,4,0,-1,134955,9,0,0,0,0,0,0.0,0,valid
9844,4,1,7,5,0,0,-1,132647,7,0,0,0,0,0,0.0,0,valid
9845,4,1,7,8,0,0,-1,132539,7,0,0,0,0,0,0.0,0,valid
9846,4,1,7,9,0,0,-1,132612,7,0,0,0,0,0,0.0,0,valid
9847,4,1,7,16,0,0,-1,133769,7,0,0,0,0,0,0.0,0,valid
9848,4,1,7,10,0,0,-1,132956,7,0,0,0,0,0,0.0,0,valid
9849,4,1,7,1,0,0,-1,133134,7,0,0,0,0,0,0.0,0,valid
9850,4,1,7,3,0,0,-1,135036,7,0,0,0,0,0,0.0,0,valid
9851,4,1,7,7,0,0,-1,134587,7,0,0,0,0,0,0.0,0,valid
9852,4,1,7,20,0,0,-1,132663,7,0,0,0,0,0,0.0,0,valid
9853,4,1,7,6,0,0,-1,132504,7,0,0,0,0,0,0.0,0,valid
9854,4,2,8,5,0,0,-1,132723,7,0,0,0,0,0,0.0,0,valid
9855,4,2,8,6,0,0,-1,132492,7,0,0,0,0,0,0.0,0,valid
9856,4,2,8,8,0,0,-1,132542,7,0,0,0,0,0,0.0,0,valid
9857,4,2,8,9,0,0,-1,132611,7,0,0,0,0,0,0.0,0,valid
9858,4,6,1,14,4,0,-1,134955,9,0,0,0,0,0,0.0,0,valid
9859,4,2,8,1,0,0,-1,133117,7,0,0,0,0,0,0.0,0,valid
9860,4,1,7,16,0,0,-1,133755,7,0,0,0,0,0,0.0,0,valid
9861,4,2,8,10,0,0,-1,132956,7,0,0,0,0,0,0.0,0,valid
9862,4,2,8,7,0,0,-1,134587,7,0,0,0,0,0,0.0,0,valid
9863,4,2,8,3,0,0,-1,135039,7,0,0,0,0,0,0.0,0,valid
9864,4,3,5,8,0,0,-1,132539,10,0,0,0,0,0,0.0,0,valid
9865,4,3,5,9,0,0,-1,132606,10,0,0,0,0,0,0.0,0,valid
9866,4,3,5,5,0,0,-1,132634,10,0,0,0,0,0,0.0,0,valid
9867,4,1,7,16,0,0,-1,133757,7,0,0,0,0,0,0.0,0,valid
9868,4,3,5,10,0,0,-1,132962,10,0,0,0,0,0,0.0,0,valid
9869,4,3,5,6,0,0,-1,132515,10,0,0,0,0,0,0.0,0,valid
9870,4,3,5,1,0,0,-1,132768,10,0,0,0,0,0,0.0,0,valid
9871,4,3,5,7,0,0,-1,134583,10,0,0,0,0,0,0.0,0,valid
9872,4,3,5,3,0,0,-1,135040,10,0,0,0,0,0,0.0,0,valid
9873,4,6,1,14,4,0,-1,134953,9,0,0,0,0,0,0.0,0,valid
9874,4,1,7,5,0,0,-1,135017,7,0,0,0,0,0,0.0,0,valid
9875,4,1,7,6,0,0,-1,132499,7,0,0,0,0,0,0.0,0,valid
9876,4,1,7,8,0,0,-1,132539,7,0,0,0,0,0,0.0,0,valid
9877,4,1,7,16,0,0,-1,133765,7,0,0,0,0,0,0.0,0,valid
9878,4,1,7,1,0,0,-1,133153,7,0,0,0,0,0,0.0,0,valid
9879,4,1,7,9,0,0,-1,132608,7,0,0,0,0,0,0.0,0,valid
9880,4,1,7,10,0,0,-1,132955,7,0,0,0,0,0,0.0,0,valid
9881,4,1,7,3,0,0,-1,135033,7,0,0,0,0,0,0.0,0,valid
9883,4,1,7,7,0,0,-1,134588,7,0,0,0,0,0,0.0,0,valid
9884,4,1,7,20,0,0,-1,132664,7,0,0,0,0,0,0.0,0,valid
9885,4,2,8,8,0,0,-1,132541,7,0,0,0,0,0,0.0,0,valid
9886,4,2,8,9,0,0,-1,132605,7,0,0,0,0,0,0.0,0,valid
9887,4,2,8,5,0,0,-1,132722,7,0,0,0,0,0,0.0,0,valid
9889,4,2,8,1,0,0,-1,132514,7,0,0,0,0,0,0.0,0,valid
9890,4,1,7,16,0,0,-1,133761,7,0,0,0,0,0,0.0,0,valid
9891,4,2,8,6,0,0,-1,132506,7,0,0,0,0,0,0.0,0,valid
9892,4,2,8,10,0,0,-1,132949,7,0,0,0,0,0,0.0,0,valid
9893,4,2,8,7,0,0,-1,134594,7,0,0,0,0,0,0.0,0,valid
9894,4,2,8,3,0,0,-1,135039,7,0,0,0,0,0,0.0,0,valid
9895,4,3,5,8,0,0,-1,132589,10,0,0,0,0,0,0.0,0,valid
9896,4,3,5,9,0,0,-1,132616,10,0,0,0,0,0,0.0,0,valid
9897,4,3,5,5,0,0,-1,132631,10,0,0,0,0,0,0.0,0,valid
9898,4,1,7,16,0,0,-1,133759,7,0,0,0,0,0,0.0,0,valid
9899,4,6,1,14,4,0,-1,134951,9,0,0,0,0,0,0.0,0,valid
9900,4,3,5,10,0,0,-1,132946,10,0,0,0,0,0,0.0,0,valid
9901,4,3,5,6,0,0,-1,132516,10,0,0,0,0,0,0.0,0,valid
9902,4,3,5,1,0,0,-1,133139,10,0,0,0,0,0,0.0,0,valid
9903,4,3,5,7,0,0,-1,134583,10,0,0,0,0,0,0.0,0,valid
9904,4,3,5,3,0,0,-1,135057,10,0,0,0,0,0,0.0,0,valid
9905,4,1,7,5,0,0,-1,135017,7,0,0,0,0,0,0.0,0,valid
9906,4,1,7,6,0,0,-1,132499,7,0,0,0,0,0,0.0,0,valid
9907,4,1,7,8,0,0,-1,132539,7,0,0,0,0,0,0.0,0,valid
9908,4,1,7,16,0,0,-1,133754,7,0,0,0,0,0,0.0,0,valid
9909,4,1,7,9,0,0,-1,132608,7,0,0,0,0,0,0.0,0,valid
9910,4,1,7,10,0,0,-1,132951,7,0,0,0,0,0,0.0,0,valid
9911,4,1,7,7,0,0,-1,134593,7,0,0,0,0,0,0.0,0,valid
9912,4,1,7,3,0,0,-1,135033,7,0,0,0,0,0,0.0,0,valid
9913,4,1,7,20,0,0,-1,132644,7,0,0,0,0,0,0.0,0,valid
9915,4,1,7,1,0,0,-1,133693,7,0,0,0,0,0,0.0,0,valid
9916,4,2,8,6,0,0,-1,132506,7,0,0,0,0,0,0.0,0,valid
9917,4,2,8,8,0,0,-1,132542,7,0,0,0,0,0,0.0,0,valid
9918,4,6,1,14,4,0,-1,134949,9,0,0,0,0,0,0.0,0,valid
9919,4,1,7,16,0,0,-1,133753,7,0,0,0,0,0,0.0,0,valid
9920,4,2,8,10,0,0,-1,132959,7,0,0,0,0,0,0.0,0,valid
9921,4,2,8,1,0,0,-1,133119,7,0,0,0,0,0,0.0,0,valid
9922,4,2,8,7,0,0,-1,134594,7,0,0,0,0,0,0.0,0,valid
9923,4,2,8,3,0,0,-1,135049,7,0,0,0,0,0,0.0,0,valid
9924,4,2,8,5,0,0,-1,132723,7,0,0,0,0,0,0.0,0,valid
9925,4,2,8,9,0,0,-1,132608,7,0,0,0,0,0,0.0,0,valid
9926,4,3,5,8,0,0,-1,132589,10,0,0,0,0,0,0.0,0,valid
9927,4,3,5,9,0,0,-1,132612,10,0,0,0,0,0,0.0,0,valid
9928,4,3,5,5,0,0,-1,132750,10,0,0,0,0,0,0.0,0,valid
9929,4,1,7,16,0,0,-1,133770,7,0,0,0,0,0,0.0,0,valid
9930,4,3,5,10,0,0,-1,132960,10,0,0,0,0,0,0.0,0,valid
9931,4,3,5,6,0,0,-1,132500,10,0,0,0,0,0,0.0,0,valid
9932,4,3,5,1,0,0,-1,133090,10,0,0,0,0,0,0.0,0,valid
9933,4,3,5,7,0,0,-1,134584,10,0,0,0,0,0,0.0,0,valid
9934,4,3,5,3,0,0,-1,135054,10,0,0,0,0,0,0.0,0,valid
9935,4,6,1,14,4,0,-1,134951,9,0,0,0,0,0,0.0,0,valid
9936,4,1,7,8,0,0,-1,132543,7,0,0,0,0,0,0.0,0,valid
9937,4,1,7,9,0,0,-1,132610,7,0,0,0,0,0,0.0,0,valid
9938,4,1,7,16,0,0,-1,133768,7,0,0,0,0,0,0.0,0,valid
9939,4,1,7,10,0,0,-1,132951,7,0,0,0,0,0,0.0,0,valid
9940,4,1,7,1,0,0,-1,133131,7,0,0,0,0,0,0.0,0,valid
9941,4,1,7,3,0,0,-1,135033,7,0,0,0,0,0,0.0,0,valid
9942,4,1,7,7,0,0,-1,134588,7,0,0,0,0,0,0.0,0,valid
9943,4,1,7,20,0,0,-1,132664,7,0,0,0,0,0,0.0,0,valid
9944,4,0,2,23,3,0,-1,134125,21,0,0,0,0,0,0.0,0,valid
9945,4,1,7,6,0,0,-1,132511,7,0,0,0,0,0,0.0,0,valid
9946,4,1,7,5,0,0,-1,135021,7,0,0,0,0,0,0.0,0,valid
9947,4,2,8,6,0,0,-1,132501,7,0,0,0,0,0,0.0,0,valid
9948,4,2,8,8,0,0,-1,132535,7,0,0,0,0,0,0.0,0,valid
9949,4,2,8,9,0,0,-1,132615,7,0,0,0,0,0,0.0,0,valid
9950,4,2,8,5,0,0,-1,132720,7,0,0,0,0,0,0.0,0,valid
9951,4,1,7,16,0,0,-1,133770,7,0,0,0,0,0,0.0,0,valid
9952,4,2,8,10,0,0,-1,132956,7,0,0,0,0,0,0.0,0,valid
9953,4,2,8,1,0,0,-1,133126,7,0,0,0,0,0,0.0,0,valid
9954,4,2,8,7,0,0,-1,134592,7,0,0,0,0,0,0.0,0,valid
9955,4,2,8,3,0,0,-1,135032,7,0,0,0,0,0,0.0,0,valid
9956,4,3,5,9,0,0,-1,132600,10,0,0,0,0,0,0.0,0,valid
9957,4,3,5,5,0,0,-1,132759,10,0,0,0,0,0,0.0,0,valid
9958,4,6,1,14,4,0,-1,134948,9,0,0,0,0,0,0.0,0,valid
9959,4,1,7,16,0,0,-1,133772,7,0,0,0,0,0,0.0,0,valid
9960,4,3,5,10,0,0,-1,132960,10,0,0,0,0,0,0.0,0,valid
9961,4,3,5,6,0,0,-1,132497,10,0,0,0,0,0,0.0,0,valid
9962,4,3,5,8,0,0,-1,132589,10,0,0,0,0,0,0.0,0,valid
9963,4,3,5,1,0,0,-1,132767,10,0,0,0,0,0,0.0,0,valid
9964,4,3,5,7,0,0,-1,134586,10,0,0,0,0,0,0.0,0,valid
9965,4,3,5,3,0,0,-1,135036,10,0,0,0,0,0,0.0,0,valid
9966,4,4,6,5,0,0,-1,132722,11,0,0,0,0,0,0.0,0,valid
9967,4,4,6,10,0,0,-1,132957,11,0,0,0,0,0,0.0,0,valid
9968,4,4,6,6,0,0,-1,132500,11,0,0,0,0,0,0.0,0,valid
9969,4,4,6,1,0,0,-1,133127,11,0,0,0,0,0,0.0,0,valid
9970,4,4,6,7,0,0,-1,134586,11,0,0,0,0,0,0.0,0,valid
9971,4,4,6,3,0,0,-1,135054,11,0,0,0,0,0,0.0,0,valid
9972,4,4,6,9,0,0,-1,132602,11,0,0,0,0,0,0.0,0,valid
9973,4,4,6,8,0,0,-1,132588,11,0,0,0,0,0,0.0,0,valid
9974,4,6,1,14,4,0,-1,135971,9,0,0,0,0,0,0.0,0,valid
10057,4,1,7,5,0,0,-1,132724,7,0,0,0,0,0,0.0,0,valid
10058,4,1,7,8,0,0,-1,132543,7,0,0,0,0,0,0.0,0,valid
10059,4,1,7,9,0,0,-1,132606,7,0,0,0,0,0,0.0,0,valid
10060,4,1,7,16,0,0,-1,133772,7,0,0,0,0,0,0.0,0,valid
10061,4,1,7,1,0,0,-1,133134,7,0,0,0,0,0,0.0,0,valid
10062,4,1,7,10,0,0,-1,132957,7,0,0,0,0,0,0.0,0,valid
10063,4,1,7,3,0,0,-1,135049,7,0,0,0,0,0,0.0,0,valid
10064,4,1,7,7,0,0,-1,134589,7,0,0,0,0,0,0.0,0,valid
10065,4,1,7,20,0,0,-1,132687,7,0,0,0,0,0,0.0,0,valid
10066,4,1,7,6,0,0,-1,132492,7,0,0,0,0,0,0.0,0,valid
10067,4,2,8,6,0,0,-1,132505,7,0,0,0,0,0,0.0,0,valid
10068,4,2,8,8,0,0,-1,132535,7,0,0,0,0,0,0.0,0,valid
10069,4,2,8,9,0,0,-1,132613,7,0,0,0,0,0,0.0,0,valid
10070,4,2,8,5,0,0,-1,132632,7,0,0,0,0,0,0.0,0,valid
10071,4,1,7,16,0,0,-1,133758,7,0,0,0,0,0,0.0,0,valid
10072,4,2,8,10,0,0,-1,132946,7,0,0,0,0,0,0.0,0,valid
10073,4,2,8,1,0,0,-1,133111,7,0,0,0,0,0,0.0,0,valid
10074,4,2,8,7,0,0,-1,134591,7,0,0,0,0,0,0.0,0,valid
10075,4,2,8,3,0,0,-1,135044,7,0,0,0,0,0,0.0,0,valid
10076,4,3,5,9,0,0,-1,132613,10,0,0,0,0,0,0.0,0,valid
10077,4,3,5,5,0,0,-1,132750,10,0,0,0,0,0,0.0,0,valid
10078,4,6,1,14,4,0,-1,135964,9,0,0,0,0,0,0.0,0,valid
10079,4,1,7,16,0,0,-1,133754,7,0,0,0,0,0,0.0,0,valid
10080,4,3,5,10,0,0,-1,132963,10,0,0,0,0,0,0.0,0,valid
10081,4,3,5,6,0,0,-1,132524,10,0,0,0,0,0,0.0,0,valid
10082,4,3,5,8,0,0,-1,132587,10,0,0,0,0,0,0.0,0,valid
10083,4,3,5,1,0,0,-1,132767,10,0,0,0,0,0,0.0,0,valid
10084,4,3,5,7,0,0,-1,134584,10,0,0,0,0,0,0.0,0,valid
10085,4,3,5,3,0,0,-1,135061,10,0,0,0,0,0,0.0,0,valid
10086,4,4,6,5,0,0,-1,132722,11,0,0,0,0,0,0.0,0,valid
10087,4,4,6,10,0,0,-1,132955,11,0,0,0,0,0,0.0,0,valid
10088,4,4,6,6,0,0,-1,132502,11,0,0,0,0,0,0.0,0,valid
10089,4,4,6,8,0,0,-1,132542,11,0,0,0,0,0,0.0,0,valid
10090,4,4,6,1,0,0,-1,133078,11,0,0,0,0,0,0.0,0,valid
10091,4,4,6,7,0,0,-1,134589,11,0,0,0,0,0,0.0,0,valid
10092,4,4,6,3,0,0,-1,135039,11,0,0,0,0,0,0.0,0,valid
10093,4,6,1,14,4,0,-1,134952,9,0,0,0,0,0,0.0,0,valid
10094,4,4,6,9,0,0,-1,132607,11,0,0,0,0,0,0.0,0,valid
10095,4,1,7,8,0,0,-1,132543,7,0,0,0,0,0,0.0,0,valid
10096,4,1,7,9,0,0,-1,132611,7,0,0,0,0,0,0.0,0,valid
10097,4,1,7,1,0,0,-1,132767,7,0,0,0,0,0,0.0,0,valid
10098,4,1,7,16,0,0,-1,133769,7,0,0,0,0,0,0.0,0,valid
10099,4,1,7,10,0,0,-1,132955,7,0,0,0,0,0,0.0,0,valid
10100,4,1,7,3,0,0,-1,135037,7,0,0,0,0,0,0.0,0,valid
10101,4,1,7,7,0,0,-1,134590,7,0,0,0,0,0,0.0,0,valid
10102,4,1,7,20,0,0,-1,132680,7,0,0,0,0,0,0.0,0,valid
10103,4,1,7,6,0,0,-1,132514,7,0,0,0,0,0,0.0,0,valid
10104,4,1,7,5,0,0,-1,132651,7,0,0,0,0,0,0.0,0,valid
10105,4,2,8,5,0,0,-1,132725,7,0,0,0,0,0,0.0,0,valid
10106,4,2,8,8,0,0,-1,132541,7,0,0,0,0,0,0.0,0,valid
10107,4,2,8,9,0,0,-1,132604,7,0,0,0,0,0,0.0,0,valid
10108,4,1,7,16,0,0,-1,133762,7,0,0,0,0,0,0.0,0,valid
10109,4,2,8,6,0,0,-1,132500,7,0,0,0,0,0,0.0,0,valid
10110,4,2,8,10,0,0,-1,132958,7,0,0,0,0,0,0.0,0,valid
10111,4,2,8,1,0,0,-1,133152,7,0,0,0,0,0,0.0,0,valid
10112,4,2,8,7,0,0,-1,134586,7,0,0,0,0,0,0.0,0,valid
10113,4,2,8,3,0,0,-1,135039,7,0,0,0,0,0,0.0,0,valid
10118,4,3,5,5,0,0,-1,132632,10,0,0,0,0,0,0.0,0,valid
10119,4,3,5,8,0,0,-1,132586,10,0,0,0,0,0,0.0,0,valid
10120,4,1,7,16,0,0,-1,133758,7,0,0,0,0,0,0.0,0,valid
10121,4,3,5,10,0,0,-1,132944,10,0,0,0,0,0,0.0,0,valid
10122,4,3,5,6,0,0,-1,132496,10,0,0,0,0,0,0.0,0,valid
10123,4,3,5,1,0,0,-1,132768,10,0,0,0,0,0,0.0,0,valid
10124,4,3,5,7,0,0,-1,134584,10,0,0,0,0,0,0.0,0,valid
10125,4,3,5,3,0,0,-1,135033,10,0,0,0,0,0,0.0,0,valid
10126,4,3,5,9,0,0,-1,132613,10,0,0,0,0,0,0.0,0,valid
10127,4,4,6,9,0,0,-1,132615,11,0,0,0,0,0,0.0,0,valid
10128,4,4,6,5,0,0,-1,132746,11,0,0,0,0,0,0.0,0,valid
10129,4,4,6,10,0,0,-1,132965,11,0,0,0,0,0,0.0,0,valid
10130,4,4,6,6,0,0,-1,132519,11,0,0,0,0,0,0.0,0,valid
10131,4,4,6,8,0,0,-1,132583,11,0,0,0,0,0,0.0,0,valid
10132,4,4,6,1,0,0,-1,133071,11,0,0,0,0,0,0.0,0,valid
10133,4,4,6,7,0,0,-1,134583,11,0,0,0,0,0,0.0,0,valid
10134,4,4,6,3,0,0,-1,135045,11,0,0,0,0,0,0.0,0,valid
10135,4,1,7,5,0,0,-1,135021,7,0,0,0,0,0,0.0,0,valid
10136,4,1,7,9,0,0,-1,132604,7,0,0,0,0,0,0.0,0,valid
10137,4,1,7,8,0,0,-1,132542,7,0,0,0,0,0,0.0,0,valid
10138,4,1,7,16,0,0,-1,133768,7,0,0,0,0,0,0.0,0,valid
10139,4,1,7,1,0,0,-1,132768,7,0,0,0,0,0,0.0,0,valid
10140,4,1,7,10,0,0,-1,132940,7,0,0,0,0,0,0.0,0,valid
10141,4,1,7,7,0,0,-1,134593,7,0,0,0,0,0,0.0,0,valid
10142,4,1,7,3,0,0,-1,135033,7,0,0,0,0,0,0.0,0,valid
10144,4,1,7,6,0,0,-1,132493,7,0,0,0,0,0,0.0,0,valid
10145,4,2,8,6,0,0,-1,132501,7,0,0,0,0,0,0.0,0,valid
10146,4,2,8,8,0,0,-1,132541,7,0,0,0,0,0,0.0,0,valid
10147,4,2,8,9,0,0,-1,132617,7,0,0,0,0,0,0.0,0,valid
10148,4,1,7,16,0,0,-1,133762,7,0,0,0,0,0,0.0,0,valid
10149,4,2,8,10,0,0,-1,132957,7,0,0,0,0,0,0.0,0,valid
10150,4,2,8,1,0,0,-1,133156,7,0,0,0,0,0,0.0,0,valid
10151,4,2,8,5,0,0,-1,132646,7,0,0,0,0,0,0.0,0,valid
10152,4,2,8,7,0,0,-1,134586,7,0,0,0,0,0,0.0,0,valid
10153,4,2,8,3,0,0,-1,135055,7,0,0,0,0,0,0.0,0,valid
10154,4,3,5,6,0,0,-1,132500,10,0,0,0,0,0,0.0,0,valid
10155,4,3,5,8,0,0,-1,132536,10,0,0,0,0,0,0.0,0,valid
10156,4,3,5,9,0,0,-1,132617,10,0,0,0,0,0,0.0,0,valid
10157,4,3,5,5,0,0,-1,132629,10,0,0,0,0,0,0.0,0,valid
10158,4,6,1,14,4,0,-1,134951,9,0,0,0,0,0,0.0,0,valid
10159,4,1,7,16,0,0,-1,133770,7,0,0,0,0,0,0.0,0,valid
10160,4,3,5,1,0,0,-1,132767,10,0,0,0,0,0,0.0,0,valid
10161,4,3,5,10,0,0,-1,132960,10,0,0,0,0,0,0.0,0,valid
10162,4,3,5,7,0,0,-1,134586,10,0,0,0,0,0,0.0,0,valid
10163,4,3,5,3,0,0,-1,135054,10,0,0,0,0,0,0.0,0,valid
10164,4,4,6,5,0,0,-1,132751,11,0,0,0,0,0,0.0,0,valid
10165,4,4,6,10,0,0,-1,132963,11,0,0,0,0,0,0.0,0,valid
10166,4,4,6,6,0,0,-1,132521,11,0,0,0,0,0,0.0,0,valid
10167,4,4,6,8,0,0,-1,132584,11,0,0,0,0,0,0.0,0,valid
10168,4,4,6,1,0,0,-1,132767,11,0,0,0,0,0,0.0,0,valid
10169,4,4,6,7,0,0,-1,134586,11,0,0,0,0,0,0.0,0,valid
10170,4,4,6,3,0,0,-1,135061,11,0,0,0,0,0,0.0,0,valid
10171,4,4,6,9,0,0,-1,132613,11,0,0,0,0,0,0.0,0,valid
10172,4,1,7,3,0,0,-1,135052,7,0,0,0,0,0,0.0,0,valid
10173,4,1,7,9,0,0,-1,132609,7,0,0,0,0,0,0.0,0,valid
10174,4,1,7,16,0,0,-1,133754,7,0,0,0,0,0,0.0,0,valid
10175,4,1,7,1,0,0,-1,133163,7,0,0,0,0,0,0.0,0,valid
10176,4,1,7,10,0,0,-1,132957,7,0,0,0,0,0,0.0,0,valid
10177,4,1,7,7,0,0,-1,134586,7,0,0,0,0,0,0.0,0,valid
10178,4,1,7,20,0,0,-1,132658,7,0,0,0,0,0,0.0,0,valid
10179,4,1,7,8,0,0,-1,132543,7,0,0,0,0,0,0.0,0,valid
10180,4,1,7,6,0,0,-1,132491,7,0,0,0,0,0,0.0,0,valid
10181,4,1,7,5,0,0,-1,135021,7,0,0,0,0,0,0.0,0,valid
10182,4,2,8,5,0,0,-1,132717,7,0,0,0,0,0,0.0,0,valid
10183,4,2,8,8,0,0,-1,132542,7,0,0,0,0,0,0.0,0,valid
10184,4,2,8,9,0,0,-1,132602,7,0,0,0,0,0,0.0,0,valid
10185,4,1,7,16,0,0,-1,133770,7,0,0,0,0,0,0.0,0,valid
10186,4,2,8,10,0,0,-1,132937,7,0,0,0,0,0,0.0,0,valid
10187,4,2,8,1,0,0,-1,133148,7,0,0,0,0,0,0.0,0,valid
10188,4,2,8,7,0,0,-1,134586,7,0,0,0,0,0,0.0,0,valid
10189,4,2,8,3,0,0,-1,135054,7,0,0,0,0,0,0.0,0,valid
10190,4,2,8,6,0,0,-1,132502,7,0,0,0,0,0,0.0,0,valid
10191,4,3,5,9,0,0,-1,132613,10,0,0,0,0,0,0.0,0,valid
10192,4,3,5,8,0,0,-1,132588,10,0,0,0,0,0,0.0,0,valid
10193,4,3,5,5,0,0,-1,132628,10,0,0,0,0,0,0.0,0,valid
10194,4,1,7,16,0,0,-1,133766,7,0,0,0,0,0,0.0,0,valid
10195,4,6,1,14,4,0,-1,134956,9,0,0,0,0,0,0.0,0,valid
10196,4,3,5,10,0,0,-1,132957,10,0,0,0,0,0,0.0,0,valid
10197,4,3,5,6,0,0,-1,132493,10,0,0,0,0,0,0.0,0,valid
10198,4,3,5,1,0,0,-1,133127,10,0,0,0,0,0,0.0,0,valid
10199,4,3,5,7,0,0,-1,134583,10,0,0,0,0,0,0.0,0,valid
10200,4,3,5,3,0,0,-1,135059,10,0,0,0,0,0,0.0,0,valid
10201,4,4,6,8,0,0,-1,132535,11,0,0,0,0,0,0.0,0,valid
10202,4,4,6,9,0,0,-1,132602,11,0,0,0,0,0,0.0,0,valid
10203,4,4,6,5,0,0,-1,132739,11,0,0,0,0,0,0.0,0,valid
10204,4,6,1,14,4,0,-1,134955,9,0,0,0,0,0,0.0,0,valid
10205,4,4,6,10,0,0,-1,132938,11,0,0,0,0,0,0.0,0,valid
10206,4,4,6,6,0,0,-1,132495,11,0,0,0,0,0,0.0,0,valid
10207,4,4,6,1,0,0,-1,132767,11,0,0,0,0,0,0.0,0,valid
10208,4,4,6,7,0,0,-1,134581,11,0,0,0,0,0,0.0,0,valid
10209,4,4,6,3,0,0,-1,135044,11,0,0,0,0,0,0.0,0,valid
10210,4,1,7,3,0,0,-1,135041,7,0,0,0,0,0,0.0,0,valid
10211,4,1,7,8,0,0,-1,132536,7,0,0,0,0,0,0.0,0,valid
10212,4,1,7,16,0,0,-1,133758,7,0,0,0,0,0,0.0,0,valid
10213,4,1,7,9,0,0,-1,132612,7,0,0,0,0,0,0.0,0,valid
10214,4,1,7,10,0,0,-1,132939,7,0,0,0,0,0,0.0,0,valid
10215,4,1,7,20,0,0,-1,132671,7,0,0,0,0,0,0.0,0,valid
10216,4,1,7,6,0,0,-1,132518,7,0,0,0,0,0,0.0,0,valid
10217,4,1,7,7,0,0,-1,134586,7,0,0,0,0,0,0.0,0,valid
10218,4,1,7,5,0,0,-1,132649,7,0,0,0,0,0,0.0,0,valid
10219,4,1,7,1,0,0,-1,132767,7,0,0,0,0,0,0.0,0,valid
10220,4,2,8,5,0,0,-1,132717,7,0,0,0,0,0,0.0,0,valid
10221,4,2,8,6,0,0,-1,132501,7,0,0,0,0,0,0.0,0,valid
10222,4,2,8,8,0,0,-1,132535,7,0,0,0,0,0,0.0,0,valid
10223,4,2,8,9,0,0,-1,132615,7,0,0,0,0,0,0.0,0,valid
10224,4,1,7,16,0,0,-1,133754,7,0,0,0,0,0,0.0,0,valid
10225,4,2,8,10,0,0,-1,132949,7,0,0,0,0,0,0.0,0,valid
10226,4,2,8,1,0,0,-1,133076,7,0,0,0,0,0,0.0,0,valid
10227,4,2,8,7,0,0,-1,134586,7,0,0,0,0,0,0.0,0,valid
10228,4,2,8,3,0,0,-1,135042,7,0,0,0,0,0,0.0,0,valid
10229,4,3,5,9,0,0,-1,132602,10,0,0,0,0,0,0.0,0,valid
10230,4,3,5,5,0,0,-1,132751,10,0,0,0,0,0,0.0,0,valid
10231,4,1,7,16,0,0,-1,133770,7,0,0,0,0,0,0.0,0,valid
10232,4,3,5,10,0,0,-1,132937,10,0,0,0,0,0,0.0,0,valid
10233,4,3,5,6,0,0,-1,132500,10,0,0,0,0,0,0.0,0,valid
10234,4,3,5,8,0,0,-1,132589,10,0,0,0,0,0,0.0,0,valid
10235,4,3,5,1,0,0,-1,133076,10,0,0,0,0,0,0.0,0,valid
10236,4,3,5,7,0,0,-1,134586,10,0,0,0,0,0,0.0,0,valid
10237,4,3,5,3,0,0,-1,135054,10,0,0,0,0,0,0.0,0,valid
10238,4,4,6,8,0,0,-1,132535,11,0,0,0,0,0,0.0,0,valid
10239,4,4,6,9,0,0,-1,132602,11,0,0,0,0,0,0.0,0,valid
10240,4,4,6,5,0,0,-1,132723,11,0,0,0,0,0,0.0,0,valid
10241,4,4,6,1,0,0,-1,133123,11,0,0,0,0,0,0.0,0,valid
10242,4,4,6,10,0,0,-1,132938,11,0,0,0,0,0,0.0,0,valid
10243,4,4,6,6,0,0,-1,132499,11,0,0,0,0,0,0.0,0,valid
10244,4,4,6,7,0,0,-1,134583,11,0,0,0,0,0,0.0,0,valid
10245,4,4,6,3,0,0,-1,135049,11,0,0,0,0,0,0.0,0,valid
10246,4,1,7,5,0,0,-1,135008,7,0,0,0,0,0,0.0,0,valid
10247,4,1,7,8,0,0,-1,132539,7,0,0,0,0,0,0.0,0,valid
10248,4,1,7,9,0,0,-1,132606,7,0,0,0,0,0,0.0,0,valid
10250,4,1,7,1,0,0,-1,133153,7,0,0,0,0,0,0.0,0,valid
10251,4,1,7,10,0,0,-1,132961,7,0,0,0,0,0,0.0,0,valid
10252,4,1,7,7,0,0,-1,134589,7,0,0,0,0,0,0.0,0,valid
10253,4,1,7,3,0,0,-1,135040,7,0,0,0,0,0,0.0,0,valid
10254,4,1,7,20,0,0,-1,132670,7,0,0,0,0,0,0.0,0,valid
10255,4,1,7,6,0,0,-1,132493,7,0,0,0,0,0,0.0,0,valid
10256,4,2,8,9,0,0,-1,132612,7,0,0,0,0,0,0.0,0,valid
10257,4,2,8,8,0,0,-1,132541,7,0,0,0,0,0,0.0,0,valid
10258,4,1,7,16,0,0,-1,133760,7,0,0,0,0,0,0.0,0,valid
10259,4,2,8,6,0,0,-1,132495,7,0,0,0,0,0,0.0,0,valid
10260,4,2,8,10,0,0,-1,132959,7,0,0,0,0,0,0.0,0,valid
10261,4,2,8,1,0,0,-1,133694,7,0,0,0,0,0,0.0,0,valid
10262,4,2,8,7,0,0,-1,134586,7,0,0,0,0,0,0.0,0,valid
10263,4,2,8,3,0,0,-1,135046,7,0,0,0,0,0,0.0,0,valid
10265,4,3,5,9,0,0,-1,132602,10,0,0,0,0,0,0.0,0,valid
10266,4,3,5,5,0,0,-1,132751,10,0,0,0,0,0,0.0,0,valid
10267,4,1,7,16,0,0,-1,133766,7,0,0,0,0,0,0.0,0,valid
10268,4,3,5,10,0,0,-1,132938,10,0,0,0,0,0,0.0,0,valid
10269,4,3,5,6,0,0,-1,132500,10,0,0,0,0,0,0.0,0,valid
10270,4,3,5,8,0,0,-1,132584,10,0,0,0,0,0,0.0,0,valid
10271,4,6,1,14,4,0,-1,134948,9,0,0,0,0,0,0.0,0,valid
10272,4,3,5,1,0,0,-1,133345,10,0,0,0,0,0,0.0,0,valid
10273,4,3,5,7,0,0,-1,134586,10,0,0,0,0,0,0.0,0,valid
10274,4,3,5,3,0,0,-1,135054,10,0,0,0,0,0,0.0,0,valid
10275,4,4,6,5,0,0,-1,132647,11,0,0,0,0,0,0.0,0,valid
10276,4,4,6,8,0,0,-1,132535,11,0,0,0,0,0,0.0,0,valid
10277,4,4,6,10,0,0,-1,132938,11,0,0,0,0,0,0.0,0,valid
10278,4,4,6,6,0,0,-1,132493,11,0,0,0,0,0,0.0,0,valid
10279,4,4,6,1,0,0,-1,133078,11,0,0,0,0,0,0.0,0,valid
10280,4,4,6,7,0,0,-1,134583,11,0,0,0,0,0,0.0,0,valid
10281,4,4,6,3,0,0,-1,135033,11,0,0,0,0,0,0.0,0,valid
10282,4,4,6,9,0,0,-1,132602,11,0,0,0,0,0,0.0,0,valid
10287,4,1,7,3,0,0,-1,135044,7,0,0,0,0,0,0.0,0,valid
10288,4,1,7,1,0,0,-1,133693,7,0,0,0,0,0,0.0,0,valid
10289,4,1,7,1,0,0,-1,133117,7,0,0,0,0,0,0.0,0,valid
10362,4,6,1,14,4,0,-1,135940,9,0,0,0,0,0,0.0,0,valid
10363,4,6,1,14,4,0,-1,134949,9,0,0,0,0,0,0.0,0,valid
10364,4,6,1,14,4,0,-1,134951,9,0,0,0,0,0,0.0,0,valid
10365,4,6,1,14,4,0,-1,134950,9,0,0,0,0,0,0.0,0,valid
10366,4,6,1,14,4,0,-1,136185,9,0,0,0,0,0,0.0,0,valid
10367,4,6,1,14,4,0,-1,135940,9,0,0,0,0,0,0.0,0,valid
10368,4,4,6,5,0,0,-1,132744,11,0,0,0,0,0,0.0,0,valid
10369,4,4,6,10,0,0,-1,132940,11,0,0,0,0,0,0.0,0,valid
10370,4,4,6,6,0,0,-1,132501,11,0,0,0,0,0,0.0,0,valid
10371,4,4,6,8,0,0,-1,132586,11,0,0,0,0,0,0.0,0,valid
10372,4,4,6,1,0,0,-1,133074,11,0,0,0,0,0,0.0,0,valid
10373,4,4,6,7,0,0,-1,134588,11,0,0,0,0,0,0.0,0,valid
10374,4,4,6,3,0,0,-1,135033,11,0,0,0,0,0,0.0,0,valid
10375,4,4,6,9,0,0,-1,132606,11,0,0,0,0,0,0.0,0,valid
10376,4,4,6,8,0,0,-1,132589,11,0,0,0,0,0,0.0,0,valid
10377,4,4,6,9,0,0,-1,132612,11,0,0,0,0,0,0.0,0,valid
10378,4,4,6,5,0,0,-1,132741,11,0,0,0,0,0,0.0,0,valid
10379,4,4,6,1,0,0,-1,133069,11,0,0,0,0,0,0.0,0,valid
10380,4,4,6,10,0,0,-1,132966,11,0,0,0,0,0,0.0,0,valid
10381,4,4,6,6,0,0,-1,132502,11,0,0,0,0,0,0.0,0,valid
10382,4,4,6,7,0,0,-1,134583,11,0,0,0,0,0,0.0,0,valid
10383,4,4,6,3,0,0,-1,135032,11,0,0,0,0,0,0.0,0,valid
10385,4,4,6,8,0,0,-1,132589,11,0,0,0,0,0,0.0,0,valid
10386,4,4,6,10,0,0,-1,132937,11,0,0,0,0,0,0.0,0,valid
10387,4,4,6,6,0,0,-1,132517,11,0,0,0,0,0,0.0,0,valid
10388,4,4,6,1,0,0,-1,133101,11,0,0,0,0,0,0.0,0,valid
10389,4,4,6,7,0,0,-1,134584,11,0,0,0,0,0,0.0,0,valid
10390,4,4,6,3,0,0,-1,135054,11,0,0,0,0,0,0.0,0,valid
10391,4,4,6,9,0,0,-1,132616,11,0,0,0,0,0,0.0,0,valid
10399,4,2,8,5,0,0,-1,132723,7,0,0,0,0,0,0.0,0,valid
10400,4,2,8,7,0,0,-1,134592,7,0,0,0,0,0,0.0,0,valid
10401,4,2,8,10,0,0,-1,132952,7,0,0,0,0,0,0.0,0,valid
10402,4,2,8,8,0,0,-1,132539,7,0,0,0,0,0,0.0,0,valid
10403,4,2,8,6,0,0,-1,132515,7,0,0,0,0,0,0.0,0,valid
10404,4,1,7,6,0,0,-1,132492,7,0,0,0,0,0,0.0,0,valid
10406,4,2,8,1,0,0,-1,133681,7,0,0,0,0,0,0.0,0,valid
10408,4,3,5,1,0,0,-1,133138,10,0,0,0,0,0,0.0,0,valid
10409,4,3,5,8,0,0,-1,132535,10,0,0,0,0,0,0.0,0,valid
10410,4,2,8,7,0,0,-1,134591,7,0,0,0,0,0,0.0,0,valid
10411,4,2,8,8,0,0,-1,132538,7,0,0,0,0,0,0.0,0,valid
10412,4,2,8,6,0,0,-1,132519,7,0,0,0,0,0,0.0,0,valid
10413,4,2,8,10,0,0,-1,132952,7,0,0,0,0,0,0.0,0,valid
10553,4,1,7,5,0,0,-1,135009,7,0,0,0,0,0,0.0,0,valid
10554,4,1,7,7,0,0,-1,134587,7,0,0,0,0,0,0.0,0,valid
10657,4,1,7,3,0,0,-1,135040,7,0,0,0,0,0,0.0,0,valid
10658,4,3,5,8,0,0,-1,132541,10,0,0,0,0,0,0.0,0,valid
10919,4,1,7,10,0,0,-1,132940,7,0,0,0,0,0,0.0,0,valid
11121,2,7,1,21,3,0,-1,135346,8,0,0,0,0,0,0.0,0,valid
11122,4,0,4,12,0,0,-1,134010,16,0,0,0,0,0,0.0,0,valid
11302,4,0,5,12,0,0,-1,133439,14,0,0,0,0,0,0.0,0,valid
11811,4,0,4,12,0,0,-1,134084,8,0,0,0,0,0,0.0,0,valid
11902,2,7,1,21,3,0,-1,135349,8,0,0,0,0,0,0.0,0,valid
11904,4,0,3,23,3,0,-1,134564,21,0,0,0,0,0,0.0,0,valid
11965,4,0,3,11,0,0,-1,133347,14,0,0,0,0,0,0.0,0,valid
11967,4,0,3,11,0,0,-1,133349,14,0,0,0,0,0,0.0,0,valid
11968,4,0,3,11,0,0,-1,133356,14,0,0,0,0,0,0.0,0,valid
11969,4,0,3,11,0,0,-1,133351,14,0,0,0,0,0,0.0,0,valid
11970,4,0,3,11,0,0,-1,133353,14,0,0,0,0,0,0.0,0,valid
11971,4,0,3,11,0,0,-1,133357,14,0,0,0,0,0,0.0,0,valid
11972,4,0,3,11,0,0,-1,133344,14,0,0,0,0,0,0.0,0,valid
11973,4,0,3,11,0,0,-1,133345,14,0,0,0,0,0,0.0,0,valid
11974,4,0,3,11,0,0,-1,133343,14,0,0,0,0,0,0.0,0,valid
11975,4,0,3,11,0,0,-1,133349,14,0,0,0,0,0,0.0,0,valid
11976,4,0,3,11,0,0,-1,133346,14,0,0,0,0,0,0.0,0,valid
11977,4,0,3,11,0,0,-1,133354,14,0,0,0,0,0,0.0,0,valid
11978,4,0,3,11,0,0,-1,133346,14,0,0,0,0,0,0.0,0,valid
11979,4,0,3,11,0,0,-1,133356,14,0,0,0,0,0,0.0,0,valid
11980,4,0,3,11,0,0,-1,133347,14,0,0,0,0,0,0.0,0,valid
11981,4,0,3,11,0,0,-1,133343,14,0,0,0,0,0,0.0,0,valid
11982,4,0,3,11,0,0,-1,133355,14,0,0,0,0,0,0.0,0,valid
11983,4,0,3,11,0,0,-1,133347,14,0,0,0,0,0,0.0,0,valid
11984,4,0,3,11,0,0,-1,133352,14,0,0,0,0,0,0.0,0,valid
11985,4,0,3,11,0,0,-1,133350,14,0,0,0,0,0,0.0,0,valid
11986,4,0,3,11,0,0,-1,133348,14,0,0,0,0,0,0.0,0,valid
11987,4,0,3,11,0,0,-1,133357,14,0,0,0,0,0,0.0,0,valid
11988,4,0,3,11,0,0,-1,133354,14,0,0,0,0,0,0.0,0,valid
11989,4,0,3,11,0,0,-1,133350,14,0,0,0,0,0,0.0,0,valid
11990,4,0,3,11,0,0,-1,133346,14,0,0,0,0,0,0.0,0,valid
11991,4,0,3,11,0,0,-1,133343,14,0,0,0,0,0,0.0,0,valid
11992,4,0,3,11,0,0,-1,133351,14,0,0,0,0,0,0.0,0,valid
11993,4,0,3,11,0,0,-1,133356,14,0,0,0,0,0,0.0,0,valid
11994,4,0,3,11,0,0,-1,133352,14,0,0,0,0,0,0.0,0,valid
11995,4,0,3,11,0,0,-1,133347,14,0,0,0,0,0,0.0,0,valid
11996,4,0,3,11,0,0,-1,133355,14,0,0,0,0,0,0.0,0,valid
11997,4,0,3,11,0,0,-1,133350,14,0,0,0,0,0,0.0,0,valid
11998,4,0,3,11,0,0,-1,133343,14,0,0,0,0,0,0.0,0,valid
11999,4,0,3,11,0,0,-1,133344,14,0,0,0,0,0,0.0,0,valid
12001,4,0,3,11,0,0,-1,133343,14,0,0,0,0,0,0.0,0,valid
12002,4,0,3,11,0,0,-1,133346,14,0,0,0,0,0,0.0,0,valid
12004,4,0,3,11,0,0,-1,133343,14,0,0,0,0,0,0.0,0,valid
12005,4,0,3,11,0,0,-1,133343,14,0,0,0,0,0,0.0,0,valid
12006,4,0,3,11,0,0,-1,133354,14,0,0,0,0,0,0.0,0,valid
12007,4,0,3,11,0,0,-1,133344,14,0,0,0,0,0,0.0,0,valid
12008,4,0,3,11,0,0,-1,133345,14,0,0,0,0,0,0.0,0,valid
12009,4,0,3,11,0,0,-1,133347,14,0,0,0,0,0,0.0,0,valid
12010,4,0,3,11,0,0,-1,133346,14,0,0,0,0,0,0.0,0,valid
12011,4,0,3,11,0,0,-1,133354,14,0,0,0,0,0,0.0,0,valid
12012,4,0,3,11,0,0,-1,133350,14,0,0,0,0,0,0.0,0,valid
12013,4,0,3,11,0,0,-1,133356,14,0,0,0,0,0,0.0,0,valid
12014,4,0,3,11,0,0,-1,133349,14,0,0,0,0,0,0.0,0,valid
12015,4,0,3,11,0,0,-1,133354,14,0,0,0,0,0,0.0,0,valid
12016,4,0,3,11,0,0,-1,133350,14,0,0,0,0,0,0.0,0,valid
12017,4,0,4,11,0,0,-1,133351,14,0,0,0,0,0,0.0,0,valid
12019,4,0,3,2,0,0,-1,133288,14,0,0,0,0,0,0.0,0,valid
12020,4,0,3,2,0,0,-1,133296,14,0,0,0,0,0,0.0,0,valid
12022,4,0,3,2,0,0,-1,133292,14,0,0,0,0,0,0.0,0,valid
12023,4,0,3,2,0,0,-1,133290,14,0,0,0,0,0,0.0,0,valid
12024,4,0,3,2,0,0,-1,133294,14,0,0,0,0,0,0.0,0,valid
12025,4,0,3,2,0,0,-1,133291,14,0,0,0,0,0,0.0,0,valid
12026,4,0,3,2,0,0,-1,133298,14,0,0,0,0,0,0.0,0,valid
12027,4,0,3,2,0,0,-1,133297,14,0,0,0,0,0,0.0,0,valid
12028,4,0,3,2,0,0,-1,133295,14,0,0,0,0,0,0.0,0,valid
12029,4,0,3,2,0,0,-1,133288,14,0,0,0,0,0,0.0,0,valid
12030,4,0,3,2,0,0,-1,133293,14,0,0,0,0,0,0.0,0,valid
12031,4,0,3,2,0,0,-1,133294,14,0,0,0,0,0,0.0,0,valid
12032,4,0,3,2,0,0,-1,133293,14,0,0,0,0,0,0.0,0,valid
12034,4,0,3,2,0,0,-1,133294,14,0,0,0,0,0,0.0,0,valid
12035,4,0,3,2,0,0,-1,133293,14,0,0,0,0,0,0.0,0,valid
12036,4,0,3,2,0,0,-1,133296,14,0,0,0,0,0,0.0,0,valid
12039,4,0,3,2,0,0,-1,133298,14,0,0,0,0,0,0.0,0,valid
12040,4,0,3,2,0,0,-1,133288,14,0,0,0,0,0,0.0,0,valid
12042,4,0,3,2,0,0,-1,133291,14,0,0,0,0,0,0.0,0,valid
12043,4,0,3,2,0,0,-1,133295,14,0,0,0,0,0,0.0,0,valid
12044,4,0,3,2,0,0,-1,133294,14,0,0,0,0,0,0.0,0,valid
12045,4,0,3,2,0,0,-1,133293,14,0,0,0,0,0,0.0,0,valid
12046,4,0,3,2,0,0,-1,133288,14,0,0,0,0,0,0.0,0,valid
12047,4,0,3,2,0,0,-1,133291,14,0,0,0,0,0,0.0,0,valid
12048,4,0,3,2,0,0,-1,133298,14,0,0,0,0,0,0.0,0,valid
12052,4,0,5,11,0,0,-1,133347,14,0,0,0,0,0,0.0,0,valid
12053,4,0,5,11,0,0,-1,133343,14,0,0,0,0,0,0.0,0,valid
12054,4,0,5,11,0,0,-1,133346,14,0,0,0,0,0,0.0,0,valid
12055,4,0,5,11,0,0,-1,133357,14,0,0,0,0,0,0.0,0,valid
12056,4,0,5,11,0,0,-1,133352,14,0,0,0,0,0,0.0,0,valid
12057,4,0,5,11,0,0,-1,133356,14,0,0,0,0,0,0.0,0,valid
12058,4,0,5,11,0,0,-1,133343,14,0,0,0,0,0,0.0,0,valid
12628,4,4,6,5,0,0,-1,132741,11,0,0,0,0,0,0.0,0,valid
12974,2,7,1,21,3,0,-1,135311,8,0,0,0,0,0,0.0,0,valid
12975,2,1,1,17,1,0,-1,132394,9,0,0,0,0,0,0.0,0,valid
12977,4,1,7,10,0,0,-1,132961,7,0,0,0,0,0,0.0,0,valid
12978,4,3,5,6,0,0,-1,132504,10,0,0,0,0,0,0.0,0,valid
12979,4,1,7,16,0,0,-1,133760,7,0,0,0,0,0,0.0,0,valid
12982,4,3,5,8,0,0,-1,132535,10,0,0,0,0,0,0.0,0,valid
12983,2,5,2,17,1,0,-1,133046,9,0,0,0,0,0,0.0,0,valid
12984,2,19,2,26,0,0,-1,135464,21,0,0,0,0,0,0.0,0,valid
12985,4,0,4,11,0,0,-1,133370,14,0,0,0,0,0,0.0,0,valid
12987,4,1,7,7,0,0,-1,134586,7,0,0,0,0,0,0.0,0,valid
12988,4,2,8,5,0,0,-1,132725,7,0,0,0,0,0,0.0,0,valid
12989,2,6,1,17,2,0,-1,135128,9,0,0,0,0,0,0.0,0,valid
12992,2,8,1,17,1,0,-1,135322,9,0,0,0,0,0,0.0,0,valid
12994,4,3,5,10,0,0,-1,132945,10,0,0,0,0,0,0.0,0,valid
12996,4,0,5,11,0,0,-1,133373,14,0,0,0,0,0,0.0,0,valid
12997,4,6,1,14,4,0,-1,134948,9,0,0,0,0,0,0.0,0,valid
12998,4,1,7,3,0,0,-1,135044,7,0,0,0,0,0,0.0,0,valid
12999,4,2,8,9,0,0,-1,132608,7,0,0,0,0,0,0.0,0,valid
13000,2,10,2,17,2,0,-1,135160,13,0,0,0,0,0,0.0,0,valid
13002,4,0,3,2,0,0,-1,133278,14,0,0,0,0,0,0.0,0,valid
13003,2,1,1,17,1,0,-1,135572,9,0,0,0,0,0,0.0,0,valid
13004,2,19,2,26,0,0,-1,135473,21,0,0,0,0,0,0.0,0,valid
13005,4,1,7,16,0,0,-1,133768,7,0,0,0,0,0,0.0,0,valid
13006,2,4,2,21,3,0,-1,133054,8,0,0,0,0,0,0.0,0,valid
13007,4,1,7,16,0,0,-1,133770,7,0,0,0,0,0,0.0,0,valid
13008,4,1,7,7,0,0,-1,134586,7,0,0,0,0,0,0.0,0,valid
13009,4,2,8,5,0,0,-1,132721,7,0,0,0,0,0,0.0,0,valid
13010,4,3,5,7,0,0,-1,134583,10,0,0,0,0,0,0.0,0,valid
13011,4,2,8,6,0,0,-1,132511,7,0,0,0,0,0,0.0,0,valid
13012,4,3,5,9,0,0,-1,132601,10,0,0,0,0,0,0.0,0,valid
13013,4,1,7,3,0,0,-1,135045,7,0,0,0,0,0,0.0,0,valid
13014,2,0,1,13,3,0,-1,132415,8,0,0,0,0,0,0.0,0,valid
13015,2,0,1,13,3,0,-1,132399,8,0,0,0,0,0,0.0,0,valid
13016,2,1,1,17,1,0,-1,132401,9,0,0,0,0,0,0.0,0,valid
13017,2,1,1,17,1,0,-1,132418,9,0,0,0,0,0,0.0,0,valid
13018,2,1,1,17,1,0,-1,132418,9,0,0,0,0,0,0.0,0,valid
13019,2,2,2,15,0,0,-1,135499,12,0,0,2,0,0,0.0,0,valid
13020,2,2,2,15,0,0,-1,135499,12,0,0,2,0,0,0.0,0,valid
13021,2,2,2,15,0,0,-1,135496,12,0,0,2,0,0,0.0,0,valid
13022,2,2,2,15,0,0,-1,135499,12,0,0,2,0,0,0.0,0,valid
13023,2,2,2,15,0,0,-1,135499,12,0,0,2,0,0,0.0,0,valid
13024,2,4,2,21,3,0,-1,133041,8,0,0,0,0,0,0.0,0,valid
13025,2,4,2,21,3,0,-1,133053,8,0,0,0,0,0,0.0,0,valid
13026,2,4,2,21,3,0,-1,133041,8,0,0,0,0,0,0.0,0,valid
13027,2,4,2,21,3,0,-1,133057,8,0,0,0,0,0,0.0,0,valid
13028,2,4,2,21,3,0,-1,133056,8,0,0,0,0,0,0.0,0,valid
13029,4,0,1,23,3,0,-1,134336,21,0,0,0,0,0,0.0,0,valid
13030,4,0,1,23,3,0,-1,133727,8,0,0,0,0,0,0.0,0,valid
13031,4,0,1,23,3,0,-1,134333,21,0,0,0,0,0,0.0,0,valid
13032,2,7,1,13,3,0,-1,135327,8,0,0,0,0,0,0.0,0,valid
13033,2,7,1,13,3,0,-1,135313,8,0,0,0,0,0,0.0,0,valid
13034,2,7,1,13,3,0,-1,135340,8,0,0,0,0,0,0.0,0,valid
13035,2,7,1,13,3,0,-1,135343,8,0,0,0,0,0,0.0,0,valid
13036,2,7,1,13,3,0,-1,135352,8,0,0,0,0,0,0.0,0,valid
13037,2,18,2,26,0,0,-1,135533,12,0,0,2,0,0,0.0,0,valid
13038,2,18,2,26,0,0,-1,135533,12,0,0,2,0,0,0.0,0,valid
13039,2,18,2,26,0,0,-1,135533,12,0,0,2,0,0,0.0,0,valid
13040,2,18,2,26,0,0,-1,135533,12,0,0,2,0,0,0.0,0,valid
13041,2,8,1,17,1,0,-1,135326,9,0,0,0,0,0,0.0,0,valid
13042,2,8,1,17,1,0,-1,135351,9,0,0,0,0,0,0.0,0,valid
13043,2,8,1,17,1,0,-1,135277,9,0,0,0,0,0,0.0,0,valid
13044,2,8,1,17,1,0,-1,135273,9,0,0,0,0,0,0.0,0,valid
13045,2,5,2,17,1,0,-1,133488,9,0,0,0,0,0,0.0,0,valid
13046,2,5,2,17,1,0,-1,133041,9,0,0,0,0,0,0.0,0,valid
13047,2,5,2,17,1,0,-1,133488,9,0,0,0,0,0,0.0,0,valid
13048,2,4,2,21,3,0,-1,133041,8,0,0,0,0,0,0.0,0,valid
13049,2,8,1,17,1,0,-1,135356,9,0,0,0,0,0,0.0,0,valid
13051,2,8,1,17,1,0,-1,135345,9,0,0,0,0,0,0.0,0,valid
13052,2,8,1,17,1,0,-1,135356,9,0,0,0,0,0,0.0,0,valid
13053,2,8,1,17,1,0,-1,135271,9,0,0,0,0,0,0.0,0,valid
13054,2,6,1,17,1,0,-1,135125,9,0,0,0,0,0,0.0,0,valid
13055,2,6,1,17,1,0,-1,135129,9,0,0,0,0,0,0.0,0,valid
13056,2,6,1,17,1,0,-1,135130,9,0,0,0,0,0,0.0,0,valid
13057,2,6,1,17,2,0,-1,135125,9,0,0,0,0,0,0.0,0,valid
13058,2,6,1,17,2,0,-1,135125,9,0,0,0,0,0,0.0,0,valid
13059,2,6,1,17,2,0,-1,135130,9,0,0,0,0,0,0.0,0,valid
13060,2,6,1,17,2,0,-1,135131,9,0,0,0,0,0,0.0,0,valid
13062,2,19,2,26,0,0,-1,135139,21,0,0,0,0,0,0.0,0,valid
13063,2,19,2,26,0,0,-1,135139,21,0,0,0,0,0,0.0,0,valid
13064,2,19,2,26,0,0,-1,135471,21,0,0,0,0,0,0.0,0,valid
13065,2,19,2,26,0,0,-1,135471,21,0,0,0,0,0,0.0,0,valid
13066,4,4,6,3,0,0,-1,135055,11,0,0,0,0,0,0.0,0,valid
13067,4,4,6,5,0,0,-1,132741,11,0,0,0,0,0,0.0,0,valid
13068,4,4,6,8,0,0,-1,132590,11,0,0,0,0,0,0.0,0,valid
13070,4,4,6,8,0,0,-1,132586,11,0,0,0,0,0,0.0,0,valid
13071,4,4,6,10,0,0,-1,132944,11,0,0,0,0,0,0.0,0,valid
13072,4,4,6,10,0,0,-1,132937,11,0,0,0,0,0,0.0,0,valid
13073,4,4,6,1,0,0,-1,133127,11,0,0,0,0,0,0.0,0,valid
13074,4,4,6,7,0,0,-1,134584,11,0,0,0,0,0,0.0,0,valid
13076,4,4,6,9,0,0,-1,132616,11,0,0,0,0,0,0.0,0,valid
13077,4,4,6,6,0,0,-1,132521,11,0,0,0,0,0,0.0,0,valid
13079,4,6,1,14,4,0,-1,134956,9,0,0,0,0,0,0.0,0,valid
13081,4,6,1,14,4,0,-1,134948,9,0,0,0,0,0,0.0,0,valid
13082,4,6,1,14,4,0,-1,134961,9,0,0,0,0,0,0.0,0,valid
13083,4,6,1,14,4,0,-1,134951,9,0,0,0,0,0,0.0,0,valid
13084,4,0,3,2,0,0,-1,133282,14,0,0,0,0,0,0.0,0,valid
13085,4,0,3,2,0,0,-1,133298,14,0,0,0,0,0,0.0,0,valid
13087,4,0,3,2,0,0,-1,133296,14,0,0,0,0,0,0.0,0,valid
13088,4,0,3,2,0,0,-1,133276,14,0,0,0,0,0,0.0,0,valid
13089,4,0,3,2,0,0,-1,133282,14,0,0,0,0,0,0.0,0,valid
13091,4,0,3,2,0,0,-1,133441,14,0,0,0,0,0,0.0,0,valid
13093,4,0,1,11,0,0,-1,133367,14,0,0,0,0,0,0.0,0,valid
13094,4,0,1,11,0,0,-1,133368,14,0,0,0,0,0,0.0,0,valid
13095,4,0,3,11,0,0,-1,133346,14,0,0,0,0,0,0.0,0,valid
13096,4,0,3,11,0,0,-1,133359,14,0,0,0,0,0,0.0,0,valid
13097,4,0,3,11,0,0,-1,133351,14,0,0,0,0,0,0.0,0,valid
13099,4,1,7,8,0,0,-1,132539,7,0,0,0,0,0,0.0,0,valid
13100,4,1,7,8,0,0,-1,132537,7,0,0,0,0,0,0.0,0,valid
13101,4,1,7,8,0,0,-1,132539,7,0,0,0,0,0,0.0,0,valid
13102,4,1,7,1,0,0,-1,133345,7,0,0,0,0,0,0.0,0,valid
13103,4,1,7,3,0,0,-1,135049,7,0,0,0,0,0,0.0,0,valid
13105,4,1,7,6,0,0,-1,132500,7,0,0,0,0,0,0.0,0,valid
13106,4,1,7,9,0,0,-1,132618,7,0,0,0,0,0,0.0,0,valid
13107,4,1,7,9,0,0,-1,132612,7,0,0,0,0,0,0.0,0,valid
13108,4,1,7,16,0,0,-1,134348,7,0,0,0,0,0,0.0,0,valid
13109,4,1,7,16,0,0,-1,133772,7,0,0,0,0,0,0.0,0,valid
13110,4,2,8,5,0,0,-1,132719,7,0,0,0,0,0,0.0,0,valid
13111,4,2,8,8,0,0,-1,132579,7,0,0,0,0,0,0.0,0,valid
13112,4,2,8,1,0,0,-1,133121,7,0,0,0,0,0,0.0,0,valid
13113,4,2,8,1,0,0,-1,133072,7,0,0,0,0,0,0.0,0,valid
13114,4,2,8,7,0,0,-1,134586,7,0,0,0,0,0,0.0,0,valid
13115,4,2,8,3,0,0,-1,135050,7,0,0,0,0,0,0.0,0,valid
13117,4,2,8,6,0,0,-1,132504,7,0,0,0,0,0,0.0,0,valid
13118,4,2,8,6,0,0,-1,132514,7,0,0,0,0,0,0.0,0,valid
13119,4,2,8,9,0,0,-1,132608,7,0,0,0,0,0,0.0,0,valid
13120,4,2,8,9,0,0,-1,132606,7,0,0,0,0,0,0.0,0,valid
13121,4,1,7,16,0,0,-1,133756,7,0,0,0,0,0,0.0,0,valid
13122,4,1,7,16,0,0,-1,133773,7,0,0,0,0,0,0.0,0,valid
13123,4,3,5,5,0,0,-1,132628,10,0,0,0,0,0,0.0,0,valid
13124,4,3,5,8,0,0,-1,132535,10,0,0,0,0,0,0.0,0,valid
13125,4,3,5,8,0,0,-1,132535,10,0,0,0,0,0,0.0,0,valid
13126,4,3,5,10,0,0,-1,132944,10,0,0,0,0,0,0.0,0,valid
13127,4,3,5,1,0,0,-1,133126,10,0,0,0,0,0,0.0,0,valid
13128,4,3,5,1,0,0,-1,133120,10,0,0,0,0,0,0.0,0,valid
13129,4,3,5,7,0,0,-1,134583,10,0,0,0,0,0,0.0,0,valid
13130,4,3,5,7,0,0,-1,134583,10,0,0,0,0,0,0.0,0,valid
13131,4,3,5,3,0,0,-1,135049,10,0,0,0,0,0,0.0,0,valid
13132,4,3,5,3,0,0,-1,135042,10,0,0,0,0,0,0.0,0,valid
13134,4,3,5,6,0,0,-1,132512,10,0,0,0,0,0,0.0,0,valid
13135,4,3,5,9,0,0,-1,132616,10,0,0,0,0,0,0.0,0,valid
13136,2,3,1,26,0,0,-1,135617,8,0,0,3,0,0,0.0,0,valid
13137,2,3,1,26,0,0,-1,135617,8,0,0,3,0,0,0.0,0,valid
13138,2,3,1,26,0,0,-1,135617,8,0,0,3,0,0,0.0,0,valid
13139,2,3,1,26,0,0,-1,135617,8,0,0,3,0,0,0.0,0,valid
13144,4,1,7,6,0,0,-1,132496,7,0,0,0,0,0,0.0,0,valid
13145,4,4,6,6,0,0,-1,132516,11,0,0,0,0,0,0.0,0,valid
13146,2,3,1,26,0,0,-1,135617,8,0,0,3,0,0,0.0,0,valid
13199,4,3,5,9,0,0,-1,132618,10,0,0,0,0,0,0.0,0,valid
13245,4,6,1,14,4,0,-1,134964,9,0,0,0,0,0,0.0,0,valid
14025,4,1,7,6,0,0,-1,132515,7,0,0,0,0,0,0.0,0,valid
14090,4,1,7,7,0,0,-1,134582,7,0,0,0,0,0,0.0,0,valid
14091,4,1,7,20,0,0,-1,132663,7,0,0,0,0,0,0.0,0,valid
14094,4,1,7,5,0,0,-1,135009,7,0,0,0,0,0,0.0,0,valid
14096,4,1,7,5,0,0,-1,135009,7,0,0,0,0,0,0.0,0,valid
14097,4,1,7,7,0,0,-1,134582,7,0,0,0,0,0,0.0,0,valid
14109,4,1,7,20,0,0,-1,132662,7,0,0,0,0,0,0.0,0,valid
14113,4,1,7,6,0,0,-1,132494,7,0,0,0,0,0,0.0,0,valid
14114,4,1,7,8,0,0,-1,132592,7,0,0,0,0,0,0.0,0,valid
14117,4,1,7,10,0,0,-1,132952,7,0,0,0,0,0,0.0,0,valid
14119,4,1,7,7,0,0,-1,134706,7,0,0,0,0,0,0.0,0,valid
14120,4,1,7,20,0,0,-1,132657,7,0,0,0,0,0,0.0,0,valid
14121,4,1,7,5,0,0,-1,132716,7,0,0,0,0,0,0.0,0,valid
14122,4,1,7,9,0,0,-1,132609,7,0,0,0,0,0,0.0,0,valid
14123,4,1,7,16,0,0,-1,133766,7,0,0,0,0,0,0.0,0,valid
14124,4,1,7,10,0,0,-1,132952,7,0,0,0,0,0,0.0,0,valid
14125,4,1,7,7,0,0,-1,134589,7,0,0,0,0,0,0.0,0,valid
14127,4,1,7,20,0,0,-1,132659,7,0,0,0,0,0,0.0,0,valid
14129,4,1,7,8,0,0,-1,132537,7,0,0,0,0,0,0.0,0,valid
14131,4,1,7,6,0,0,-1,132494,7,0,0,0,0,0,0.0,0,valid
14133,4,1,7,5,0,0,-1,135009,7,0,0,0,0,0,0.0,0,valid
14145,2,7,1,21,3,0,-1,135648,8,0,0,0,0,0,0.0,0,valid
14147,4,3,5,9,0,0,-1,132606,10,0,0,0,0,0,0.0,0,valid
14148,4,1,7,9,0,0,-1,132612,7,0,0,0,0,0,0.0,0,valid
14149,4,1,7,16,0,0,-1,133770,7,0,0,0,0,0,0.0,0,valid
14150,4,1,7,20,0,0,-1,132665,7,0,0,0,0,0,0.0,0,valid
14151,2,15,1,13,3,0,-1,135661,8,0,0,0,0,0,0.0,0,valid
14159,4,1,7,8,0,0,-1,132539,7,0,0,0,0,0,0.0,0,valid
14160,4,1,7,9,0,0,-1,132610,7,0,0,0,0,0,0.0,0,valid
14161,4,1,7,16,0,0,-1,133762,7,0,0,0,0,0,0.0,0,valid
14162,4,1,7,10,0,0,-1,132939,7,0,0,0,0,0,0.0,0,valid
14163,4,1,7,20,0,0,-1,132661,7,0,0,0,0,0,0.0,0,valid
14164,4,1,7,6,0,0,-1,132513,7,0,0,0,0,0,0.0,0,valid
14165,4,1,7,7,0,0,-1,134582,7,0,0,0,0,0,0.0,0,valid
14166,4,1,7,9,0,0,-1,132611,7,0,0,0,0,0,0.0,0,valid
14167,4,1,7,16,0,0,-1,133770,7,0,0,0,0,0,0.0,0,valid
14168,4,1,7,10,0,0,-1,132950,7,0,0,0,0,0,0.0,0,valid
14171,4,1,7,7,0,0,-1,134586,7,0,0,0,0,0,0.0,0,valid
14172,4,1,7,20,0,0,-1,132659,7,0,0,0,0,0,0.0,0,valid
14173,4,1,7,6,0,0,-1,132511,7,0,0,0,0,0,0.0,0,valid
14174,4,1,7,8,0,0,-1,132539,7,0,0,0,0,0,0.0,0,valid
14175,4,1,7,5,0,0,-1,135012,7,0,0,0,0,0,0.0,0,valid
14176,4,1,7,8,0,0,-1,132539,7,0,0,0,0,0,0.0,0,valid
14177,4,1,7,9,0,0,-1,132605,7,0,0,0,0,0,0.0,0,valid
14178,4,1,7,1,0,0,-1,133134,7,0,0,0,0,0,0.0,0,valid
14179,4,1,7,16,0,0,-1,133767,7,0,0,0,0,0,0.0,0,valid
14180,4,1,7,5,0,0,-1,135010,7,0,0,0,0,0,0.0,0,valid
14181,4,1,7,10,0,0,-1,132939,7,0,0,0,0,0,0.0,0,valid
14182,4,1,7,3,0,0,-1,135040,7,0,0,0,0,0,0.0,0,valid
14183,4,1,7,7,0,0,-1,134581,7,0,0,0,0,0,0.0,0,valid
14184,4,1,7,20,0,0,-1,132663,7,0,0,0,0,0,0.0,0,valid
14185,4,1,7,6,0,0,-1,132510,7,0,0,0,0,0,0.0,0,valid
14186,4,1,7,3,0,0,-1,135036,7,0,0,0,0,0,0.0,0,valid
14187,4,1,7,9,0,0,-1,132606,7,0,0,0,0,0,0.0,0,valid
14188,4,1,7,16,0,0,-1,133768,7,0,0,0,0,0,0.0,0,valid
14189,4,1,7,1,0,0,-1,133131,7,0,0,0,0,0,0.0,0,valid
14190,4,1,7,5,0,0,-1,135014,7,0,0,0,0,0,0.0,0,valid
14191,4,1,7,10,0,0,-1,132954,7,0,0,0,0,0,0.0,0,valid
14192,4,1,7,20,0,0,-1,132660,7,0,0,0,0,0,0.0,0,valid
14193,4,1,7,7,0,0,-1,134593,7,0,0,0,0,0,0.0,0,valid
14194,4,1,7,6,0,0,-1,133693,7,0,0,0,0,0,0.0,0,valid
14195,4,1,7,8,0,0,-1,132539,7,0,0,0,0,0,0.0,0,valid
14196,4,1,7,8,0,0,-1,132538,7,0,0,0,0,0,0.0,0,valid
14197,4,1,7,9,0,0,-1,132612,7,0,0,0,0,0,0.0,0,valid
14198,4,1,7,16,0,0,-1,133754,7,0,0,0,0,0,0.0,0,valid
14199,4,1,7,10,0,0,-1,132940,7,0,0,0,0,0,0.0,0,valid
14200,4,1,7,1,0,0,-1,133133,7,0,0,0,0,0,0.0,0,valid
14201,4,1,7,3,0,0,-1,135036,7,0,0,0,0,0,0.0,0,valid
14202,4,1,7,5,0,0,-1,135011,7,0,0,0,0,0,0.0,0,valid
14203,4,1,7,7,0,0,-1,134592,7,0,0,0,0,0,0.0,0,valid
14204,4,1,7,20,0,0,-1,132661,7,0,0,0,0,0,0.0,0,valid
14205,4,1,7,6,0,0,-1,132512,7,0,0,0,0,0,0.0,0,valid
14206,4,1,7,9,0,0,-1,132605,7,0,0,0,0,0,0.0,0,valid
14207,4,1,7,7,0,0,-1,134587,7,0,0,0,0,0,0.0,0,valid
14208,4,1,7,1,0,0,-1,132514,7,0,0,0,0,0,0.0,0,valid
14209,4,1,7,6,0,0,-1,132510,7,0,0,0,0,0,0.0,0,valid
14210,4,1,7,16,0,0,-1,133767,7,0,0,0,0,0,0.0,0,valid
14211,4,1,7,10,0,0,-1,132957,7,0,0,0,0,0,0.0,0,valid
14212,4,1,7,3,0,0,-1,135049,7,0,0,0,0,0,0.0,0,valid
14213,4,1,7,20,0,0,-1,132647,7,0,0,0,0,0,0.0,0,valid
14214,4,1,7,8,0,0,-1,132539,7,0,0,0,0,0,0.0,0,valid
14215,4,1,7,5,0,0,-1,135010,7,0,0,0,0,0,0.0,0,valid
14216,4,1,7,5,0,0,-1,132646,7,0,0,0,0,0,0.0,0,valid
14217,4,1,7,6,0,0,-1,132491,7,0,0,0,0,0,0.0,0,valid
14218,4,1,7,8,0,0,-1,132541,7,0,0,0,0,0,0.0,0,valid
14219,4,1,7,16,0,0,-1,133759,7,0,0,0,0,0,0.0,0,valid
14220,4,1,7,1,0,0,-1,132512,7,0,0,0,0,0,0.0,0,valid
14221,4,1,7,9,0,0,-1,132601,7,0,0,0,0,0,0.0,0,valid
14222,4,1,7,10,0,0,-1,132955,7,0,0,0,0,0,0.0,0,valid
14223,4,1,7,3,0,0,-1,135033,7,0,0,0,0,0,0.0,0,valid
14224,4,1,7,7,0,0,-1,134589,7,0,0,0,0,0,0.0,0,valid
14225,4,1,7,20,0,0,-1,132681,7,0,0,0,0,0,0.0,0,valid
14226,4,1,7,9,0,0,-1,132608,7,0,0,0,0,0,0.0,0,valid
14228,4,1,7,1,0,0,-1,132521,7,0,0,0,0,0,0.0,0,valid
14229,4,1,7,16,0,0,-1,133760,7,0,0,0,0,0,0.0,0,valid
14230,4,1,7,5,0,0,-1,135008,7,0,0,0,0,0,0.0,0,valid
14231,4,1,7,10,0,0,-1,132955,7,0,0,0,0,0,0.0,0,valid
14232,4,1,7,3,0,0,-1,135033,7,0,0,0,0,0,0.0,0,valid
14233,4,1,7,7,0,0,-1,134592,7,0,0,0,0,0,0.0,0,valid
14234,4,1,7,20,0,0,-1,132666,7,0,0,0,0,0,0.0,0,valid
14235,4,1,7,6,0,0,-1,132500,7,0,0,0,0,0,0.0,0,valid
14236,4,1,7,8,0,0,-1,132542,7,0,0,0,0,0,0.0,0,valid
14237,4,1,7,5,0,0,-1,135020,7,0,0,0,0,0,0.0,0,valid
14238,4,1,7,8,0,0,-1,132541,7,0,0,0,0,0,0.0,0,valid
14239,4,1,7,16,0,0,-1,133756,7,0,0,0,0,0,0.0,0,valid
14240,4,1,7,9,0,0,-1,132612,7,0,0,0,0,0,0.0,0,valid
14241,4,1,7,10,0,0,-1,132966,7,0,0,0,0,0,0.0,0,valid
14242,4,1,7,7,0,0,-1,134588,7,0,0,0,0,0,0.0,0,valid
14243,4,1,7,3,0,0,-1,135033,7,0,0,0,0,0,0.0,0,valid
14244,4,1,7,20,0,0,-1,132677,7,0,0,0,0,0,0.0,0,valid
14245,4,1,7,6,0,0,-1,132499,7,0,0,0,0,0,0.0,0,valid
14246,4,1,7,1,0,0,-1,133090,7,0,0,0,0,0,0.0,0,valid
14247,4,1,7,3,0,0,-1,135043,7,0,0,0,0,0,0.0,0,valid
14248,4,1,7,9,0,0,-1,132608,7,0,0,0,0,0,0.0,0,valid
14249,4,1,7,5,0,0,-1,135017,7,0,0,0,0,0,0.0,0,valid
14250,4,1,7,8,0,0,-1,132541,7,0,0,0,0,0,0.0,0,valid
14251,4,1,7,16,0,0,-1,133754,7,0,0,0,0,0,0.0,0,valid
14252,4,1,7,1,0,0,-1,132511,7,0,0,0,0,0,0.0,0,valid
14253,4,1,7,10,0,0,-1,132954,7,0,0,0,0,0,0.0,0,valid
14254,4,1,7,20,0,0,-1,132678,7,0,0,0,0,0,0.0,0,valid
14255,4,1,7,6,0,0,-1,132497,7,0,0,0,0,0,0.0,0,valid
14257,4,1,7,7,0,0,-1,134593,7,0,0,0,0,0,0.0,0,valid
14258,4,1,7,6,0,0,-1,132496,7,0,0,0,0,0,0.0,0,valid
14259,4,1,7,8,0,0,-1,132542,7,0,0,0,0,0,0.0,0,valid
14260,4,1,7,9,0,0,-1,132608,7,0,0,0,0,0,0.0,0,valid
14261,4,1,7,16,0,0,-1,133760,7,0,0,0,0,0,0.0,0,valid
14262,4,1,7,10,0,0,-1,132953,7,0,0,0,0,0,0.0,0,valid
14263,4,1,7,1,0,0,-1,133694,7,0,0,0,0,0,0.0,0,valid
14264,4,1,7,7,0,0,-1,134592,7,0,0,0,0,0,0.0,0,valid
14265,4,1,7,20,0,0,-1,132643,7,0,0,0,0,0,0.0,0,valid
14266,4,1,7,3,0,0,-1,135033,7,0,0,0,0,0,0.0,0,valid
14267,4,1,7,5,0,0,-1,135008,7,0,0,0,0,0,0.0,0,valid
14268,4,1,7,9,0,0,-1,132608,7,0,0,0,0,0,0.0,0,valid
14269,4,1,7,8,0,0,-1,132541,7,0,0,0,0,0,0.0,0,valid
14270,4,1,7,16,0,0,-1,132655,7,0,0,0,0,0,0.0,0,valid
14271,4,1,7,1,0,0,-1,132520,7,0,0,0,0,0,0.0,0,valid
14272,4,1,7,10,0,0,-1,132949,7,0,0,0,0,0,0.0,0,valid
14273,4,1,7,3,0,0,-1,135048,7,0,0,0,0,0,0.0,0,valid
14274,4,1,7,7,0,0,-1,134591,7,0,0,0,0,0,0.0,0,valid
14275,4,1,7,20,0,0,-1,132670,7,0,0,0,0,0,0.0,0,valid
14276,4,1,7,6,0,0,-1,132499,7,0,0,0,0,0,0.0,0,valid
14277,4,1,7,5,0,0,-1,132649,7,0,0,0,0,0,0.0,0,valid
14278,4,1,7,3,0,0,-1,135056,7,0,0,0,0,0,0.0,0,valid
14279,4,1,7,9,0,0,-1,132606,7,0,0,0,0,0,0.0,0,valid
14280,4,1,7,16,0,0,-1,133772,7,0,0,0,0,0,0.0,0,valid
14281,4,1,7,1,0,0,-1,132505,7,0,0,0,0,0,0.0,0,valid
14282,4,1,7,10,0,0,-1,132957,7,0,0,0,0,0,0.0,0,valid
14283,4,1,7,7,0,0,-1,134592,7,0,0,0,0,0,0.0,0,valid
14284,4,1,7,20,0,0,-1,132687,7,0,0,0,0,0,0.0,0,valid
14285,4,1,7,8,0,0,-1,132541,7,0,0,0,0,0,0.0,0,valid
14286,4,1,7,6,0,0,-1,132510,7,0,0,0,0,0,0.0,0,valid
14287,4,1,7,5,0,0,-1,132684,7,0,0,0,0,0,0.0,0,valid
14288,4,1,7,5,0,0,-1,135021,7,0,0,0,0,0,0.0,0,valid
14289,4,1,7,6,0,0,-1,132499,7,0,0,0,0,0,0.0,0,valid
14290,4,1,7,8,0,0,-1,132539,7,0,0,0,0,0,0.0,0,valid
14291,4,1,7,9,0,0,-1,132606,7,0,0,0,0,0,0.0,0,valid
14292,4,1,7,16,0,0,-1,132656,7,0,0,0,0,0,0.0,0,valid
14293,4,1,7,1,0,0,-1,132767,7,0,0,0,0,0,0.0,0,valid
14294,4,1,7,10,0,0,-1,132949,7,0,0,0,0,0,0.0,0,valid
14295,4,1,7,7,0,0,-1,134594,7,0,0,0,0,0,0.0,0,valid
14296,4,1,7,3,0,0,-1,135049,7,0,0,0,0,0,0.0,0,valid
14297,4,1,7,20,0,0,-1,132676,7,0,0,0,0,0,0.0,0,valid
14298,4,1,7,3,0,0,-1,135045,7,0,0,0,0,0,0.0,0,valid
14299,4,1,7,8,0,0,-1,132541,7,0,0,0,0,0,0.0,0,valid
14300,4,1,7,16,0,0,-1,133754,7,0,0,0,0,0,0.0,0,valid
14301,4,1,7,9,0,0,-1,132616,7,0,0,0,0,0,0.0,0,valid
14302,4,1,7,10,0,0,-1,132943,7,0,0,0,0,0,0.0,0,valid
14303,4,1,7,20,0,0,-1,132679,7,0,0,0,0,0,0.0,0,valid
14304,4,1,7,6,0,0,-1,132519,7,0,0,0,0,0,0.0,0,valid
14305,4,1,7,7,0,0,-1,134593,7,0,0,0,0,0,0.0,0,valid
14306,4,1,7,5,0,0,-1,132658,7,0,0,0,0,0,0.0,0,valid
14307,4,1,7,1,0,0,-1,132768,7,0,0,0,0,0,0.0,0,valid
14308,4,1,7,5,0,0,-1,132633,7,0,0,0,0,0,0.0,0,valid
14309,4,1,7,6,0,0,-1,132518,7,0,0,0,0,0,0.0,0,valid
14310,4,1,7,8,0,0,-1,132539,7,0,0,0,0,0,0.0,0,valid
14311,4,1,7,9,0,0,-1,132616,7,0,0,0,0,0,0.0,0,valid
14312,4,1,7,1,0,0,-1,132767,7,0,0,0,0,0,0.0,0,valid
14313,4,1,7,16,0,0,-1,133757,7,0,0,0,0,0,0.0,0,valid
14314,4,1,7,10,0,0,-1,132954,7,0,0,0,0,0,0.0,0,valid
14315,4,1,7,7,0,0,-1,134593,7,0,0,0,0,0,0.0,0,valid
14316,4,1,7,3,0,0,-1,135056,7,0,0,0,0,0,0.0,0,valid
14317,4,1,7,20,0,0,-1,132669,7,0,0,0,0,0,0.0,0,valid
14318,4,1,7,5,0,0,-1,132659,7,0,0,0,0,0,0.0,0,valid
14319,4,1,7,8,0,0,-1,132542,7,0,0,0,0,0,0.0,0,valid
14320,4,1,7,9,0,0,-1,132608,7,0,0,0,0,0,0.0,0,valid
14321,4,1,7,16,0,0,-1,133760,7,0,0,0,0,0,0.0,0,valid
14322,4,1,7,1,0,0,-1,133069,7,0,0,0,0,0,0.0,0,valid
14323,4,1,7,10,0,0,-1,132937,7,0,0,0,0,0,0.0,0,valid
14324,4,1,7,7,0,0,-1,134592,7,0,0,0,0,0,0.0,0,valid
14325,4,1,7,3,0,0,-1,135054,7,0,0,0,0,0,0.0,0,valid
14326,4,1,7,20,0,0,-1,132666,7,0,0,0,0,0,0.0,0,valid
14327,4,1,7,6,0,0,-1,132502,7,0,0,0,0,0,0.0,0,valid
14328,4,1,7,5,0,0,-1,135021,7,0,0,0,0,0,0.0,0,valid
14329,4,1,7,8,0,0,-1,132541,7,0,0,0,0,0,0.0,0,valid
14330,4,1,7,9,0,0,-1,132615,7,0,0,0,0,0,0.0,0,valid
14331,4,1,7,16,0,0,-1,133756,7,0,0,0,0,0,0.0,0,valid
14332,4,1,7,1,0,0,-1,133074,7,0,0,0,0,0,0.0,0,valid
14333,4,1,7,10,0,0,-1,132940,7,0,0,0,0,0,0.0,0,valid
14334,4,1,7,7,0,0,-1,134593,7,0,0,0,0,0,0.0,0,valid
14335,4,1,7,3,0,0,-1,135045,7,0,0,0,0,0,0.0,0,valid
14336,4,1,7,20,0,0,-1,132670,7,0,0,0,0,0,0.0,0,valid
14337,4,1,7,6,0,0,-1,132499,7,0,0,0,0,0,0.0,0,valid
14364,4,1,7,8,0,0,-1,132539,7,0,0,0,0,0,0.0,0,valid
14365,4,1,7,16,0,0,-1,133768,7,0,0,0,0,0,0.0,0,valid
14366,4,1,7,9,0,0,-1,132606,7,0,0,0,0,0,0.0,0,valid
14367,4,1,7,10,0,0,-1,132952,7,0,0,0,0,0,0.0,0,valid
14369,4,1,7,5,0,0,-1,135017,7,0,0,0,0,0,0.0,0,valid
14370,4,1,7,7,0,0,-1,134582,7,0,0,0,0,0,0.0,0,valid
14371,4,1,7,20,0,0,-1,132655,7,0,0,0,0,0,0.0,0,valid
14372,4,1,7,5,0,0,-1,135013,7,0,0,0,0,0,0.0,0,valid
14373,4,1,7,6,0,0,-1,132492,7,0,0,0,0,0,0.0,0,valid
14374,4,1,7,8,0,0,-1,132540,7,0,0,0,0,0,0.0,0,valid
14375,4,1,7,9,0,0,-1,132601,7,0,0,0,0,0,0.0,0,valid
14376,4,1,7,16,0,0,-1,133770,7,0,0,0,0,0,0.0,0,valid
14377,4,1,7,10,0,0,-1,132955,7,0,0,0,0,0,0.0,0,valid
14378,4,1,7,3,0,0,-1,135040,7,0,0,0,0,0,0.0,0,valid
14379,4,1,7,7,0,0,-1,134582,7,0,0,0,0,0,0.0,0,valid
14380,4,1,7,20,0,0,-1,132650,7,0,0,0,0,0,0.0,0,valid
14397,4,1,7,3,0,0,-1,135037,7,0,0,0,0,0,0.0,0,valid
14398,4,1,7,5,0,0,-1,135013,7,0,0,0,0,0,0.0,0,valid
14399,4,1,7,8,0,0,-1,132539,7,0,0,0,0,0,0.0,0,valid
14400,4,1,7,16,0,0,-1,133766,7,0,0,0,0,0,0.0,0,valid
14401,4,1,7,1,0,0,-1,133136,7,0,0,0,0,0,0.0,0,valid
14402,4,1,7,9,0,0,-1,132600,7,0,0,0,0,0,0.0,0,valid
14403,4,1,7,10,0,0,-1,132955,7,0,0,0,0,0,0.0,0,valid
14404,4,1,7,7,0,0,-1,134586,7,0,0,0,0,0,0.0,0,valid
14405,4,1,7,20,0,0,-1,132681,7,0,0,0,0,0,0.0,0,valid
14406,4,1,7,6,0,0,-1,132492,7,0,0,0,0,0,0.0,0,valid
14407,4,1,7,5,0,0,-1,135012,7,0,0,0,0,0,0.0,0,valid
14408,4,1,7,8,0,0,-1,132539,7,0,0,0,0,0,0.0,0,valid
14409,4,1,7,16,0,0,-1,133763,7,0,0,0,0,0,0.0,0,valid
14410,4,1,7,1,0,0,-1,132515,7,0,0,0,0,0,0.0,0,valid
14411,4,1,7,10,0,0,-1,132955,7,0,0,0,0,0,0.0,0,valid
14412,4,1,7,3,0,0,-1,135034,7,0,0,0,0,0,0.0,0,valid
14413,4,1,7,20,0,0,-1,132646,7,0,0,0,0,0,0.0,0,valid
14414,4,1,7,6,0,0,-1,132492,7,0,0,0,0,0,0.0,0,valid
14415,4,1,7,7,0,0,-1,134581,7,0,0,0,0,0,0.0,0,valid
14416,4,1,7,9,0,0,-1,132606,7,0,0,0,0,0,0.0,0,valid
14417,4,1,7,5,0,0,-1,135007,7,0,0,0,0,0,0.0,0,valid
14418,4,1,7,8,0,0,-1,132542,7,0,0,0,0,0,0.0,0,valid
14419,4,1,7,9,0,0,-1,132601,7,0,0,0,0,0,0.0,0,valid
14420,4,1,7,16,0,0,-1,133756,7,0,0,0,0,0,0.0,0,valid
14421,4,1,7,1,0,0,-1,132500,7,0,0,0,0,0,0.0,0,valid
14422,4,1,7,10,0,0,-1,132961,7,0,0,0,0,0,0.0,0,valid
14423,4,1,7,3,0,0,-1,135033,7,0,0,0,0,0,0.0,0,valid
14424,4,1,7,7,0,0,-1,134589,7,0,0,0,0,0,0.0,0,valid
14425,4,1,7,20,0,0,-1,132650,7,0,0,0,0,0,0.0,0,valid
14426,4,1,7,6,0,0,-1,132495,7,0,0,0,0,0,0.0,0,valid
14427,4,1,7,5,0,0,-1,135007,7,0,0,0,0,0,0.0,0,valid
14428,4,1,7,8,0,0,-1,132542,7,0,0,0,0,0,0.0,0,valid
14429,4,1,7,9,0,0,-1,132606,7,0,0,0,0,0,0.0,0,valid
14430,4,1,7,16,0,0,-1,133765,7,0,0,0,0,0,0.0,0,valid
14431,4,1,7,10,0,0,-1,132957,7,0,0,0,0,0,0.0,0,valid
14432,4,1,7,3,0,0,-1,135033,7,0,0,0,0,0,0.0,0,valid
14433,4,1,7,7,0,0,-1,134592,7,0,0,0,0,0,0.0,0,valid
14434,4,1,7,20,0,0,-1,132670,7,0,0,0,0,0,0.0,0,valid
14435,4,1,7,6,0,0,-1,132512,7,0,0,0,0,0,0.0,0,valid
14436,4,1,7,1,0,0,-1,133111,7,0,0,0,0,0,0.0,0,valid
14437,4,1,7,5,0,0,-1,135010,7,0,0,0,0,0,0.0,0,valid
14438,4,1,7,8,0,0,-1,132543,7,0,0,0,0,0,0.0,0,valid
14439,4,1,7,9,0,0,-1,132605,7,0,0,0,0,0,0.0,0,valid
14440,4,1,7,16,0,0,-1,133761,7,0,0,0,0,0,0.0,0,valid
14441,4,1,7,1,0,0,-1,133134,7,0,0,0,0,0,0.0,0,valid
14442,4,1,7,10,0,0,-1,132957,7,0,0,0,0,0,0.0,0,valid
14443,4,1,7,3,0,0,-1,135049,7,0,0,0,0,0,0.0,0,valid
14444,4,1,7,7,0,0,-1,134594,7,0,0,0,0,0,0.0,0,valid
14445,4,1,7,20,0,0,-1,132642,7,0,0,0,0,0,0.0,0,valid
14446,4,1,7,6,0,0,-1,132514,7,0,0,0,0,0,0.0,0,valid
14447,4,1,7,8,0,0,-1,132541,7,0,0,0,0,0,0.0,0,valid
14448,4,1,7,9,0,0,-1,132612,7,0,0,0,0,0,0.0,0,valid
14449,4,1,7,1,0,0,-1,132767,7,0,0,0,0,0,0.0,0,valid
14450,4,1,7,16,0,0,-1,132655,7,0,0,0,0,0,0.0,0,valid
14451,4,1,7,10,0,0,-1,132951,7,0,0,0,0,0,0.0,0,valid
14452,4,1,7,3,0,0,-1,135055,7,0,0,0,0,0,0.0,0,valid
14453,4,1,7,20,0,0,-1,132677,7,0,0,0,0,0,0.0,0,valid
14454,4,1,7,6,0,0,-1,132519,7,0,0,0,0,0,0.0,0,valid
14455,4,1,7,5,0,0,-1,135007,7,0,0,0,0,0,0.0,0,valid
14456,4,1,7,5,0,0,-1,132642,7,0,0,0,0,0,0.0,0,valid
14457,4,1,7,9,0,0,-1,132608,7,0,0,0,0,0,0.0,0,valid
14458,4,1,7,8,0,0,-1,132542,7,0,0,0,0,0,0.0,0,valid
14459,4,1,7,16,0,0,-1,133761,7,0,0,0,0,0,0.0,0,valid
14460,4,1,7,1,0,0,-1,133123,7,0,0,0,0,0,0.0,0,valid
14461,4,1,7,10,0,0,-1,132944,7,0,0,0,0,0,0.0,0,valid
14462,4,1,7,7,0,0,-1,134590,7,0,0,0,0,0,0.0,0,valid
14463,4,1,7,3,0,0,-1,135033,7,0,0,0,0,0,0.0,0,valid
14464,4,1,7,20,0,0,-1,132680,7,0,0,0,0,0,0.0,0,valid
14465,4,1,7,6,0,0,-1,132506,7,0,0,0,0,0,0.0,0,valid
14549,4,4,6,8,0,0,-1,132586,11,0,0,0,0,0,0.0,0,valid
14559,4,2,8,6,0,0,-1,132515,7,0,0,0,0,0,0.0,0,valid
14560,4,2,8,8,0,0,-1,132539,7,0,0,0,0,0,0.0,0,valid
14561,4,2,8,9,0,0,-1,132606,7,0,0,0,0,0,0.0,0,valid
14562,4,2,8,5,0,0,-1,132724,7,0,0,0,0,0,0.0,0,valid
14563,4,1,7,16,0,0,-1,133763,7,0,0,0,0,0,0.0,0,valid
14564,4,2,8,10,0,0,-1,132952,7,0,0,0,0,0,0.0,0,valid
14565,4,2,8,7,0,0,-1,134582,7,0,0,0,0,0,0.0,0,valid
14566,4,2,8,3,0,0,-1,135039,7,0,0,0,0,0,0.0,0,valid
14567,4,2,8,6,0,0,-1,132492,7,0,0,0,0,0,0.0,0,valid
14568,4,2,8,8,0,0,-1,132542,7,0,0,0,0,0,0.0,0,valid
14569,4,2,8,9,0,0,-1,132607,7,0,0,0,0,0,0.0,0,valid
14570,4,2,8,5,0,0,-1,132723,7,0,0,0,0,0,0.0,0,valid
14571,4,1,7,16,0,0,-1,133761,7,0,0,0,0,0,0.0,0,valid
14572,4,2,8,10,0,0,-1,132955,7,0,0,0,0,0,0.0,0,valid
14573,4,2,8,3,0,0,-1,135037,7,0,0,0,0,0,0.0,0,valid
14574,4,2,8,7,0,0,-1,134587,7,0,0,0,0,0,0.0,0,valid
14578,4,2,8,6,0,0,-1,132500,7,0,0,0,0,0,0.0,0,valid
14579,4,2,8,8,0,0,-1,132543,7,0,0,0,0,0,0.0,0,valid
14580,4,2,8,9,0,0,-1,132612,7,0,0,0,0,0,0.0,0,valid
14581,4,2,8,5,0,0,-1,132716,7,0,0,0,0,0,0.0,0,valid
14582,4,1,7,16,0,0,-1,133762,7,0,0,0,0,0,0.0,0,valid
14583,4,2,8,10,0,0,-1,132958,7,0,0,0,0,0,0.0,0,valid
14584,4,2,8,1,0,0,-1,133117,7,0,0,0,0,0,0.0,0,valid
14585,4,2,8,7,0,0,-1,134586,7,0,0,0,0,0,0.0,0,valid
14587,4,2,8,3,0,0,-1,135039,7,0,0,0,0,0,0.0,0,valid
14588,4,2,8,6,0,0,-1,132498,7,0,0,0,0,0,0.0,0,valid
14589,4,2,8,8,0,0,-1,132541,7,0,0,0,0,0,0.0,0,valid
14590,4,2,8,9,0,0,-1,132603,7,0,0,0,0,0,0.0,0,valid
14591,4,2,8,1,0,0,-1,133117,7,0,0,0,0,0,0.0,0,valid
14592,4,2,8,5,0,0,-1,132721,7,0,0,0,0,0,0.0,0,valid
14593,4,1,7,16,0,0,-1,133755,7,0,0,0,0,0,0.0,0,valid
14594,4,2,8,10,0,0,-1,132955,7,0,0,0,0,0,0.0,0,valid
14595,4,2,8,7,0,0,-1,134589,7,0,0,0,0,0,0.0,0,valid
14596,4,2,8,3,0,0,-1,135038,7,0,0,0,0,0,0.0,0,valid
14598,4,2,8,6,0,0,-1,132504,7,0,0,0,0,0,0.0,0,valid
14599,4,2,8,8,0,0,-1,132542,7,0,0,0,0,0,0.0,0,valid
14600,4,2,8,9,0,0,-1,132608,7,0,0,0,0,0,0.0,0,valid
14601,4,2,8,5,0,0,-1,132719,7,0,0,0,0,0,0.0,0,valid
14602,4,1,7,16,0,0,-1,133774,7,0,0,0,0,0,0.0,0,valid
14603,4,2,8,3,0,0,-1,135056,7,0,0,0,0,0,0.0,0,valid
14604,4,2,8,1,0,0,-1,133111,7,0,0,0,0,0,0.0,0,valid
14605,4,2,8,7,0,0,-1,134586,7,0,0,0,0,0,0.0,0,valid
14606,4,2,8,10,0,0,-1,132939,7,0,0,0,0,0,0.0,0,valid
14607,4,6,1,14,4,0,-1,134956,9,0,0,0,0,0,0.0,0,valid
14608,4,6,1,14,4,0,-1,134955,9,0,0,0,0,0,0.0,0,valid
14653,4,2,8,8,0,0,-1,132535,7,0,0,0,0,0,0.0,0,valid
14654,4,2,8,9,0,0,-1,132602,7,0,0,0,0,0,0.0,0,valid
14655,4,2,8,5,0,0,-1,132722,7,0,0,0,0,0,0.0,0,valid
14656,4,1,7,16,0,0,-1,133762,7,0,0,0,0,0,0.0,0,valid
14657,4,2,8,10,0,0,-1,132959,7,0,0,0,0,0,0.0,0,valid
14658,4,2,8,1,0,0,-1,133118,7,0,0,0,0,0,0.0,0,valid
14659,4,2,8,7,0,0,-1,134587,7,0,0,0,0,0,0.0,0,valid
14660,4,2,8,3,0,0,-1,135036,7,0,0,0,0,0,0.0,0,valid
14662,4,2,8,8,0,0,-1,132535,7,0,0,0,0,0,0.0,0,valid
14663,4,2,8,9,0,0,-1,132602,7,0,0,0,0,0,0.0,0,valid
14664,4,2,8,5,0,0,-1,132717,7,0,0,0,0,0,0.0,0,valid
14665,4,1,7,16,0,0,-1,133769,7,0,0,0,0,0,0.0,0,valid
14666,4,2,8,10,0,0,-1,132949,7,0,0,0,0,0,0.0,0,valid
14667,4,2,8,1,0,0,-1,133127,7,0,0,0,0,0,0.0,0,valid
14668,4,2,8,7,0,0,-1,134586,7,0,0,0,0,0,0.0,0,valid
14669,4,2,8,3,0,0,-1,135049,7,0,0,0,0,0,0.0,0,valid
14670,4,2,8,5,0,0,-1,132717,7,0,0,0,0,0,0.0,0,valid
14671,4,2,8,8,0,0,-1,132535,7,0,0,0,0,0,0.0,0,valid
14672,4,2,8,9,0,0,-1,132602,7,0,0,0,0,0,0.0,0,valid
14673,4,1,7,16,0,0,-1,133762,7,0,0,0,0,0,0.0,0,valid
14675,4,2,8,10,0,0,-1,132949,7,0,0,0,0,0,0.0,0,valid
14676,4,2,8,1,0,0,-1,133076,7,0,0,0,0,0,0.0,0,valid
14677,4,2,8,7,0,0,-1,134586,7,0,0,0,0,0,0.0,0,valid
14678,4,2,8,3,0,0,-1,135054,7,0,0,0,0,0,0.0,0,valid
14680,4,2,8,5,0,0,-1,132717,7,0,0,0,0,0,0.0,0,valid
14681,4,2,8,8,0,0,-1,132535,7,0,0,0,0,0,0.0,0,valid
14682,4,2,8,9,0,0,-1,132602,7,0,0,0,0,0,0.0,0,valid
14683,4,1,7,16,0,0,-1,133769,7,0,0,0,0,0,0.0,0,valid
14684,4,2,8,6,0,0,-1,132501,7,0,0,0,0,0,0.0,0,valid
14685,4,2,8,10,0,0,-1,132949,7,0,0,0,0,0,0.0,0,valid
14686,4,2,8,1,0,0,-1,133076,7,0,0,0,0,0,0.0,0,valid
14687,4,2,8,7,0,0,-1,134586,7,0,0,0,0,0,0.0,0,valid
14688,4,2,8,3,0,0,-1,135054,7,0,0,0,0,0,0.0,0,valid
14722,4,3,5,8,0,0,-1,132540,10,0,0,0,0,0,0.0,0,valid
14723,4,3,5,9,0,0,-1,132605,10,0,0,0,0,0,0.0,0,valid
14724,4,1,7,16,0,0,-1,133770,7,0,0,0,0,0,0.0,0,valid
14725,4,3,5,6,0,0,-1,132514,10,0,0,0,0,0,0.0,0,valid
14726,4,3,5,10,0,0,-1,132946,10,0,0,0,0,0,0.0,0,valid
14729,4,6,1,14,4,0,-1,134964,9,0,0,0,0,0,0.0,0,valid
14730,4,3,5,5,0,0,-1,132624,10,0,0,0,0,0,0.0,0,valid
14742,4,3,5,8,0,0,-1,132541,10,0,0,0,0,0,0.0,0,valid
14743,4,3,5,9,0,0,-1,132608,10,0,0,0,0,0,0.0,0,valid
14744,4,3,5,5,0,0,-1,132637,10,0,0,0,0,0,0.0,0,valid
14745,4,1,7,16,0,0,-1,133772,7,0,0,0,0,0,0.0,0,valid
14746,4,3,5,6,0,0,-1,132511,10,0,0,0,0,0,0.0,0,valid
14747,4,3,5,10,0,0,-1,132939,10,0,0,0,0,0,0.0,0,valid
14748,4,3,5,7,0,0,-1,134583,10,0,0,0,0,0,0.0,0,valid
14749,4,3,5,3,0,0,-1,135038,10,0,0,0,0,0,0.0,0,valid
14750,4,3,5,9,0,0,-1,132610,10,0,0,0,0,0,0.0,0,valid
14751,4,3,5,5,0,0,-1,132629,10,0,0,0,0,0,0.0,0,valid
14752,4,1,7,16,0,0,-1,133760,7,0,0,0,0,0,0.0,0,valid
14753,4,3,5,1,0,0,-1,133161,10,0,0,0,0,0,0.0,0,valid
14754,4,3,5,10,0,0,-1,132938,10,0,0,0,0,0,0.0,0,valid
14755,4,3,5,6,0,0,-1,132502,10,0,0,0,0,0,0.0,0,valid
14756,4,3,5,8,0,0,-1,132535,10,0,0,0,0,0,0.0,0,valid
14757,4,3,5,7,0,0,-1,134583,10,0,0,0,0,0,0.0,0,valid
14758,4,3,5,3,0,0,-1,135054,10,0,0,0,0,0,0.0,0,valid
14759,4,3,5,9,0,0,-1,132606,10,0,0,0,0,0,0.0,0,valid
14760,4,3,5,5,0,0,-1,132637,10,0,0,0,0,0,0.0,0,valid
14761,4,3,5,6,0,0,-1,132518,10,0,0,0,0,0,0.0,0,valid
14762,4,3,5,8,0,0,-1,132539,10,0,0,0,0,0,0.0,0,valid
14763,4,1,7,16,0,0,-1,133754,7,0,0,0,0,0,0.0,0,valid
14764,4,3,5,10,0,0,-1,132943,10,0,0,0,0,0,0.0,0,valid
14765,4,3,5,1,0,0,-1,132768,10,0,0,0,0,0,0.0,0,valid
14766,4,3,5,7,0,0,-1,134583,10,0,0,0,0,0,0.0,0,valid
14767,4,3,5,3,0,0,-1,135052,10,0,0,0,0,0,0.0,0,valid
14768,4,3,5,5,0,0,-1,132629,10,0,0,0,0,0,0.0,0,valid
14769,4,3,5,8,0,0,-1,132579,10,0,0,0,0,0,0.0,0,valid
14770,4,3,5,9,0,0,-1,132601,10,0,0,0,0,0,0.0,0,valid
14771,4,1,7,16,0,0,-1,133770,7,0,0,0,0,0,0.0,0,valid
14772,4,3,5,10,0,0,-1,132938,10,0,0,0,0,0,0.0,0,valid
14773,4,3,5,6,0,0,-1,132498,10,0,0,0,0,0,0.0,0,valid
14774,4,3,5,1,0,0,-1,133121,10,0,0,0,0,0,0.0,0,valid
14775,4,3,5,7,0,0,-1,134586,10,0,0,0,0,0,0.0,0,valid
14776,4,3,5,3,0,0,-1,135054,10,0,0,0,0,0,0.0,0,valid
14777,4,6,1,14,4,0,-1,134948,9,0,0,0,0,0,0.0,0,valid
14778,4,3,5,9,0,0,-1,132602,10,0,0,0,0,0,0.0,0,valid
14779,4,3,5,5,0,0,-1,132643,10,0,0,0,0,0,0.0,0,valid
14780,4,6,1,14,4,0,-1,134951,9,0,0,0,0,0,0.0,0,valid
14781,4,1,7,16,0,0,-1,133760,7,0,0,0,0,0,0.0,0,valid
14782,4,3,5,10,0,0,-1,132953,10,0,0,0,0,0,0.0,0,valid
14783,4,3,5,6,0,0,-1,132500,10,0,0,0,0,0,0.0,0,valid
14784,4,3,5,8,0,0,-1,132535,10,0,0,0,0,0,0.0,0,valid
14785,4,3,5,1,0,0,-1,133101,10,0,0,0,0,0,0.0,0,valid
14786,4,3,5,7,0,0,-1,134586,10,0,0,0,0,0,0.0,0,valid
14787,4,3,5,3,0,0,-1,135054,10,0,0,0,0,0,0.0,0,valid
14788,4,3,5,9,0,0,-1,132602,10,0,0,0,0,0,0.0,0,valid
14789,4,3,5,5,0,0,-1,132723,10,0,0,0,0,0,0.0,0,valid
14790,4,6,1,14,4,0,-1,134948,9,0,0,0,0,0,0.0,0,valid
14791,4,1,7,16,0,0,-1,133757,7,0,0,0,0,0,0.0,0,valid
14792,4,3,5,10,0,0,-1,132938,10,0,0,0,0,0,0.0,0,valid
14793,4,3,5,6,0,0,-1,132492,10,0,0,0,0,0,0.0,0,valid
14794,4,3,5,8,0,0,-1,132543,10,0,0,0,0,0,0.0,0,valid
14795,4,3,5,1,0,0,-1,133078,10,0,0,0,0,0,0.0,0,valid
14796,4,3,5,7,0,0,-1,134583,10,0,0,0,0,0,0.0,0,valid
14797,4,3,5,3,0,0,-1,135060,10,0,0,0,0,0,0.0,0,valid
14798,4,3,5,5,0,0,-1,132629,10,0,0,0,0,0,0.0,0,valid
14799,4,3,5,8,0,0,-1,132535,10,0,0,0,0,0,0.0,0,valid
14800,4,6,1,14,4,0,-1,134955,9,0,0,0,0,0,0.0,0,valid
14801,4,1,7,16,0,0,-1,133770,7,0,0,0,0,0,0.0,0,valid
14802,4,3,5,10,0,0,-1,132953,10,0,0,0,0,0,0.0,0,valid
14803,4,3,5,6,0,0,-1,132502,10,0,0,0,0,0,0.0,0,valid
14804,4,3,5,1,0,0,-1,133076,10,0,0,0,0,0,0.0,0,valid
14805,4,3,5,7,0,0,-1,134583,10,0,0,0,0,0,0.0,0,valid
14806,4,3,5,3,0,0,-1,135054,10,0,0,0,0,0,0.0,0,valid
14807,4,3,5,9,0,0,-1,132602,10,0,0,0,0,0,0.0,0,valid
14808,4,3,5,6,0,0,-1,132505,10,0,0,0,0,0,0.0,0,valid
14809,4,3,5,8,0,0,-1,132541,10,0,0,0,0,0,0.0,0,valid
14810,4,3,5,9,0,0,-1,132603,10,0,0,0,0,0,0.0,0,valid
14811,4,3,5,5,0,0,-1,132627,10,0,0,0,0,0,0.0,0,valid
14812,4,6,1,14,4,0,-1,134966,9,0,0,0,0,0,0.0,0,valid
14813,4,1,7,16,0,0,-1,133753,7,0,0,0,0,0,0.0,0,valid
14814,4,3,5,1,0,0,-1,133078,10,0,0,0,0,0,0.0,0,valid
14815,4,3,5,10,0,0,-1,132938,10,0,0,0,0,0,0.0,0,valid
14816,4,3,5,7,0,0,-1,134583,10,0,0,0,0,0,0.0,0,valid
14817,4,3,5,3,0,0,-1,135033,10,0,0,0,0,0,0.0,0,valid
14821,4,4,6,5,0,0,-1,132746,11,0,0,0,0,0,0.0,0,valid
14825,4,6,1,14,4,0,-1,134961,9,0,0,0,0,0,0.0,0,valid
14826,4,4,6,10,0,0,-1,132949,11,0,0,0,0,0,0.0,0,valid
14827,4,4,6,6,0,0,-1,132520,11,0,0,0,0,0,0.0,0,valid
14828,4,4,6,8,0,0,-1,132539,11,0,0,0,0,0,0.0,0,valid
14829,4,4,6,7,0,0,-1,134593,11,0,0,0,0,0,0.0,0,valid
14830,4,4,6,3,0,0,-1,135042,11,0,0,0,0,0,0.0,0,valid
14831,4,4,6,1,0,0,-1,132768,11,0,0,0,0,0,0.0,0,valid
14832,4,4,6,9,0,0,-1,132606,11,0,0,0,0,0,0.0,0,valid
14833,4,4,6,10,0,0,-1,132953,11,0,0,0,0,0,0.0,0,valid
14834,4,4,6,9,0,0,-1,132612,11,0,0,0,0,0,0.0,0,valid
14835,4,4,6,5,0,0,-1,132743,11,0,0,0,0,0,0.0,0,valid
14838,4,4,6,6,0,0,-1,132513,11,0,0,0,0,0,0.0,0,valid
14839,4,4,6,8,0,0,-1,132587,11,0,0,0,0,0,0.0,0,valid
14840,4,4,6,7,0,0,-1,134586,11,0,0,0,0,0,0.0,0,valid
14841,4,4,6,3,0,0,-1,135054,11,0,0,0,0,0,0.0,0,valid
14842,4,6,1,14,4,0,-1,134963,9,0,0,0,0,0,0.0,0,valid
14843,4,4,6,1,0,0,-1,133101,11,0,0,0,0,0,0.0,0,valid
14844,4,4,6,5,0,0,-1,132751,11,0,0,0,0,0,0.0,0,valid
14846,4,4,6,10,0,0,-1,132938,11,0,0,0,0,0,0.0,0,valid
14847,4,4,6,6,0,0,-1,132508,11,0,0,0,0,0,0.0,0,valid
14848,4,4,6,8,0,0,-1,132541,11,0,0,0,0,0,0.0,0,valid
14849,4,4,6,1,0,0,-1,133124,11,0,0,0,0,0,0.0,0,valid
14850,4,4,6,7,0,0,-1,134582,11,0,0,0,0,0,0.0,0,valid
14851,4,4,6,3,0,0,-1,135051,11,0,0,0,0,0,0.0,0,valid
14852,4,6,1,14,4,0,-1,134948,9,0,0,0,0,0,0.0,0,valid
14853,4,4,6,9,0,0,-1,132608,11,0,0,0,0,0,0.0,0,valid
14854,4,4,6,5,0,0,-1,132744,11,0,0,0,0,0,0.0,0,valid
14855,4,4,6,10,0,0,-1,132951,11,0,0,0,0,0,0.0,0,valid
14856,4,4,6,6,0,0,-1,132511,11,0,0,0,0,0,0.0,0,valid
14857,4,4,6,8,0,0,-1,132586,11,0,0,0,0,0,0.0,0,valid
14858,4,4,6,1,0,0,-1,133121,11,0,0,0,0,0,0.0,0,valid
14859,4,4,6,7,0,0,-1,134583,11,0,0,0,0,0,0.0,0,valid
14860,4,4,6,3,0,0,-1,135058,11,0,0,0,0,0,0.0,0,valid
14861,4,4,6,9,0,0,-1,132615,11,0,0,0,0,0,0.0,0,valid
14862,4,4,6,5,0,0,-1,132744,11,0,0,0,0,0,0.0,0,valid
14863,4,4,6,10,0,0,-1,132962,11,0,0,0,0,0,0.0,0,valid
14865,4,4,6,8,0,0,-1,132539,11,0,0,0,0,0,0.0,0,valid
14866,4,4,6,1,0,0,-1,133121,11,0,0,0,0,0,0.0,0,valid
14868,4,4,6,3,0,0,-1,135033,11,0,0,0,0,0,0.0,0,valid
14869,4,4,6,9,0,0,-1,132606,11,0,0,0,0,0,0.0,0,valid
14895,4,4,6,5,0,0,-1,132743,11,0,0,0,0,0,0.0,0,valid
14896,4,4,6,8,0,0,-1,132589,11,0,0,0,0,0,0.0,0,valid
14897,4,4,6,10,0,0,-1,132956,11,0,0,0,0,0,0.0,0,valid
14898,4,4,6,6,0,0,-1,132502,11,0,0,0,0,0,0.0,0,valid
14899,4,4,6,1,0,0,-1,133122,11,0,0,0,0,0,0.0,0,valid
14900,4,4,6,7,0,0,-1,134587,11,0,0,0,0,0,0.0,0,valid
14901,4,4,6,3,0,0,-1,135036,11,0,0,0,0,0,0.0,0,valid
14902,4,6,1,14,4,0,-1,134958,9,0,0,0,0,0,0.0,0,valid
14903,4,4,6,9,0,0,-1,132603,11,0,0,0,0,0,0.0,0,valid
14904,4,4,6,5,0,0,-1,132626,11,0,0,0,0,0,0.0,0,valid
14905,4,4,6,10,0,0,-1,132962,11,0,0,0,0,0,0.0,0,valid
14906,4,4,6,6,0,0,-1,132513,11,0,0,0,0,0,0.0,0,valid
14907,4,4,6,1,0,0,-1,133127,11,0,0,0,0,0,0.0,0,valid
14908,4,4,6,7,0,0,-1,134584,11,0,0,0,0,0,0.0,0,valid
14909,4,4,6,3,0,0,-1,135042,11,0,0,0,0,0,0.0,0,valid
14910,4,4,6,9,0,0,-1,132612,11,0,0,0,0,0,0.0,0,valid
14911,4,4,6,8,0,0,-1,132587,11,0,0,0,0,0,0.0,0,valid
14912,4,6,1,14,4,0,-1,134948,9,0,0,0,0,0,0.0,0,valid
14913,4,4,6,8,0,0,-1,132586,11,0,0,0,0,0,0.0,0,valid
14914,4,4,6,9,0,0,-1,132611,11,0,0,0,0,0,0.0,0,valid
14915,4,4,6,5,0,0,-1,132742,11,0,0,0,0,0,0.0,0,valid
14916,4,6,1,14,4,0,-1,134967,9,0,0,0,0,0,0.0,0,valid
14917,4,4,6,10,0,0,-1,132964,11,0,0,0,0,0,0.0,0,valid
14918,4,4,6,6,0,0,-1,132506,11,0,0,0,0,0,0.0,0,valid
14919,4,4,6,1,0,0,-1,132514,11,0,0,0,0,0,0.0,0,valid
14920,4,4,6,7,0,0,-1,134585,11,0,0,0,0,0,0.0,0,valid
14921,4,4,6,3,0,0,-1,135047,11,0,0,0,0,0,0.0,0,valid
14922,4,4,6,8,0,0,-1,132592,11,0,0,0,0,0,0.0,0,valid
14923,4,4,6,9,0,0,-1,132613,11,0,0,0,0,0,0.0,0,valid
14924,4,4,6,5,0,0,-1,132760,11,0,0,0,0,0,0.0,0,valid
14925,4,4,6,1,0,0,-1,133078,11,0,0,0,0,0,0.0,0,valid
14926,4,4,6,10,0,0,-1,132963,11,0,0,0,0,0,0.0,0,valid
14927,4,4,6,6,0,0,-1,132521,11,0,0,0,0,0,0.0,0,valid
14928,4,4,6,7,0,0,-1,134584,11,0,0,0,0,0,0.0,0,valid
14929,4,4,6,3,0,0,-1,135059,11,0,0,0,0,0,0.0,0,valid
14930,4,6,1,14,4,0,-1,134963,9,0,0,0,0,0,0.0,0,valid
14931,4,4,6,5,0,0,-1,132632,11,0,0,0,0,0,0.0,0,valid
14932,4,4,6,8,0,0,-1,132587,11,0,0,0,0,0,0.0,0,valid
14933,4,4,6,10,0,0,-1,132965,11,0,0,0,0,0,0.0,0,valid
14934,4,4,6,6,0,0,-1,132501,11,0,0,0,0,0,0.0,0,valid
14935,4,4,6,1,0,0,-1,133122,11,0,0,0,0,0,0.0,0,valid
14936,4,4,6,7,0,0,-1,134584,11,0,0,0,0,0,0.0,0,valid
14937,4,4,6,3,0,0,-1,135047,11,0,0,0,0,0,0.0,0,valid
14938,4,4,6,9,0,0,-1,132613,11,0,0,0,0,0,0.0,0,valid
14939,4,4,6,5,0,0,-1,132725,11,0,0,0,0,0,0.0,0,valid
14940,4,4,6,8,0,0,-1,132590,11,0,0,0,0,0,0.0,0,valid
14941,4,4,6,9,0,0,-1,132618,11,0,0,0,0,0,0.0,0,valid
14942,4,4,6,10,0,0,-1,132961,11,0,0,0,0,0,0.0,0,valid
14943,4,4,6,6,0,0,-1,132503,11,0,0,0,0,0,0.0,0,valid
14944,4,4,6,1,0,0,-1,132517,11,0,0,0,0,0,0.0,0,valid
14945,4,4,6,7,0,0,-1,134584,11,0,0,0,0,0,0.0,0,valid
14946,4,4,6,3,0,0,-1,135053,11,0,0,0,0,0,0.0,0,valid
14947,4,6,1,14,4,0,-1,134965,9,0,0,0,0,0,0.0,0,valid
14948,4,4,6,5,0,0,-1,132629,11,0,0,0,0,0,0.0,0,valid
14949,4,4,6,10,0,0,-1,132953,11,0,0,0,0,0,0.0,0,valid
14950,4,4,6,6,0,0,-1,132502,11,0,0,0,0,0,0.0,0,valid
14951,4,4,6,8,0,0,-1,132536,11,0,0,0,0,0,0.0,0,valid
14952,4,4,6,1,0,0,-1,133101,11,0,0,0,0,0,0.0,0,valid
14953,4,4,6,7,0,0,-1,134586,11,0,0,0,0,0,0.0,0,valid
14954,4,6,1,14,4,0,-1,134951,9,0,0,0,0,0,0.0,0,valid
14955,4,4,6,3,0,0,-1,135054,11,0,0,0,0,0,0.0,0,valid
14956,4,4,6,9,0,0,-1,132608,11,0,0,0,0,0,0.0,0,valid
14957,4,4,6,8,0,0,-1,132539,11,0,0,0,0,0,0.0,0,valid
14958,4,4,6,5,0,0,-1,132636,11,0,0,0,0,0,0.0,0,valid
14959,4,4,6,10,0,0,-1,132940,11,0,0,0,0,0,0.0,0,valid
14960,4,4,6,6,0,0,-1,132518,11,0,0,0,0,0,0.0,0,valid
14961,4,4,6,1,0,0,-1,133125,11,0,0,0,0,0,0.0,0,valid
14962,4,4,6,7,0,0,-1,134588,11,0,0,0,0,0,0.0,0,valid
14963,4,4,6,3,0,0,-1,135036,11,0,0,0,0,0,0.0,0,valid
14964,4,6,1,14,4,0,-1,134966,9,0,0,0,0,0,0.0,0,valid
14965,4,4,6,9,0,0,-1,132612,11,0,0,0,0,0,0.0,0,valid
14966,4,4,6,5,0,0,-1,132738,11,0,0,0,0,0,0.0,0,valid
14967,4,4,6,10,0,0,-1,132944,11,0,0,0,0,0,0.0,0,valid
14968,4,4,6,6,0,0,-1,132500,11,0,0,0,0,0,0.0,0,valid
14969,4,4,6,1,0,0,-1,133073,11,0,0,0,0,0,0.0,0,valid
14970,4,4,6,7,0,0,-1,134582,11,0,0,0,0,0,0.0,0,valid
14971,4,4,6,3,0,0,-1,135051,11,0,0,0,0,0,0.0,0,valid
14972,4,4,6,8,0,0,-1,132584,11,0,0,0,0,0,0.0,0,valid
14973,4,6,1,14,4,0,-1,134961,9,0,0,0,0,0,0.0,0,valid
14974,4,4,6,9,0,0,-1,132618,11,0,0,0,0,0,0.0,0,valid
14975,4,4,6,5,0,0,-1,132745,11,0,0,0,0,0,0.0,0,valid
14976,4,4,6,10,0,0,-1,132938,11,0,0,0,0,0,0.0,0,valid
14977,4,4,6,6,0,0,-1,132513,11,0,0,0,0,0,0.0,0,valid
14978,4,4,6,8,0,0,-1,132592,11,0,0,0,0,0,0.0,0,valid
14979,4,4,6,1,0,0,-1,133078,11,0,0,0,0,0,0.0,0,valid
14980,4,4,6,7,0,0,-1,134592,11,0,0,0,0,0,0.0,0,valid
14981,4,4,6,3,0,0,-1,135044,11,0,0,0,0,0,0.0,0,valid
14982,4,6,1,14,4,0,-1,134948,9,0,0,0,0,0,0.0,0,valid
14983,4,4,6,9,0,0,-1,132608,11,0,0,0,0,0,0.0,0,valid
15009,4,2,8,7,0,0,-1,134585,7,0,0,0,0,0,0.0,0,valid
15010,4,2,8,5,0,0,-1,132719,7,0,0,0,0,0,0.0,0,valid
15011,4,2,8,6,0,0,-1,132492,7,0,0,0,0,0,0.0,0,valid
15012,4,2,8,8,0,0,-1,132539,7,0,0,0,0,0,0.0,0,valid
15014,4,6,1,14,4,0,-1,134955,9,0,0,0,0,0,0.0,0,valid
15016,4,2,8,10,0,0,-1,132949,7,0,0,0,0,0,0.0,0,valid
15017,4,2,8,7,0,0,-1,134586,7,0,0,0,0,0,0.0,0,valid
15018,4,2,8,5,0,0,-1,132715,7,0,0,0,0,0,0.0,0,valid
15110,4,2,8,6,0,0,-1,132494,7,0,0,0,0,0,0.0,0,valid
15111,4,2,8,8,0,0,-1,132537,7,0,0,0,0,0,0.0,0,valid
15112,4,2,8,9,0,0,-1,132600,7,0,0,0,0,0,0.0,0,valid
15113,4,6,1,14,4,0,-1,134955,9,0,0,0,0,0,0.0,0,valid
15114,4,1,7,16,0,0,-1,133762,7,0,0,0,0,0,0.0,0,valid
15115,4,2,8,10,0,0,-1,132958,7,0,0,0,0,0,0.0,0,valid
15116,4,2,8,3,0,0,-1,135039,7,0,0,0,0,0,0.0,0,valid
15117,4,2,8,7,0,0,-1,134582,7,0,0,0,0,0,0.0,0,valid
15118,4,2,8,5,0,0,-1,132725,7,0,0,0,0,0,0.0,0,valid
15119,4,1,7,7,0,0,-1,134588,7,0,0,0,0,0,0.0,0,valid
15120,4,2,8,6,0,0,-1,132495,7,0,0,0,0,0,0.0,0,valid
15121,4,2,8,8,0,0,-1,132537,7,0,0,0,0,0,0.0,0,valid
15122,4,2,8,9,0,0,-1,132611,7,0,0,0,0,0,0.0,0,valid
15123,4,6,1,14,4,0,-1,134956,9,0,0,0,0,0,0.0,0,valid
15124,4,1,7,16,0,0,-1,133755,7,0,0,0,0,0,0.0,0,valid
15125,4,2,8,10,0,0,-1,132958,7,0,0,0,0,0,0.0,0,valid
15126,4,2,8,7,0,0,-1,134587,7,0,0,0,0,0,0.0,0,valid
15127,4,2,8,3,0,0,-1,135039,7,0,0,0,0,0,0.0,0,valid
15128,4,2,8,5,0,0,-1,132646,7,0,0,0,0,0,0.0,0,valid
15129,4,2,8,1,0,0,-1,133117,7,0,0,0,0,0,0.0,0,valid
15130,4,2,8,5,0,0,-1,132719,7,0,0,0,0,0,0.0,0,valid
15131,4,2,8,8,0,0,-1,132539,7,0,0,0,0,0,0.0,0,valid
15132,4,2,8,9,0,0,-1,132609,7,0,0,0,0,0,0.0,0,valid
15133,4,6,1,14,4,0,-1,134955,9,0,0,0,0,0,0.0,0,valid
15134,4,2,8,1,0,0,-1,133117,7,0,0,0,0,0,0.0,0,valid
15135,4,1,7,16,0,0,-1,133760,7,0,0,0,0,0,0.0,0,valid
15136,4,2,8,6,0,0,-1,132500,7,0,0,0,0,0,0.0,0,valid
15137,4,2,8,10,0,0,-1,132956,7,0,0,0,0,0,0.0,0,valid
15139,4,2,8,7,0,0,-1,134587,7,0,0,0,0,0,0.0,0,valid
15140,4,2,8,3,0,0,-1,135042,7,0,0,0,0,0,0.0,0,valid
15142,4,2,8,8,0,0,-1,132592,7,0,0,0,0,0,0.0,0,valid
15143,4,2,8,9,0,0,-1,132607,7,0,0,0,0,0,0.0,0,valid
15144,4,2,8,5,0,0,-1,132736,7,0,0,0,0,0,0.0,0,valid
15145,4,6,1,14,4,0,-1,134956,9,0,0,0,0,0,0.0,0,valid
15146,4,2,8,1,0,0,-1,133117,7,0,0,0,0,0,0.0,0,valid
15147,4,1,7,16,0,0,-1,133758,7,0,0,0,0,0,0.0,0,valid
15148,4,2,8,6,0,0,-1,132493,7,0,0,0,0,0,0.0,0,valid
15149,4,2,8,10,0,0,-1,132939,7,0,0,0,0,0,0.0,0,valid
15150,4,2,8,3,0,0,-1,135039,7,0,0,0,0,0,0.0,0,valid
15151,4,2,8,7,0,0,-1,134706,7,0,0,0,0,0,0.0,0,valid
15152,4,2,8,8,0,0,-1,132542,7,0,0,0,0,0,0.0,0,valid
15153,4,1,7,16,0,0,-1,133754,7,0,0,0,0,0,0.0,0,valid
15154,4,2,8,6,0,0,-1,132504,7,0,0,0,0,0,0.0,0,valid
15155,4,2,8,10,0,0,-1,132959,7,0,0,0,0,0,0.0,0,valid
15156,4,2,8,1,0,0,-1,133111,7,0,0,0,0,0,0.0,0,valid
15157,4,2,8,7,0,0,-1,134583,7,0,0,0,0,0,0.0,0,valid
15158,4,2,8,3,0,0,-1,135053,7,0,0,0,0,0,0.0,0,valid
15159,4,2,8,5,0,0,-1,132720,7,0,0,0,0,0,0.0,0,valid
15160,4,2,8,9,0,0,-1,132608,7,0,0,0,0,0,0.0,0,valid
15161,4,2,8,6,0,0,-1,132501,7,0,0,0,0,0,0.0,0,valid
15162,4,2,8,8,0,0,-1,132536,7,0,0,0,0,0,0.0,0,valid
15163,4,2,8,9,0,0,-1,132615,7,0,0,0,0,0,0.0,0,valid
15164,4,2,8,5,0,0,-1,132720,7,0,0,0,0,0,0.0,0,valid
15165,4,1,7,16,0,0,-1,133770,7,0,0,0,0,0,0.0,0,valid
15166,4,2,8,10,0,0,-1,132956,7,0,0,0,0,0,0.0,0,valid
15167,4,2,8,1,0,0,-1,133694,7,0,0,0,0,0,0.0,0,valid
15168,4,2,8,7,0,0,-1,134586,7,0,0,0,0,0,0.0,0,valid
15169,4,2,8,3,0,0,-1,135054,7,0,0,0,0,0,0.0,0,valid
15170,4,2,8,5,0,0,-1,132635,7,0,0,0,0,0,0.0,0,valid
15171,4,2,8,8,0,0,-1,132535,7,0,0,0,0,0,0.0,0,valid
15172,4,2,8,9,0,0,-1,132613,7,0,0,0,0,0,0.0,0,valid
15173,4,1,7,16,0,0,-1,133758,7,0,0,0,0,0,0.0,0,valid
15174,4,2,8,10,0,0,-1,132946,7,0,0,0,0,0,0.0,0,valid
15175,4,2,8,1,0,0,-1,133111,7,0,0,0,0,0,0.0,0,valid
15176,4,2,8,7,0,0,-1,134586,7,0,0,0,0,0,0.0,0,valid
15177,4,2,8,3,0,0,-1,135044,7,0,0,0,0,0,0.0,0,valid
15178,4,2,8,6,0,0,-1,132505,7,0,0,0,0,0,0.0,0,valid
15179,4,2,8,5,0,0,-1,132629,7,0,0,0,0,0,0.0,0,valid
15181,4,2,8,8,0,0,-1,132588,7,0,0,0,0,0,0.0,0,valid
15182,4,2,8,9,0,0,-1,132613,7,0,0,0,0,0,0.0,0,valid
15183,4,1,7,16,0,0,-1,133770,7,0,0,0,0,0,0.0,0,valid
15184,4,2,8,10,0,0,-1,132963,7,0,0,0,0,0,0.0,0,valid
15185,4,2,8,1,0,0,-1,132500,7,0,0,0,0,0,0.0,0,valid
15186,4,2,8,7,0,0,-1,134586,7,0,0,0,0,0,0.0,0,valid
15187,4,2,8,3,0,0,-1,135054,7,0,0,0,0,0,0.0,0,valid
15188,4,2,8,9,0,0,-1,132617,7,0,0,0,0,0,0.0,0,valid
15189,4,2,8,8,0,0,-1,132541,7,0,0,0,0,0,0.0,0,valid
15190,4,1,7,16,0,0,-1,133754,7,0,0,0,0,0,0.0,0,valid
15191,4,2,8,6,0,0,-1,132501,7,0,0,0,0,0,0.0,0,valid
15192,4,2,8,10,0,0,-1,132965,7,0,0,0,0,0,0.0,0,valid
15193,4,2,8,1,0,0,-1,133074,7,0,0,0,0,0,0.0,0,valid
15194,4,2,8,7,0,0,-1,134586,7,0,0,0,0,0,0.0,0,valid
15195,4,2,8,5,0,0,-1,132720,7,0,0,0,0,0,0.0,0,valid
15210,2,7,1,13,3,0,-1,135274,8,0,0,0,0,0,0.0,0,valid
15212,2,7,1,21,3,0,-1,135356,8,0,0,0,0,0,0.0,0,valid
15213,2,7,1,13,3,0,-1,135346,8,0,0,0,0,0,0.0,0,valid
15214,2,7,1,13,3,0,-1,135321,8,0,0,0,0,0,0.0,0,valid
15215,2,7,1,21,3,0,-1,135314,8,0,0,0,0,0,0.0,0,valid
15216,2,7,1,13,3,0,-1,135351,8,0,0,0,0,0,0.0,0,valid
15217,2,7,1,13,3,0,-1,135351,8,0,0,0,0,0,0.0,0,valid
15218,2,7,1,13,3,0,-1,135349,8,0,0,0,0,0,0.0,0,valid
15219,2,7,1,13,3,0,-1,135324,8,0,0,0,0,0,0.0,0,valid
15220,2,7,1,21,3,0,-1,135346,8,0,0,0,0,0,0.0,0,valid
15221,2,7,1,13,3,0,-1,135276,8,0,0,0,0,0,0.0,0,valid
15222,2,4,2,21,3,0,-1,133045,8,0,0,0,0,0,0.0,0,valid
15223,2,4,2,21,3,0,-1,133045,8,0,0,0,0,0,0.0,0,valid
15225,2,4,2,21,3,0,-1,133045,8,0,0,0,0,0,0.0,0,valid
15226,2,4,2,21,3,0,-1,133053,8,0,0,0,0,0,0.0,0,valid
15227,2,4,2,13,3,0,-1,133490,8,0,0,0,0,0,0.0,0,valid
15228,2,4,2,13,3,0,-1,133729,8,0,0,0,0,0,0.0,0,valid
15229,2,4,2,13,3,0,-1,133039,8,0,0,0,0,0,0.0,0,valid
15230,2,0,1,21,3,0,-1,132415,8,0,0,0,0,0,0.0,0,valid
15231,2,0,1,13,3,0,-1,132405,8,0,0,0,0,0,0.0,0,valid
15232,2,0,1,13,3,0,-1,135649,8,0,0,0,0,0,0.0,0,valid
15233,2,0,1,21,3,0,-1,132399,8,0,0,0,0,0,0.0,0,valid
15234,2,0,1,21,3,0,-1,132394,8,0,0,0,0,0,0.0,0,valid
15235,2,0,1,13,3,0,-1,132407,8,0,0,0,0,0,0.0,0,valid
15236,2,0,1,13,3,0,-1,132407,8,0,0,0,0,0,0.0,0,valid
15237,2,0,1,13,3,0,-1,132407,8,0,0,0,0,0,0.0,0,valid
15238,2,0,1,13,3,0,-1,132407,8,0,0,0,0,0,0.0,0,valid
15239,2,0,1,13,3,0,-1,132401,8,0,0,0,0,0,0.0,0,valid
15240,2,0,1,13,3,0,-1,132407,8,0,0,0,0,0,0.0,0,valid
15241,2,15,1,13,3,0,-1,135637,8,0,0,0,0,0,0.0,0,valid
15242,2,15,1,13,3,0,-1,135637,8,0,0,0,0,0,0.0,0,valid
15243,2,15,1,13,3,0,-1,135637,8,0,0,0,0,0,0.0,0,valid
15244,2,15,1,13,3,0,-1,135637,8,0,0,0,0,0,0.0,0,valid
15245,2,15,1,13,3,0,-1,135639,8,0,0,0,0,0,0.0,0,valid
15246,2,15,1,13,3,0,-1,135639,8,0,0,0,0,0,0.0,0,valid
15247,2,15,1,13,3,0,-1,135639,8,0,0,0,0,0,0.0,0,valid
15248,2,8,1,17,1,0,-1,135324,9,0,0,0,0,0,0.0,0,valid
15249,2,8,1,17,1,0,-1,135324,9,0,0,0,0,0,0.0,0,valid
15250,2,8,1,17,1,0,-1,135321,9,0,0,0,0,0,0.0,0,valid
15251,2,8,1,17,1,0,-1,135352,9,0,0,0,0,0,0.0,0,valid
15252,2,8,1,17,1,0,-1,135355,9,0,0,0,0,0,0.0,0,valid
15253,2,8,1,17,1,0,-1,135330,9,0,0,0,0,0,0.0,0,valid
15254,2,8,1,17,1,0,-1,135327,9,0,0,0,0,0,0.0,0,valid
15255,2,8,1,17,1,0,-1,135278,9,0,0,0,0,0,0.0,0,valid
15256,2,8,1,17,1,0,-1,135327,9,0,0,0,0,0,0.0,0,valid
15257,2,8,1,17,1,0,-1,135280,9,0,0,0,0,0,0.0,0,valid
15258,2,8,1,17,1,0,-1,135327,9,0,0,0,0,0,0.0,0,valid
15259,2,5,2,17,1,0,-1,133053,9,0,0,0,0,0,0.0,0,valid
15260,2,5,2,17,1,0,-1,133054,9,0,0,0,0,0,0.0,0,valid
15261,2,5,2,17,1,0,-1,133053,9,0,0,0,0,0,0.0,0,valid
15262,2,5,2,17,1,0,-1,133056,9,0,0,0,0,0,0.0,0,valid
15263,2,5,2,17,1,0,-1,133048,9,0,0,0,0,0,0.0,0,valid
15264,2,5,2,17,1,0,-1,133053,9,0,0,0,0,0,0.0,0,valid
15265,2,5,2,17,1,0,-1,133047,9,0,0,0,0,0,0.0,0,valid
15266,2,5,2,17,1,0,-1,133045,9,0,0,0,0,0,0.0,0,valid
15267,2,5,2,17,1,0,-1,133047,9,0,0,0,0,0,0.0,0,valid
15268,2,1,1,17,1,0,-1,132400,9,0,0,0,0,0,0.0,0,valid
15269,2,1,1,17,1,0,-1,132415,9,0,0,0,0,0,0.0,0,valid
15270,2,1,1,17,1,0,-1,132408,9,0,0,0,0,0,0.0,0,valid
15271,2,1,1,17,1,0,-1,132403,9,0,0,0,0,0,0.0,0,valid
15272,2,1,1,17,1,0,-1,132408,9,0,0,0,0,0,0.0,0,valid
15273,2,1,1,17,1,0,-1,132409,9,0,0,0,0,0,0.0,0,valid
15274,2,10,2,17,2,0,-1,135163,13,0,0,0,0,0,0.0,0,valid
15275,2,10,2,17,2,0,-1,135140,13,0,0,0,0,0,0.0,0,valid
15276,2,10,2,17,2,0,-1,135151,13,0,0,0,0,0,0.0,0,valid
15278,2,10,2,17,2,0,-1,135140,13,0,0,0,0,0,0.0,0,valid
15279,2,19,2,26,0,0,-1,135469,21,0,0,0,0,0,0.0,0,valid
15280,2,19,2,26,0,0,-1,135468,21,0,0,0,0,0,0.0,0,valid
15281,2,19,2,26,0,0,-1,135147,21,0,0,0,0,0,0.0,0,valid
15282,2,19,2,26,0,0,-1,135468,21,0,0,0,0,0,0.0,0,valid
15283,2,19,2,26,0,0,-1,135143,21,0,0,0,0,0,0.0,0,valid
15284,2,2,2,15,0,0,-1,135489,12,0,0,2,0,0,0.0,0,valid
15285,2,2,2,15,0,0,-1,135491,12,0,0,2,0,0,0.0,0,valid
15286,2,2,2,15,0,0,-1,135498,12,0,0,2,0,0,0.0,0,valid
15287,2,2,2,15,0,0,-1,135490,12,0,0,2,0,0,0.0,0,valid
15288,2,2,2,15,0,0,-1,135495,12,0,0,2,0,0,0.0,0,valid
15289,2,2,2,15,0,0,-1,135494,12,0,0,2,0,0,0.0,0,valid
15291,2,2,2,15,0,0,-1,135496,12,0,0,2,0,0,0.0,0,valid
15294,2,2,2,15,0,0,-1,135495,12,0,0,2,0,0,0.0,0,valid
15295,2,2,2,15,0,0,-1,135498,12,0,0,2,0,0,0.0,0,valid
15296,2,2,2,15,0,0,-1,135500,12,0,0,2,0,0,0.0,0,valid
15298,4,6,1,14,4,0,-1,134956,9,0,0,0,0,0,0.0,0,valid
15303,4,2,8,7,0,0,-1,134589,7,0,0,0,0,0,0.0,0,valid
15304,4,2,8,5,0,0,-1,132716,7,0,0,0,0,0,0.0,0,valid
15305,4,2,8,8,0,0,-1,132539,7,0,0,0,0,0,0.0,0,valid
15306,4,2,8,9,0,0,-1,132604,7,0,0,0,0,0,0.0,0,valid
15307,4,6,1,14,4,0,-1,134955,9,0,0,0,0,0,0.0,0,valid
15308,4,2,8,6,0,0,-1,132492,7,0,0,0,0,0,0.0,0,valid
15309,4,1,7,16,0,0,-1,133770,7,0,0,0,0,0,0.0,0,valid
15310,4,2,8,10,0,0,-1,132939,7,0,0,0,0,0,0.0,0,valid
15311,4,2,8,5,0,0,-1,132719,7,0,0,0,0,0,0.0,0,valid
15312,4,2,8,7,0,0,-1,134586,7,0,0,0,0,0,0.0,0,valid
15322,2,3,1,26,0,0,-1,135610,8,0,0,3,0,0,0.0,0,valid
15323,2,3,1,26,0,0,-1,135610,8,0,0,3,0,0,0.0,0,valid
15325,2,3,1,26,0,0,-1,135615,8,0,0,3,0,0,0.0,0,valid
15329,4,2,8,6,0,0,-1,132505,7,0,0,0,0,0,0.0,0,valid
15330,4,2,8,8,0,0,-1,132539,7,0,0,0,0,0,0.0,0,valid
15331,4,2,8,9,0,0,-1,132605,7,0,0,0,0,0,0.0,0,valid
15332,4,6,1,14,4,0,-1,134948,9,0,0,0,0,0,0.0,0,valid
15333,4,1,7,16,0,0,-1,133753,7,0,0,0,0,0,0.0,0,valid
15334,4,2,8,10,0,0,-1,132961,7,0,0,0,0,0,0.0,0,valid
15336,4,2,8,7,0,0,-1,134582,7,0,0,0,0,0,0.0,0,valid
15337,4,2,8,5,0,0,-1,132656,7,0,0,0,0,0,0.0,0,valid
15338,4,2,8,3,0,0,-1,135049,7,0,0,0,0,0,0.0,0,valid
15339,4,2,8,1,0,0,-1,133117,7,0,0,0,0,0,0.0,0,valid
15340,4,1,7,16,0,0,-1,133753,7,0,0,0,0,0,0.0,0,valid
15341,4,2,8,8,0,0,-1,132539,7,0,0,0,0,0,0.0,0,valid
15342,4,6,1,14,4,0,-1,134967,9,0,0,0,0,0,0.0,0,valid
15343,4,2,8,10,0,0,-1,132958,7,0,0,0,0,0,0.0,0,valid
15344,4,2,8,7,0,0,-1,134587,7,0,0,0,0,0,0.0,0,valid
15345,4,2,8,3,0,0,-1,135039,7,0,0,0,0,0,0.0,0,valid
15346,4,2,8,5,0,0,-1,132656,7,0,0,0,0,0,0.0,0,valid
15347,4,2,8,6,0,0,-1,132514,7,0,0,0,0,0,0.0,0,valid
15348,4,2,8,9,0,0,-1,132611,7,0,0,0,0,0,0.0,0,valid
15349,4,2,8,6,0,0,-1,132492,7,0,0,0,0,0,0.0,0,valid
15350,4,2,8,8,0,0,-1,132539,7,0,0,0,0,0,0.0,0,valid
15351,4,2,8,9,0,0,-1,132612,7,0,0,0,0,0,0.0,0,valid
15352,4,6,1,14,4,0,-1,134967,9,0,0,0,0,0,0.0,0,valid
15353,4,2,8,1,0,0,-1,133117,7,0,0,0,0,0,0.0,0,valid
15354,4,1,7,16,0,0,-1,133755,7,0,0,0,0,0,0.0,0,valid
15355,4,2,8,10,0,0,-1,132956,7,0,0,0,0,0,0.0,0,valid
15356,4,2,8,5,0,0,-1,132723,7,0,0,0,0,0,0.0,0,valid
15357,4,2,8,3,0,0,-1,135039,7,0,0,0,0,0,0.0,0,valid
15358,4,2,8,7,0,0,-1,134587,7,0,0,0,0,0,0.0,0,valid
15359,4,2,8,5,0,0,-1,132649,7,0,0,0,0,0,0.0,0,valid
15360,4,2,8,9,0,0,-1,132606,7,0,0,0,0,0,0.0,0,valid
15361,4,2,8,6,0,0,-1,132498,7,0,0,0,0,0,0.0,0,valid
15362,4,2,8,8,0,0,-1,132541,7,0,0,0,0,0,0.0,0,valid
15363,4,2,8,1,0,0,-1,133121,7,0,0,0,0,0,0.0,0,valid
15364,4,1,7,16,0,0,-1,133768,7,0,0,0,0,0,0.0,0,valid
15365,4,2,8,10,0,0,-1,132949,7,0,0,0,0,0,0.0,0,valid
15366,4,2,8,7,0,0,-1,134593,7,0,0,0,0,0,0.0,0,valid
15367,4,6,1,14,4,0,-1,134962,9,0,0,0,0,0,0.0,0,valid
15368,4,2,8,3,0,0,-1,135039,7,0,0,0,0,0,0.0,0,valid
15369,4,2,8,6,0,0,-1,132491,7,0,0,0,0,0,0.0,0,valid
15370,4,2,8,8,0,0,-1,132542,7,0,0,0,0,0,0.0,0,valid
15371,4,1,7,16,0,0,-1,133774,7,0,0,0,0,0,0.0,0,valid
15372,4,2,8,10,0,0,-1,132959,7,0,0,0,0,0,0.0,0,valid
15373,4,2,8,1,0,0,-1,133119,7,0,0,0,0,0,0.0,0,valid
15374,4,2,8,7,0,0,-1,134586,7,0,0,0,0,0,0.0,0,valid
15375,4,2,8,3,0,0,-1,135054,7,0,0,0,0,0,0.0,0,valid
15376,4,2,8,5,0,0,-1,132722,7,0,0,0,0,0,0.0,0,valid
15377,4,2,8,9,0,0,-1,132608,7,0,0,0,0,0,0.0,0,valid
15378,4,2,8,6,0,0,-1,132501,7,0,0,0,0,0,0.0,0,valid
15379,4,2,8,8,0,0,-1,132535,7,0,0,0,0,0,0.0,0,valid
15380,4,2,8,9,0,0,-1,132615,7,0,0,0,0,0,0.0,0,valid
15381,4,2,8,5,0,0,-1,132720,7,0,0,0,0,0,0.0,0,valid
15382,4,1,7,16,0,0,-1,133770,7,0,0,0,0,0,0.0,0,valid
15383,4,2,8,10,0,0,-1,132956,7,0,0,0,0,0,0.0,0,valid
15384,4,2,8,1,0,0,-1,133126,7,0,0,0,0,0,0.0,0,valid
15385,4,2,8,7,0,0,-1,134592,7,0,0,0,0,0,0.0,0,valid
15386,4,2,8,3,0,0,-1,135032,7,0,0,0,0,0,0.0,0,valid
15387,4,2,8,9,0,0,-1,132605,7,0,0,0,0,0,0.0,0,valid
15389,4,2,8,8,0,0,-1,132542,7,0,0,0,0,0,0.0,0,valid
15390,4,2,8,5,0,0,-1,132742,7,0,0,0,0,0,0.0,0,valid
15391,4,2,8,1,0,0,-1,133142,7,0,0,0,0,0,0.0,0,valid
15392,4,1,7,16,0,0,-1,133769,7,0,0,0,0,0,0.0,0,valid
15393,4,2,8,10,0,0,-1,132945,7,0,0,0,0,0,0.0,0,valid
15394,4,2,8,7,0,0,-1,134586,7,0,0,0,0,0,0.0,0,valid
15395,4,2,8,3,0,0,-1,135049,7,0,0,0,0,0,0.0,0,valid
15424,2,1,1,17,1,0,-1,132395,9,0,0,0,0,0,0.0,0,valid
15425,4,2,8,9,0,0,-1,132601,7,0,0,0,0,0,0.0,0,valid
15426,4,2,8,8,0,0,-1,132542,7,0,0,0,0,0,0.0,0,valid
15427,4,1,7,16,0,0,-1,133754,7,0,0,0,0,0,0.0,0,valid
15428,4,2,8,6,0,0,-1,132501,7,0,0,0,0,0,0.0,0,valid
15429,4,2,8,10,0,0,-1,132949,7,0,0,0,0,0,0.0,0,valid
15430,4,2,8,1,0,0,-1,133689,7,0,0,0,0,0,0.0,0,valid
15431,4,2,8,7,0,0,-1,134586,7,0,0,0,0,0,0.0,0,valid
15432,4,2,8,3,0,0,-1,135039,7,0,0,0,0,0,0.0,0,valid
15433,4,2,8,5,0,0,-1,132717,7,0,0,0,0,0,0.0,0,valid
15434,4,2,8,6,0,0,-1,132501,7,0,0,0,0,0,0.0,0,valid
15435,4,2,8,8,0,0,-1,132589,7,0,0,0,0,0,0.0,0,valid
15436,4,2,8,9,0,0,-1,132614,7,0,0,0,0,0,0.0,0,valid
15437,4,1,7,16,0,0,-1,133754,7,0,0,0,0,0,0.0,0,valid
15438,4,2,8,10,0,0,-1,132960,7,0,0,0,0,0,0.0,0,valid
15439,4,2,8,1,0,0,-1,132767,7,0,0,0,0,0,0.0,0,valid
15440,4,2,8,7,0,0,-1,134586,7,0,0,0,0,0,0.0,0,valid
15441,4,2,8,3,0,0,-1,135052,7,0,0,0,0,0,0.0,0,valid
15442,4,2,8,5,0,0,-1,132741,7,0,0,0,0,0,0.0,0,valid
15443,2,15,1,13,3,0,-1,135641,8,0,0,0,0,0,0.0,0,valid
15444,2,10,2,17,2,0,-1,135225,13,0,0,0,0,0,0.0,0,valid
15445,2,4,2,21,3,0,-1,133060,8,0,0,0,0,0,0.0,0,valid
15449,4,1,7,7,0,0,-1,134594,7,0,0,0,0,0,0.0,0,valid
15450,4,2,8,7,0,0,-1,134587,7,0,0,0,0,0,0.0,0,valid
15451,4,3,5,7,0,0,-1,134583,10,0,0,0,0,0,0.0,0,valid
15452,4,1,7,9,0,0,-1,132607,7,0,0,0,0,0,0.0,0,valid
15453,4,2,8,9,0,0,-1,132606,7,0,0,0,0,0,0.0,0,valid
15477,4,3,5,7,0,0,-1,134592,10,0,0,0,0,0,0.0,0,valid
15479,4,3,5,5,0,0,-1,132638,10,0,0,0,0,0,0.0,0,valid
15485,4,3,5,7,0,0,-1,134586,10,0,0,0,0,0,0.0,0,valid
15486,4,6,1,14,4,0,-1,134954,9,0,0,0,0,0,0.0,0,valid
15487,4,3,5,5,0,0,-1,132629,10,0,0,0,0,0,0.0,0,valid
15488,4,3,5,5,0,0,-1,132629,10,0,0,0,0,0,0.0,0,valid
15489,4,3,5,8,0,0,-1,132537,10,0,0,0,0,0,0.0,0,valid
15491,4,3,5,10,0,0,-1,132949,10,0,0,0,0,0,0.0,0,valid
15492,4,3,5,6,0,0,-1,132502,10,0,0,0,0,0,0.0,0,valid
15493,4,3,5,7,0,0,-1,134586,10,0,0,0,0,0,0.0,0,valid
15494,4,6,1,14,4,0,-1,134960,9,0,0,0,0,0,0.0,0,valid
15495,4,3,5,9,0,0,-1,132609,10,0,0,0,0,0,0.0,0,valid
15497,4,3,5,6,0,0,-1,132518,10,0,0,0,0,0,0.0,0,valid
15498,4,3,5,8,0,0,-1,132539,10,0,0,0,0,0,0.0,0,valid
15499,4,3,5,9,0,0,-1,132612,10,0,0,0,0,0,0.0,0,valid
15500,4,3,5,5,0,0,-1,132626,10,0,0,0,0,0,0.0,0,valid
15501,4,1,7,16,0,0,-1,133765,7,0,0,0,0,0,0.0,0,valid
15502,4,3,5,10,0,0,-1,132951,10,0,0,0,0,0,0.0,0,valid
15503,4,3,5,7,0,0,-1,134583,10,0,0,0,0,0,0.0,0,valid
15504,4,6,1,14,4,0,-1,134956,9,0,0,0,0,0,0.0,0,valid
15506,4,3,5,8,0,0,-1,132542,10,0,0,0,0,0,0.0,0,valid
15507,4,3,5,9,0,0,-1,132608,10,0,0,0,0,0,0.0,0,valid
15508,4,1,7,16,0,0,-1,133766,7,0,0,0,0,0,0.0,0,valid
15509,4,3,5,10,0,0,-1,132953,10,0,0,0,0,0,0.0,0,valid
15510,4,3,5,6,0,0,-1,132504,10,0,0,0,0,0,0.0,0,valid
15511,4,3,5,7,0,0,-1,134583,10,0,0,0,0,0,0.0,0,valid
15512,4,6,1,14,4,0,-1,134957,9,0,0,0,0,0,0.0,0,valid
15513,4,3,5,3,0,0,-1,135037,10,0,0,0,0,0,0.0,0,valid
15514,4,3,5,5,0,0,-1,132624,10,0,0,0,0,0,0.0,0,valid
15515,4,3,5,6,0,0,-1,132505,10,0,0,0,0,0,0.0,0,valid
15516,4,3,5,8,0,0,-1,132579,10,0,0,0,0,0,0.0,0,valid
15517,4,3,5,9,0,0,-1,132615,10,0,0,0,0,0,0.0,0,valid
15518,4,3,5,5,0,0,-1,132639,10,0,0,0,0,0,0.0,0,valid
15519,4,1,7,16,0,0,-1,133772,7,0,0,0,0,0,0.0,0,valid
15520,4,3,5,10,0,0,-1,132956,10,0,0,0,0,0,0.0,0,valid
15521,4,3,5,7,0,0,-1,134583,10,0,0,0,0,0,0.0,0,valid
15522,4,6,1,14,4,0,-1,134953,9,0,0,0,0,0,0.0,0,valid
15523,4,3,5,3,0,0,-1,135050,10,0,0,0,0,0,0.0,0,valid
15524,4,3,5,5,0,0,-1,132719,10,0,0,0,0,0,0.0,0,valid
15525,4,3,5,8,0,0,-1,132589,10,0,0,0,0,0,0.0,0,valid
15526,4,1,7,16,0,0,-1,133763,7,0,0,0,0,0,0.0,0,valid
15527,4,3,5,10,0,0,-1,132956,10,0,0,0,0,0,0.0,0,valid
15528,4,3,5,6,0,0,-1,132516,10,0,0,0,0,0,0.0,0,valid
15529,4,3,5,7,0,0,-1,134706,10,0,0,0,0,0,0.0,0,valid
15530,4,6,1,14,4,0,-1,134955,9,0,0,0,0,0,0.0,0,valid
15531,4,3,5,3,0,0,-1,135040,10,0,0,0,0,0,0.0,0,valid
15532,4,3,5,9,0,0,-1,132615,10,0,0,0,0,0,0.0,0,valid
15533,4,3,5,1,0,0,-1,132767,10,0,0,0,0,0,0.0,0,valid
15534,4,3,5,8,0,0,-1,132541,10,0,0,0,0,0,0.0,0,valid
15535,4,3,5,9,0,0,-1,132606,10,0,0,0,0,0,0.0,0,valid
15536,4,3,5,5,0,0,-1,132739,10,0,0,0,0,0,0.0,0,valid
15537,4,1,7,16,0,0,-1,133754,7,0,0,0,0,0,0.0,0,valid
15538,4,3,5,10,0,0,-1,132949,10,0,0,0,0,0,0.0,0,valid
15539,4,3,5,6,0,0,-1,132515,10,0,0,0,0,0,0.0,0,valid
15540,4,3,5,1,0,0,-1,133077,10,0,0,0,0,0,0.0,0,valid
15541,4,3,5,7,0,0,-1,134583,10,0,0,0,0,0,0.0,0,valid
15542,4,3,5,3,0,0,-1,135040,10,0,0,0,0,0,0.0,0,valid
15543,4,6,1,14,4,0,-1,134955,9,0,0,0,0,0,0.0,0,valid
15544,4,3,5,8,0,0,-1,132539,10,0,0,0,0,0,0.0,0,valid
15545,4,3,5,9,0,0,-1,132605,10,0,0,0,0,0,0.0,0,valid
15546,4,3,5,5,0,0,-1,132647,10,0,0,0,0,0,0.0,0,valid
15547,4,1,7,16,0,0,-1,133769,7,0,0,0,0,0,0.0,0,valid
15548,4,3,5,10,0,0,-1,132945,10,0,0,0,0,0,0.0,0,valid
15549,4,3,5,6,0,0,-1,132510,10,0,0,0,0,0,0.0,0,valid
15550,4,3,5,1,0,0,-1,132767,10,0,0,0,0,0,0.0,0,valid
15551,4,3,5,7,0,0,-1,134584,10,0,0,0,0,0,0.0,0,valid
15552,4,6,1,14,4,0,-1,134953,9,0,0,0,0,0,0.0,0,valid
15553,4,3,5,3,0,0,-1,135049,10,0,0,0,0,0,0.0,0,valid
15554,4,3,5,6,0,0,-1,132513,10,0,0,0,0,0,0.0,0,valid
15555,4,3,5,8,0,0,-1,132592,10,0,0,0,0,0,0.0,0,valid
15556,4,3,5,9,0,0,-1,132606,10,0,0,0,0,0,0.0,0,valid
15557,4,3,5,5,0,0,-1,132634,10,0,0,0,0,0,0.0,0,valid
15558,4,3,5,1,0,0,-1,132768,10,0,0,0,0,0,0.0,0,valid
15559,4,1,7,16,0,0,-1,133757,7,0,0,0,0,0,0.0,0,valid
15560,4,3,5,10,0,0,-1,132945,10,0,0,0,0,0,0.0,0,valid
15561,4,3,5,7,0,0,-1,134583,10,0,0,0,0,0,0.0,0,valid
15562,4,3,5,3,0,0,-1,135046,10,0,0,0,0,0,0.0,0,valid
15563,4,6,1,14,4,0,-1,134953,9,0,0,0,0,0,0.0,0,valid
15565,4,3,5,8,0,0,-1,132535,10,0,0,0,0,0,0.0,0,valid
15566,4,3,5,9,0,0,-1,132615,10,0,0,0,0,0,0.0,0,valid
15567,4,3,5,5,0,0,-1,132739,10,0,0,0,0,0,0.0,0,valid
15568,4,1,7,16,0,0,-1,133759,7,0,0,0,0,0,0.0,0,valid
15569,4,6,1,14,4,0,-1,134952,9,0,0,0,0,0,0.0,0,valid
15570,4,3,5,10,0,0,-1,132958,10,0,0,0,0,0,0.0,0,valid
15571,4,3,5,6,0,0,-1,132515,10,0,0,0,0,0,0.0,0,valid
15572,4,3,5,1,0,0,-1,132767,10,0,0,0,0,0,0.0,0,valid
15573,4,3,5,7,0,0,-1,134589,10,0,0,0,0,0,0.0,0,valid
15574,4,3,5,3,0,0,-1,135058,10,0,0,0,0,0,0.0,0,valid
15575,4,3,5,6,0,0,-1,132516,10,0,0,0,0,0,0.0,0,valid
15576,4,3,5,8,0,0,-1,132584,10,0,0,0,0,0,0.0,0,valid
15577,4,3,5,9,0,0,-1,132609,10,0,0,0,0,0,0.0,0,valid
15578,4,3,5,5,0,0,-1,132751,10,0,0,0,0,0,0.0,0,valid
15579,4,1,7,16,0,0,-1,133759,7,0,0,0,0,0,0.0,0,valid
15580,4,3,5,1,0,0,-1,133141,10,0,0,0,0,0,0.0,0,valid
15581,4,3,5,10,0,0,-1,132945,10,0,0,0,0,0,0.0,0,valid
15582,4,3,5,7,0,0,-1,134589,10,0,0,0,0,0,0.0,0,valid
15583,4,3,5,3,0,0,-1,135041,10,0,0,0,0,0,0.0,0,valid
15584,4,6,1,14,4,0,-1,134951,9,0,0,0,0,0,0.0,0,valid
15589,4,3,5,8,0,0,-1,132535,10,0,0,0,0,0,0.0,0,valid
15590,4,3,5,9,0,0,-1,132612,10,0,0,0,0,0,0.0,0,valid
15591,4,3,5,5,0,0,-1,132626,10,0,0,0,0,0,0.0,0,valid
15592,4,6,1,14,4,0,-1,134957,9,0,0,0,0,0,0.0,0,valid
15593,4,3,5,1,0,0,-1,132767,10,0,0,0,0,0,0.0,0,valid
15594,4,1,7,16,0,0,-1,133754,7,0,0,0,0,0,0.0,0,valid
15595,4,3,5,10,0,0,-1,132938,10,0,0,0,0,0,0.0,0,valid
15596,4,3,5,7,0,0,-1,134588,10,0,0,0,0,0,0.0,0,valid
15597,4,3,5,3,0,0,-1,135052,10,0,0,0,0,0,0.0,0,valid
15598,4,3,5,6,0,0,-1,132519,10,0,0,0,0,0,0.0,0,valid
15599,4,3,5,8,0,0,-1,132585,10,0,0,0,0,0,0.0,0,valid
15600,4,3,5,9,0,0,-1,132614,10,0,0,0,0,0,0.0,0,valid
15601,4,3,5,5,0,0,-1,132632,10,0,0,0,0,0,0.0,0,valid
15602,4,3,5,1,0,0,-1,133090,10,0,0,0,0,0,0.0,0,valid
15603,4,1,7,16,0,0,-1,133763,7,0,0,0,0,0,0.0,0,valid
15604,4,6,1,14,4,0,-1,134949,9,0,0,0,0,0,0.0,0,valid
15605,4,3,5,10,0,0,-1,132950,10,0,0,0,0,0,0.0,0,valid
15606,4,3,5,6,0,0,-1,132499,10,0,0,0,0,0,0.0,0,valid
15607,4,3,5,7,0,0,-1,134584,10,0,0,0,0,0,0.0,0,valid
15608,4,3,5,3,0,0,-1,135040,10,0,0,0,0,0,0.0,0,valid
15609,4,3,5,5,0,0,-1,132627,10,0,0,0,0,0,0.0,0,valid
15610,4,3,5,9,0,0,-1,132615,10,0,0,0,0,0,0.0,0,valid
15611,4,1,7,16,0,0,-1,133763,7,0,0,0,0,0,0.0,0,valid
15612,4,3,5,10,0,0,-1,132963,10,0,0,0,0,0,0.0,0,valid
15613,4,3,5,6,0,0,-1,132524,10,0,0,0,0,0,0.0,0,valid
15614,4,3,5,8,0,0,-1,132590,10,0,0,0,0,0,0.0,0,valid
15615,4,3,5,1,0,0,-1,133070,10,0,0,0,0,0,0.0,0,valid
15616,4,3,5,7,0,0,-1,134581,10,0,0,0,0,0,0.0,0,valid
15617,4,3,5,3,0,0,-1,135053,10,0,0,0,0,0,0.0,0,valid
15618,4,6,1,14,4,0,-1,134949,9,0,0,0,0,0,0.0,0,valid
15619,4,3,5,6,0,0,-1,132518,10,0,0,0,0,0,0.0,0,valid
15620,4,3,5,9,0,0,-1,132612,10,0,0,0,0,0,0.0,0,valid
15621,4,6,1,14,4,0,-1,134948,9,0,0,0,0,0,0.0,0,valid
15622,4,3,5,5,0,0,-1,132741,10,0,0,0,0,0,0.0,0,valid
15623,4,3,5,1,0,0,-1,132767,10,0,0,0,0,0,0.0,0,valid
15624,4,1,7,16,0,0,-1,133771,7,0,0,0,0,0,0.0,0,valid
15625,4,3,5,10,0,0,-1,132944,10,0,0,0,0,0,0.0,0,valid
15626,4,3,5,8,0,0,-1,132542,10,0,0,0,0,0,0.0,0,valid
15627,4,3,5,7,0,0,-1,134586,10,0,0,0,0,0,0.0,0,valid
15628,4,3,5,3,0,0,-1,135032,10,0,0,0,0,0,0.0,0,valid
15629,4,3,5,9,0,0,-1,132606,10,0,0,0,0,0,0.0,0,valid
15630,4,3,5,8,0,0,-1,132587,10,0,0,0,0,0,0.0,0,valid
15631,4,3,5,5,0,0,-1,132632,10,0,0,0,0,0,0.0,0,valid
15632,4,1,7,16,0,0,-1,133754,7,0,0,0,0,0,0.0,0,valid
15633,4,6,1,14,4,0,-1,134950,9,0,0,0,0,0,0.0,0,valid
15634,4,3,5,1,0,0,-1,132767,10,0,0,0,0,0,0.0,0,valid
15635,4,3,5,10,0,0,-1,132963,10,0,0,0,0,0,0.0,0,valid
15636,4,3,5,6,0,0,-1,132524,10,0,0,0,0,0,0.0,0,valid
15637,4,3,5,7,0,0,-1,134584,10,0,0,0,0,0,0.0,0,valid
15638,4,3,5,3,0,0,-1,135061,10,0,0,0,0,0,0.0,0,valid
15639,4,3,5,9,0,0,-1,132608,10,0,0,0,0,0,0.0,0,valid
15640,4,3,5,5,0,0,-1,132743,10,0,0,0,0,0,0.0,0,valid
15641,4,3,5,6,0,0,-1,132492,10,0,0,0,0,0,0.0,0,valid
15642,4,3,5,8,0,0,-1,132536,10,0,0,0,0,0,0.0,0,valid
15643,4,1,7,16,0,0,-1,133774,7,0,0,0,0,0,0.0,0,valid
15644,4,3,5,10,0,0,-1,132956,10,0,0,0,0,0,0.0,0,valid
15645,4,3,5,1,0,0,-1,133076,10,0,0,0,0,0,0.0,0,valid
15646,4,3,5,7,0,0,-1,134583,10,0,0,0,0,0,0.0,0,valid
15647,4,3,5,3,0,0,-1,135055,10,0,0,0,0,0,0.0,0,valid
15648,4,6,1,14,4,0,-1,134965,9,0,0,0,0,0,0.0,0,valid
15649,4,3,5,9,0,0,-1,132609,10,0,0,0,0,0,0.0,0,valid
15650,4,3,5,5,0,0,-1,132722,10,0,0,0,0,0,0.0,0,valid
15651,4,3,5,1,0,0,-1,132768,10,0,0,0,0,0,0.0,0,valid
15652,4,1,7,16,0,0,-1,133760,7,0,0,0,0,0,0.0,0,valid
15653,4,3,5,10,0,0,-1,132938,10,0,0,0,0,0,0.0,0,valid
15654,4,3,5,6,0,0,-1,132496,10,0,0,0,0,0,0.0,0,valid
15655,4,3,5,7,0,0,-1,134586,10,0,0,0,0,0,0.0,0,valid
15656,4,3,5,3,0,0,-1,135054,10,0,0,0,0,0,0.0,0,valid
15657,4,6,1,14,4,0,-1,134948,9,0,0,0,0,0,0.0,0,valid
15658,4,3,5,8,0,0,-1,132589,10,0,0,0,0,0,0.0,0,valid
15659,4,3,5,9,0,0,-1,132614,10,0,0,0,0,0,0.0,0,valid
15660,4,3,5,5,0,0,-1,132736,10,0,0,0,0,0,0.0,0,valid
15661,4,1,7,16,0,0,-1,133763,7,0,0,0,0,0,0.0,0,valid
15662,4,3,5,10,0,0,-1,132963,10,0,0,0,0,0,0.0,0,valid
15663,4,3,5,6,0,0,-1,132507,10,0,0,0,0,0,0.0,0,valid
15664,4,3,5,1,0,0,-1,133111,10,0,0,0,0,0,0.0,0,valid
15665,4,3,5,7,0,0,-1,134581,10,0,0,0,0,0,0.0,0,valid
15666,4,3,5,3,0,0,-1,135044,10,0,0,0,0,0,0.0,0,valid
15667,4,6,1,14,4,0,-1,134949,9,0,0,0,0,0,0.0,0,valid
15668,4,3,5,9,0,0,-1,132609,10,0,0,0,0,0,0.0,0,valid
15669,4,3,5,5,0,0,-1,132629,10,0,0,0,0,0,0.0,0,valid
15670,4,3,5,1,0,0,-1,133101,10,0,0,0,0,0,0.0,0,valid
15671,4,1,7,16,0,0,-1,133770,7,0,0,0,0,0,0.0,0,valid
15672,4,3,5,10,0,0,-1,132953,10,0,0,0,0,0,0.0,0,valid
15673,4,3,5,6,0,0,-1,132500,10,0,0,0,0,0,0.0,0,valid
15674,4,3,5,8,0,0,-1,132536,10,0,0,0,0,0,0.0,0,valid
15675,4,6,1,14,4,0,-1,134951,9,0,0,0,0,0,0.0,0,valid
15676,4,3,5,7,0,0,-1,134586,10,0,0,0,0,0,0.0,0,valid
15677,4,3,5,3,0,0,-1,135054,10,0,0,0,0,0,0.0,0,valid
15678,4,3,5,8,0,0,-1,132584,10,0,0,0,0,0,0.0,0,valid
15679,4,3,5,9,0,0,-1,132602,10,0,0,0,0,0,0.0,0,valid
15680,4,3,5,5,0,0,-1,132751,10,0,0,0,0,0,0.0,0,valid
15681,4,1,7,16,0,0,-1,133766,7,0,0,0,0,0,0.0,0,valid
15682,4,3,5,10,0,0,-1,132938,10,0,0,0,0,0,0.0,0,valid
15683,4,3,5,6,0,0,-1,132500,10,0,0,0,0,0,0.0,0,valid
15684,4,3,5,1,0,0,-1,133101,10,0,0,0,0,0,0.0,0,valid
15685,4,3,5,7,0,0,-1,134586,10,0,0,0,0,0,0.0,0,valid
15686,4,3,5,3,0,0,-1,135054,10,0,0,0,0,0,0.0,0,valid
15687,4,6,1,14,4,0,-1,134948,9,0,0,0,0,0,0.0,0,valid
15693,4,2,8,3,0,0,-1,135055,7,0,0,0,0,0,0.0,0,valid
15694,4,3,5,8,0,0,-1,132589,10,0,0,0,0,0,0.0,0,valid
15887,4,6,1,14,4,0,-1,134950,9,0,0,0,0,0,0.0,0,valid
15890,4,6,1,14,4,0,-1,134956,9,0,0,0,0,0,0.0,0,valid
15891,4,6,1,14,4,0,-1,134965,9,0,0,0,0,0,0.0,0,valid
15892,4,6,1,14,4,0,-1,134961,9,0,0,0,0,0,0.0,0,valid
15893,4,6,1,14,4,0,-1,134955,9,0,0,0,0,0,0.0,0,valid
15894,4,6,1,14,4,0,-1,134955,9,0,0,0,0,0,0.0,0,valid
15895,4,6,1,14,4,0,-1,134955,9,0,0,0,0,0,0.0,0,valid
15943,4,6,1,14,4,0,-1,134956,9,0,0,0,0,0,0.0,0,valid
15965,4,0,3,23,3,0,-1,135140,13,0,0,0,0,0,0.0,0,valid
15990,4,6,1,14,4,0,-1,134951,9,0,0,0,0,0,0.0,0,valid
15991,4,6,1,14,4,0,-1,134953,9,0,0,0,0,0,0.0,0,valid
16666,4,3,5,5,0,0,-1,132633,10,0,0,0,0,0,0.0,0,valid
16667,4,3,5,1,0,0,-1,133072,10,0,0,0,0,0,0.0,0,valid
16668,4,3,5,7,0,0,-1,134583,10,0,0,0,0,0,0.0,0,valid
16669,4,3,5,3,0,0,-1,135060,10,0,0,0,0,0,0.0,0,valid
16670,4,3,5,8,0,0,-1,132592,10,0,0,0,0,0,0.0,0,valid
16671,4,3,5,9,0,0,-1,132601,10,0,0,0,0,0,0.0,0,valid
16672,4,3,5,10,0,0,-1,132945,10,0,0,0,0,0,0.0,0,valid
16673,4,3,5,6,0,0,-1,132505,10,0,0,0,0,0,0.0,0,valid
16674,4,3,5,5,0,0,-1,132625,10,0,0,0,0,0,0.0,0,valid
16675,4,3,5,8,0,0,-1,132588,10,0,0,0,0,0,0.0,0,valid
16676,4,3,5,10,0,0,-1,132944,10,0,0,0,0,0,0.0,0,valid
16677,4,3,5,1,0,0,-1,133126,10,0,0,0,0,0,0.0,0,valid
16678,4,3,5,7,0,0,-1,134583,10,0,0,0,0,0,0.0,0,valid
16679,4,3,5,3,0,0,-1,135041,10,0,0,0,0,0,0.0,0,valid
16680,4,3,5,6,0,0,-1,132517,10,0,0,0,0,0,0.0,0,valid
16681,4,3,5,9,0,0,-1,132616,10,0,0,0,0,0,0.0,0,valid
16682,4,1,7,8,0,0,-1,132536,7,0,0,0,0,0,0.0,0,valid
16683,4,1,7,9,0,0,-1,133365,7,0,0,0,0,0,0.0,0,valid
16684,4,1,7,10,0,0,-1,132951,7,0,0,0,0,0,0.0,0,valid
16685,4,1,7,6,0,0,-1,132497,7,0,0,0,0,0,0.0,0,valid
16686,4,1,7,1,0,0,-1,132768,7,0,0,0,0,0,0.0,0,valid
16687,4,1,7,7,0,0,-1,134586,7,0,0,0,0,0,0.0,0,valid
16688,4,1,7,20,0,0,-1,132666,7,0,0,0,0,0,0.0,0,valid
16689,4,1,7,3,0,0,-1,135054,7,0,0,0,0,0,0.0,0,valid
16690,4,1,7,20,0,0,-1,132652,7,0,0,0,0,0,0.0,0,valid
16691,4,1,7,8,0,0,-1,132539,7,0,0,0,0,0,0.0,0,valid
16692,4,1,7,10,0,0,-1,132948,7,0,0,0,0,0,0.0,0,valid
16693,4,1,7,1,0,0,-1,132767,7,0,0,0,0,0,0.0,0,valid
16694,4,1,7,7,0,0,-1,134588,7,0,0,0,0,0,0.0,0,valid
16695,4,1,7,3,0,0,-1,135033,7,0,0,0,0,0,0.0,0,valid
16696,4,1,7,6,0,0,-1,132499,7,0,0,0,0,0,0.0,0,valid
16697,4,1,7,9,0,0,-1,132520,7,0,0,0,0,0,0.0,0,valid
16698,4,1,7,1,0,0,-1,133131,7,0,0,0,0,0,0.0,0,valid
16699,4,1,7,7,0,0,-1,134588,7,0,0,0,0,0,0.0,0,valid
16700,4,1,7,20,0,0,-1,132690,7,0,0,0,0,0,0.0,0,valid
16701,4,1,7,3,0,0,-1,133732,7,0,0,0,0,0,0.0,0,valid
16702,4,1,7,6,0,0,-1,132501,7,0,0,0,0,0,0.0,0,valid
16703,4,1,7,9,0,0,-1,132612,7,0,0,0,0,0,0.0,0,valid
16704,4,1,7,8,0,0,-1,132539,7,0,0,0,0,0,0.0,0,valid
16705,4,1,7,10,0,0,-1,132966,7,0,0,0,0,0,0.0,0,valid
16706,4,2,8,5,0,0,-1,132741,7,0,0,0,0,0,0.0,0,valid
16707,4,2,8,1,0,0,-1,133143,7,0,0,0,0,0,0.0,0,valid
16708,4,2,8,3,0,0,-1,135038,7,0,0,0,0,0,0.0,0,valid
16709,4,2,8,7,0,0,-1,134582,7,0,0,0,0,0,0.0,0,valid
16710,4,2,8,9,0,0,-1,132606,7,0,0,0,0,0,0.0,0,valid
16711,4,2,8,8,0,0,-1,132542,7,0,0,0,0,0,0.0,0,valid
16712,4,2,8,10,0,0,-1,132958,7,0,0,0,0,0,0.0,0,valid
16713,4,2,8,6,0,0,-1,132492,7,0,0,0,0,0,0.0,0,valid
16714,4,2,8,9,0,0,-1,132608,7,0,0,0,0,0,0.0,0,valid
16715,4,2,8,8,0,0,-1,132542,7,0,0,0,0,0,0.0,0,valid
16716,4,2,8,6,0,0,-1,132504,7,0,0,0,0,0,0.0,0,valid
16717,4,2,8,10,0,0,-1,132951,7,0,0,0,0,0,0.0,0,valid
16718,4,2,8,3,0,0,-1,135032,7,0,0,0,0,0,0.0,0,valid
16719,4,2,8,7,0,0,-1,134588,7,0,0,0,0,0,0.0,0,valid
16720,4,2,8,1,0,0,-1,133129,7,0,0,0,0,0,0.0,0,valid
16721,4,2,8,5,0,0,-1,132722,7,0,0,0,0,0,0.0,0,valid
16722,4,4,6,9,0,0,-1,132613,11,0,0,0,0,0,0.0,0,valid
16723,4,4,6,6,0,0,-1,132500,11,0,0,0,0,0,0.0,0,valid
16724,4,4,6,10,0,0,-1,132953,11,0,0,0,0,0,0.0,0,valid
16725,4,4,6,8,0,0,-1,132584,11,0,0,0,0,0,0.0,0,valid
16726,4,4,6,5,0,0,-1,132738,11,0,0,0,0,0,0.0,0,valid
16727,4,4,6,1,0,0,-1,133076,11,0,0,0,0,0,0.0,0,valid
16728,4,4,6,7,0,0,-1,134584,11,0,0,0,0,0,0.0,0,valid
16729,4,4,6,3,0,0,-1,135041,11,0,0,0,0,0,0.0,0,valid
16730,4,4,6,5,0,0,-1,132738,11,0,0,0,0,0,0.0,0,valid
16731,4,4,6,1,0,0,-1,133070,11,0,0,0,0,0,0.0,0,valid
16732,4,4,6,7,0,0,-1,134584,11,0,0,0,0,0,0.0,0,valid
16733,4,4,6,3,0,0,-1,135061,11,0,0,0,0,0,0.0,0,valid
16734,4,4,6,8,0,0,-1,132584,11,0,0,0,0,0,0.0,0,valid
16735,4,4,6,9,0,0,-1,132617,11,0,0,0,0,0,0.0,0,valid
16736,4,4,6,6,0,0,-1,132523,11,0,0,0,0,0,0.0,0,valid
16737,4,4,6,10,0,0,-1,132960,11,0,0,0,0,0,0.0,0,valid
17694,4,0,4,11,0,0,-1,133344,14,0,0,0,0,0,0.0,0,valid
17695,4,1,7,3,0,0,-1,135040,7,0,0,0,0,0,0.0,0,valid
17705,2,7,1,13,3,0,-1,135346,8,0,0,0,0,0,0.0,0,valid
17743,2,10,2,17,2,0,-1,135225,13,0,0,0,0,0,0.0,0,valid
17753,2,2,2,15,0,0,-1,135491,12,0,0,2,0,0,0.0,0,valid
17922,4,2,8,5,0,0,-1,132715,7,0,0,0,0,0,0.0,0,valid
18610,2,7,1,21,3,0,-1,135314,8,0,0,0,0,0,0.0,0,valid
18611,4,2,8,7,0,0,-1,134582,7,0,0,0,0,0,0.0,0,valid
18612,4,3,5,8,0,0,-1,132535,10,0,0,0,0,0,0.0,0,valid
18679,4,0,3,11,0,0,-1,133371,14,0,0,0,0,0,0.0,0,valid
18709,4,1,6,9,0,0,-1,132609,11,0,0,0,0,0,0.0,0,valid
18710,4,2,6,9,0,0,-1,132607,11,0,0,0,0,0,0.0,0,valid
18711,4,3,6,9,0,0,-1,132602,11,0,0,0,0,0,0.0,0,valid
18712,4,4,6,9,0,0,-1,132618,11,0,0,0,0,0,0.0,0,valid
19392,4,4,6,6,0,0,-1,132500,11,0,0,0,0,0,0.0,0,valid
19808,2,4,2,13,3,0,-1,133913,8,0,0,0,0,0,0.0,0,valid
21524,4,1,7,1,0,0,-1,133169,7,0,0,0,0,0,0.0,0,valid
21525,4,1,7,1,0,0,-1,133170,7,0,0,0,0,0,0.0,0,valid
23705,4,0,7,19,0,0,-1,134473,7,0,0,0,0,0,0.0,0,valid
23709,4,0,7,19,0,0,-1,135026,7,0,0,0,0,0,0.0,0,valid
23710,4,0,7,19,0,0,-1,135026,7,0,0,0,0,0,0.0,0,valid
24222,2,15,1,13,3,0,-1,135654,8,0,0,0,0,0,0.0,0,valid
208424,4,1,3,1,0,0,-1,133149,8,0,0,0,0,0,0.0,0,valid
211272,15,0,0,0,0,0,-1,132599,16,0,0,0,0,0,0.0,0,valid
211273,15,0,0,0,0,0,-1,132599,16,0,0,0,0,0,0.0,0,valid
211500,4,1,7,1,0,0,-1,133694,7,0,0,0,0,0,0.0,0,valid
211856,4,3,7,1,0,0,-1,133141,7,0,0,0,0,0,0.0,0,valid
211857,4,2,7,1,0,0,-1,133126,7,0,0,0,0,0,0.0,0,valid
212580,2,10,2,17,2,0,-1,135165,13,0,0,0,0,0,0.0,0,valid
212581,2,2,2,15,0,0,-1,135490,12,0,0,2,0,0,0.0,0,valid
212582,2,7,1,13,3,0,-1,135328,8,0,0,0,0,0,0.0,0,valid
212583,2,15,1,13,3,0,-1,135650,8,0,0,0,0,0,0.0,0,valid
212584,2,10,2,17,2,0,-1,135162,13,0,0,0,0,0,0.0,0,valid
212585,2,2,2,15,0,0,-1,135494,12,0,0,2,0,0,0.0,0,valid
212586,2,7,1,13,3,0,-1,135341,8,0,0,0,0,0,0.0,0,valid
212587,2,15,1,13,3,0,-1,135651,8,0,0,0,0,0,0.0,0,valid
212723,12,0,0,0,0,0,-1,132846,16,0,0,0,0,0,0.0,0,valid
212724,12,0,0,0,0,0,-1,132845,16,0,0,0,0,0,0.0,0,valid
212726,12,0,0,0,0,0,-1,132852,16,0,0,0,0,0,0.0,0,valid
213422,12,0,0,0,0,0,-1,237451,16,0,0,0,0,0,0.0,0,valid
213444,15,0,0,0,0,0,-1,135261,16,0,0,0,0,0,0.0,0,valid
213445,15,0,0,0,0,0,-1,135261,16,0,0,0,0,0,0.0,0,valid
213446,15,0,0,0,0,0,-1,135261,16,0,0,0,0,0,0.0,0,valid
213562,15,0,0,0,0,0,-1,134325,16,0,0,0,0,0,0.0,0,valid
213566,15,0,0,0,0,0,-1,132196,16,0,0,0,0,0,0.0,0,valid
213567,15,0,0,0,0,0,-1,132195,16,0,0,0,0,0,0.0,0,valid
213568,15,0,0,0,0,0,-1,237144,16,0,0,0,0,0,0.0,0,valid
215127,7,2,8,0,0,0,-1,133009,8,0,0,0,0,0,0.0,0,valid
215168,7,2,8,0,0,0,-1,133009,8,0,0,0,0,0,0.0,0,valid
215374,2,8,2,17,1,0,-1,135321,9,0,0,0,0,0,0.0,0,valid
215375,2,10,2,17,1,0,-1,135175,9,0,0,0,0,0,0.0,0,valid
215376,2,4,2,21,1,0,-1,133478,9,0,0,0,0,0,0.0,0,valid
216483,0,8,0,0,0,0,-1,133057,16,0,0,0,0,0,0.0,0,valid
220794,4,4,6,5,0,0,-1,132751,11,0,0,0,0,0,0.0,0,valid
220795,4,4,6,3,0,0,-1,135054,11,0,0,0,0,0,0.0,0,valid
220796,4,4,6,3,0,0,-1,135054,11,0,0,0,0,0,0.0,0,valid
220797,4,4,6,7,0,0,-1,134584,11,0,0,0,0,0,0.0,0,valid
220798,4,4,6,7,0,0,-1,134584,11,0,0,0,0,0,0.0,0,valid
220799,4,4,6,8,0,0,-1,132589,11,0,0,0,0,0,0.0,0,valid
220800,4,4,6,8,0,0,-1,132589,11,0,0,0,0,0,0.0,0,valid
220801,4,4,6,5,0,0,-1,132751,11,0,0,0,0,0,0.0,0,valid
220803,4,4,6,1,0,0,-1,133101,11,0,0,0,0,0,0.0,0,valid
220804,4,4,6,1,0,0,-1,133101,11,0,0,0,0,0,0.0,0,valid
220806,4,4,6,10,0,0,-1,132937,11,0,0,0,0,0,0.0,0,valid
220807,4,4,6,10,0,0,-1,132937,11,0,0,0,0,0,0.0,0,valid
220808,4,4,6,3,0,0,-1,135033,11,0,0,0,0,0,0.0,0,valid
220809,4,4,6,7,0,0,-1,134588,11,0,0,0,0,0,0.0,0,valid
220810,4,4,6,1,0,0,-1,133074,11,0,0,0,0,0,0.0,0,valid
220811,4,4,6,8,0,0,-1,132586,11,0,0,0,0,0,0.0,0,valid
220812,4,4,6,10,0,0,-1,132940,11,0,0,0,0,0,0.0,0,valid
220813,4,4,6,5,0,0,-1,132744,11,0,0,0,0,0,0.0,0,valid
220814,4,4,6,8,0,0,-1,132589,11,0,0,0,0,0,0.0,0,valid
220815,4,4,6,5,0,0,-1,132741,11,0,0,0,0,0,0.0,0,valid
220816,4,4,6,7,0,0,-1,134583,11,0,0,0,0,0,0.0,0,valid
220817,4,4,6,10,0,0,-1,132966,11,0,0,0,0,0,0.0,0,valid
220818,4,4,6,3,0,0,-1,135032,11,0,0,0,0,0,0.0,0,valid
220819,4,4,6,1,0,0,-1,133069,11,0,0,0,0,0,0.0,0,valid
220820,4,3,5,1,0,0,-1,133069,10,0,0,0,0,0,0.0,0,valid
220821,4,3,5,1,0,0,-1,133069,10,0,0,0,0,0,0.0,0,valid
220822,4,3,5,1,0,0,-1,133069,10,0,0,0,0,0,0.0,0,valid
220823,4,3,5,3,0,0,-1,135053,10,0,0,0,0,0,0.0,0,valid
220824,4,3,5,3,0,0,-1,135053,10,0,0,0,0,0,0.0,0,valid
220825,4,3,5,3,0,0,-1,135053,10,0,0,0,0,0,0.0,0,valid
220826,4,3,5,5,0,0,-1,132627,10,0,0,0,0,0,0.0,0,valid
220827,4,3,5,5,0,0,-1,132627,10,0,0,0,0,0,0.0,0,valid
220828,4,3,5,5,0,0,-1,132627,10,0,0,0,0,0,0.0,0,valid
220829,4,3,5,10,0,0,-1,132963,10,0,0,0,0,0,0.0,0,valid
220830,4,3,5,10,0,0,-1,132963,10,0,0,0,0,0,0.0,0,valid
220831,4,3,5,10,0,0,-1,132963,10,0,0,0,0,0,0.0,0,valid
220832,4,3,5,7,0,0,-1,134581,10,0,0,0,0,0,0.0,0,valid
220833,4,3,5,7,0,0,-1,134581,10,0,0,0,0,0,0.0,0,valid
220834,4,3,5,7,0,0,-1,134581,10,0,0,0,0,0,0.0,0,valid
220835,4,3,5,8,0,0,-1,132590,10,0,0,0,0,0,0.0,0,valid
220836,4,3,5,8,0,0,-1,132590,10,0,0,0,0,0,0.0,0,valid
220837,4,3,5,8,0,0,-1,132590,10,0,0,0,0,0,0.0,0,valid
220838,4,3,5,5,0,0,-1,132751,10,0,0,0,0,0,0.0,0,valid
220839,4,3,5,7,0,0,-1,134586,10,0,0,0,0,0,0.0,0,valid
220840,4,3,5,8,0,0,-1,132584,10,0,0,0,0,0,0.0,0,valid
220841,4,3,5,3,0,0,-1,135054,10,0,0,0,0,0,0.0,0,valid
220842,4,3,5,1,0,0,-1,133101,10,0,0,0,0,0,0.0,0,valid
220843,4,3,5,10,0,0,-1,132938,10,0,0,0,0,0,0.0,0,valid
220844,4,3,5,5,0,0,-1,132629,10,0,0,0,0,0,0.0,0,valid
220845,4,3,5,10,0,0,-1,132953,10,0,0,0,0,0,0.0,0,valid
220846,4,3,5,8,0,0,-1,132536,10,0,0,0,0,0,0.0,0,valid
220847,4,3,5,7,0,0,-1,134586,10,0,0,0,0,0,0.0,0,valid
220848,4,3,5,1,0,0,-1,133101,10,0,0,0,0,0,0.0,0,valid
220849,4,3,5,3,0,0,-1,135054,10,0,0,0,0,0,0.0,0,valid
220850,4,2,8,1,0,0,-1,133681,7,0,0,0,0,0,0.0,0,valid
220851,4,2,8,1,0,0,-1,133681,7,0,0,0,0,0,0.0,0,valid
220852,4,2,8,3,0,0,-1,135046,7,0,0,0,0,0,0.0,0,valid
220853,4,2,8,3,0,0,-1,135046,7,0,0,0,0,0,0.0,0,valid
220854,4,2,8,5,0,0,-1,132722,7,0,0,0,0,0,0.0,0,valid
220855,4,2,8,5,0,0,-1,132722,7,0,0,0,0,0,0.0,0,valid
220856,4,2,8,10,0,0,-1,132965,7,0,0,0,0,0,0.0,0,valid
220857,4,2,8,10,0,0,-1,132965,7,0,0,0,0,0,0.0,0,valid
220858,4,2,8,7,0,0,-1,134582,7,0,0,0,0,0,0.0,0,valid
220859,4,2,8,7,0,0,-1,134582,7,0,0,0,0,0,0.0,0,valid
220860,4,2,8,8,0,0,-1,132541,7,0,0,0,0,0,0.0,0,valid
220861,4,2,8,8,0,0,-1,132541,7,0,0,0,0,0,0.0,0,valid
220862,4,2,8,8,0,0,-1,132541,7,0,0,0,0,0,0.0,0,valid
220863,4,2,8,8,0,0,-1,132541,7,0,0,0,0,0,0.0,0,valid
220864,4,2,8,7,0,0,-1,134586,7,0,0,0,0,0,0.0,0,valid
220865,4,2,8,7,0,0,-1,134586,7,0,0,0,0,0,0.0,0,valid
220866,4,2,8,10,0,0,-1,132957,7,0,0,0,0,0,0.0,0,valid
220867,4,2,8,10,0,0,-1,132957,7,0,0,0,0,0,0.0,0,valid
220868,4,2,8,5,0,0,-1,132646,7,0,0,0,0,0,0.0,0,valid
220869,4,2,8,5,0,0,-1,132646,7,0,0,0,0,0,0.0,0,valid
220870,4,2,8,3,0,0,-1,135055,7,0,0,0,0,0,0.0,0,valid
220871,4,2,8,3,0,0,-1,135055,7,0,0,0,0,0,0.0,0,valid
220872,4,2,8,1,0,0,-1,133156,7,0,0,0,0,0,0.0,0,valid
220873,4,2,8,1,0,0,-1,133156,7,0,0,0,0,0,0.0,0,valid
220874,4,2,8,1,0,0,-1,133076,7,0,0,0,0,0,0.0,0,valid
220875,4,2,8,1,0,0,-1,133076,7,0,0,0,0,0,0.0,0,valid
220876,4,2,8,3,0,0,-1,135054,7,0,0,0,0,0,0.0,0,valid
220877,4,2,8,3,0,0,-1,135054,7,0,0,0,0,0,0.0,0,valid
220878,4,2,8,5,0,0,-1,132720,7,0,0,0,0,0,0.0,0,valid
220879,4,2,8,5,0,0,-1,132720,7,0,0,0,0,0,0.0,0,valid
220880,4,2,8,10,0,0,-1,132949,7,0,0,0,0,0,0.0,0,valid
220881,4,2,8,10,0,0,-1,132949,7,0,0,0,0,0,0.0,0,valid
220882,4,2,8,7,0,0,-1,134586,7,0,0,0,0,0,0.0,0,valid
220883,4,2,8,7,0,0,-1,134586,7,0,0,0,0,0,0.0,0,valid
220884,4,2,8,8,0,0,-1,132535,7,0,0,0,0,0,0.0,0,valid
220885,4,2,8,8,0,0,-1,132535,7,0,0,0,0,0,0.0,0,valid
220886,4,1,7,5,0,0,-1,135008,7,0,0,0,0,0,0.0,0,valid
220887,4,1,7,3,0,0,-1,135040,7,0,0,0,0,0,0.0,0,valid
220888,4,1,7,7,0,0,-1,134589,7,0,0,0,0,0,0.0,0,valid
220889,4,1,7,1,0,0,-1,133153,7,0,0,0,0,0,0.0,0,valid
220890,4,1,7,10,0,0,-1,132961,7,0,0,0,0,0,0.0,0,valid
220891,4,1,7,8,0,0,-1,132539,7,0,0,0,0,0,0.0,0,valid
220892,4,1,7,5,0,0,-1,135017,7,0,0,0,0,0,0.0,0,valid
220893,4,1,7,7,0,0,-1,134593,7,0,0,0,0,0,0.0,0,valid
220894,4,1,7,3,0,0,-1,135033,7,0,0,0,0,0,0.0,0,valid
220895,4,1,7,8,0,0,-1,132539,7,0,0,0,0,0,0.0,0,valid
220896,4,1,7,1,0,0,-1,133090,7,0,0,0,0,0,0.0,0,valid
220897,4,1,7,10,0,0,-1,132940,7,0,0,0,0,0,0.0,0,valid
220898,4,1,7,10,0,0,-1,132940,7,0,0,0,0,0,0.0,0,valid
220899,4,1,7,1,0,0,-1,133090,7,0,0,0,0,0,0.0,0,valid
220900,4,1,7,8,0,0,-1,132539,7,0,0,0,0,0,0.0,0,valid
220901,4,1,7,3,0,0,-1,135033,7,0,0,0,0,0,0.0,0,valid
220902,4,1,7,7,0,0,-1,134593,7,0,0,0,0,0,0.0,0,valid
220903,4,1,7,5,0,0,-1,135017,7,0,0,0,0,0,0.0,0,valid
220904,4,1,7,5,0,0,-1,135008,7,0,0,0,0,0,0.0,0,valid
220905,4,1,7,3,0,0,-1,135040,7,0,0,0,0,0,0.0,0,valid
220906,4,1,7,7,0,0,-1,134589,7,0,0,0,0,0,0.0,0,valid
220907,4,1,7,1,0,0,-1,133153,7,0,0,0,0,0,0.0,0,valid
220908,4,1,7,10,0,0,-1,132961,7,0,0,0,0,0,0.0,0,valid
220909,4,1,7,8,0,0,-1,132539,7,0,0,0,0,0,0.0,0,valid
223073,4,3,5,3,0,0,-1,135053,10,0,0,0,0,0,0.0,0,valid
223074,4,3,5,7,0,0,-1,134581,10,0,0,0,0,0,0.0,0,valid
223075,4,3,5,1,0,0,-1,133069,10,0,0,0,0,0,0.0,0,valid
223076,4,3,5,10,0,0,-1,132963,10,0,0,0,0,0,0.0,0,valid
223077,4,3,5,8,0,0,-1,132590,10,0,0,0,0,0,0.0,0,valid
223078,4,3,5,5,0,0,-1,132627,10,0,0,0,0,0,0.0,0,valid
226772,4,2,8,6,0,0,-1,132504,7,0,0,0,0,0,0.0,0,valid
226773,4,2,8,1,0,0,-1,133129,7,0,0,0,0,0,0.0,0,valid
226774,4,2,8,8,0,0,-1,132542,7,0,0,0,0,0,0.0,0,valid
226775,4,2,8,9,0,0,-1,132608,7,0,0,0,0,0,0.0,0,valid
226776,4,2,8,5,0,0,-1,132741,7,0,0,0,0,0,0.0,0,valid
226777,4,2,8,10,0,0,-1,132951,7,0,0,0,0,0,0.0,0,valid
226778,4,2,8,3,0,0,-1,135032,7,0,0,0,0,0,0.0,0,valid
226779,4,2,8,7,0,0,-1,134588,7,0,0,0,0,0,0.0,0,valid
226780,4,2,8,6,0,0,-1,132504,7,0,0,0,0,0,0.0,0,valid
226781,4,2,8,8,0,0,-1,132542,7,0,0,0,0,0,0.0,0,valid
226782,4,2,8,9,0,0,-1,132608,7,0,0,0,0,0,0.0,0,valid
226783,4,2,8,5,0,0,-1,132741,7,0,0,0,0,0,0.0,0,valid
226784,4,2,8,10,0,0,-1,132951,7,0,0,0,0,0,0.0,0,valid
226785,4,2,8,3,0,0,-1,135032,7,0,0,0,0,0,0.0,0,valid
226786,4,2,8,1,0,0,-1,133129,7,0,0,0,0,0,0.0,0,valid
226787,4,2,8,7,0,0,-1,134588,7,0,0,0,0,0,0.0,0,valid
226788,4,2,8,9,0,0,-1,132608,7,0,0,0,0,0,0.0,0,valid
226789,4,2,8,6,0,0,-1,132504,7,0,0,0,0,0,0.0,0,valid
226790,4,2,8,3,0,0,-1,135032,7,0,0,0,0,0,0.0,0,valid
226791,4,2,8,7,0,0,-1,134588,7,0,0,0,0,0,0.0,0,valid
226792,4,2,8,1,0,0,-1,133129,7,0,0,0,0,0,0.0,0,valid
226793,4,2,8,10,0,0,-1,132951,7,0,0,0,0,0,0.0,0,valid
226794,4,2,8,8,0,0,-1,132542,7,0,0,0,0,0,0.0,0,valid
226795,4,2,8,5,0,0,-1,132741,7,0,0,0,0,0,0.0,0,valid
226796,4,2,8,9,0,0,-1,132608,7,0,0,0,0,0,0.0,0,valid
226797,4,2,8,6,0,0,-1,132504,7,0,0,0,0,0,0.0,0,valid
226798,4,2,8,3,0,0,-1,135032,7,0,0,0,0,0,0.0,0,valid
226799,4,2,8,7,0,0,-1,134588,7,0,0,0,0,0,0.0,0,valid
226801,4,2,8,1,0,0,-1,133129,7,0,0,0,0,0,0.0,0,valid
226802,4,2,8,10,0,0,-1,132951,7,0,0,0,0,0,0.0,0,valid
226803,4,2,8,8,0,0,-1,132542,7,0,0,0,0,0,0.0,0,valid
226804,4,2,8,5,0,0,-1,132741,7,0,0,0,0,0,0.0,0,valid
226825,4,2,8,5,0,0,-1,132722,7,0,0,0,0,0,0.0,0,valid
226826,4,2,8,3,0,0,-1,135038,7,0,0,0,0,0,0.0,0,valid
226827,4,2,8,7,0,0,-1,134582,7,0,0,0,0,0,0.0,0,valid
226828,4,2,8,10,0,0,-1,132958,7,0,0,0,0,0,0.0,0,valid
226829,4,2,8,1,0,0,-1,133143,7,0,0,0,0,0,0.0,0,valid
226830,4,2,8,9,0,0,-1,132606,7,0,0,0,0,0,0.0,0,valid
226831,4,2,8,8,0,0,-1,132542,7,0,0,0,0,0,0.0,0,valid
226832,4,2,8,6,0,0,-1,132492,7,0,0,0,0,0,0.0,0,valid
226857,4,4,6,8,0,0,-1,132584,11,0,0,0,0,0,0.0,0,valid
226858,4,4,6,3,0,0,-1,135061,11,0,0,0,0,0,0.0,0,valid
226859,4,4,6,7,0,0,-1,134584,11,0,0,0,0,0,0.0,0,valid
226860,4,4,6,1,0,0,-1,133070,11,0,0,0,0,0,0.0,0,valid
226861,4,4,6,10,0,0,-1,132960,11,0,0,0,0,0,0.0,0,valid
226862,4,4,6,5,0,0,-1,132738,11,0,0,0,0,0,0.0,0,valid
226863,4,4,6,9,0,0,-1,132617,11,0,0,0,0,0,0.0,0,valid
226864,4,4,6,6,0,0,-1,132523,11,0,0,0,0,0,0.0,0,valid
226865,4,4,6,9,0,0,-1,132617,11,0,0,0,0,0,0.0,0,valid
226866,4,4,6,6,0,0,-1,132523,11,0,0,0,0,0,0.0,0,valid
226867,4,4,6,3,0,0,-1,135061,11,0,0,0,0,0,0.0,0,valid
226868,4,4,6,7,0,0,-1,134584,11,0,0,0,0,0,0.0,0,valid
226869,4,4,6,1,0,0,-1,133070,11,0,0,0,0,0,0.0,0,valid
226870,4,4,6,10,0,0,-1,132960,11,0,0,0,0,0,0.0,0,valid
226871,4,4,6,8,0,0,-1,132584,11,0,0,0,0,0,0.0,0,valid
226872,4,4,6,5,0,0,-1,132738,11,0,0,0,0,0,0.0,0,valid
226881,4,3,5,8,0,0,-1,132588,10,0,0,0,0,0,0.0,0,valid
226882,4,3,5,7,0,0,-1,134583,10,0,0,0,0,0,0.0,0,valid
226883,4,3,5,10,0,0,-1,132944,10,0,0,0,0,0,0.0,0,valid
226884,4,3,5,3,0,0,-1,135041,10,0,0,0,0,0,0.0,0,valid
226885,4,3,5,9,0,0,-1,132616,10,0,0,0,0,0,0.0,0,valid
226886,4,3,5,5,0,0,-1,132625,10,0,0,0,0,0,0.0,0,valid
226887,4,3,5,1,0,0,-1,133126,10,0,0,0,0,0,0.0,0,valid
226888,4,3,5,6,0,0,-1,132517,10,0,0,0,0,0,0.0,0,valid
226905,4,1,7,6,0,0,-1,132501,7,0,0,0,0,0,0.0,0,valid
226906,4,1,7,20,0,0,-1,132690,7,0,0,0,0,0,0.0,0,valid
226907,4,1,7,9,0,0,-1,132612,7,0,0,0,0,0,0.0,0,valid
226908,4,1,7,8,0,0,-1,132539,7,0,0,0,0,0,0.0,0,valid
226909,4,1,7,1,0,0,-1,133131,7,0,0,0,0,0,0.0,0,valid
226910,4,1,7,7,0,0,-1,134588,7,0,0,0,0,0,0.0,0,valid
226911,4,1,7,10,0,0,-1,132966,7,0,0,0,0,0,0.0,0,valid
226912,4,1,7,3,0,0,-1,133732,7,0,0,0,0,0,0.0,0,valid
226929,4,1,7,9,0,0,-1,133365,7,0,0,0,0,0,0.0,0,valid
226930,4,1,7,10,0,0,-1,132951,7,0,0,0,0,0,0.0,0,valid
226931,4,1,7,8,0,0,-1,132536,7,0,0,0,0,0,0.0,0,valid
226932,4,1,7,20,0,0,-1,132666,7,0,0,0,0,0,0.0,0,valid
226933,4,1,7,7,0,0,-1,134586,7,0,0,0,0,0,0.0,0,valid
226934,4,1,7,6,0,0,-1,132497,7,0,0,0,0,0,0.0,0,valid
226935,4,1,7,1,0,0,-1,132768,7,0,0,0,0,0,0.0,0,valid
226936,4,1,7,3,0,0,-1,135054,7,0,0,0,0,0,0.0,0,valid
226945,4,1,7,20,0,0,-1,132652,7,0,0,0,0,0,0.0,0,valid
226946,4,1,7,7,0,0,-1,134588,7,0,0,0,0,0,0.0,0,valid
226947,4,1,7,1,0,0,-1,132767,7,0,0,0,0,0,0.0,0,valid
226948,4,1,7,6,0,0,-1,132499,7,0,0,0,0,0,0.0,0,valid
226949,4,1,7,9,0,0,-1,132520,7,0,0,0,0,0,0.0,0,valid
226950,4,1,7,10,0,0,-1,132948,7,0,0,0,0,0,0.0,0,valid
226951,4,1,7,3,0,0,-1,135033,7,0,0,0,0,0,0.0,0,valid
226952,4,1,7,8,0,0,-1,132539,7,0,0,0,0,0,0.0,0,valid
226953,4,1,7,9,0,0,-1,132520,7,0,0,0,0,0,0.0,0,valid
226954,4,1,7,6,0,0,-1,132499,7,0,0,0,0,0,0.0,0,valid
226955,4,1,7,3,0,0,-1,135033,7,0,0,0,0,0,0.0,0,valid
226956,4,1,7,7,0,0,-1,134588,7,0,0,0,0,0,0.0,0,valid
226957,4,1,7,1,0,0,-1,132767,7,0,0,0,0,0,0.0,0,valid
226958,4,1,7,10,0,0,-1,132948,7,0,0,0,0,0,0.0,0,valid
226959,4,1,7,8,0,0,-1,132539,7,0,0,0,0,0,0.0,0,valid
226960,4,1,7,20,0,0,-1,132652,7,0,0,0,0,0,0.0,0,valid
226969,4,4,6,3,0,0,-1,135041,11,0,0,0,0,0,0.0,0,valid
226970,4,4,6,9,0,0,-1,132613,11,0,0,0,0,0,0.0,0,valid
226971,4,4,6,6,0,0,-1,132500,11,0,0,0,0,0,0.0,0,valid
226972,4,4,6,7,0,0,-1,134584,11,0,0,0,0,0,0.0,0,valid
226973,4,4,6,5,0,0,-1,132738,11,0,0,0,0,0,0.0,0,valid
226974,4,4,6,8,0,0,-1,132584,11,0,0,0,0,0,0.0,0,valid
226975,4,4,6,10,0,0,-1,132953,11,0,0,0,0,0,0.0,0,valid
226976,4,4,6,1,0,0,-1,133076,11,0,0,0,0,0,0.0,0,valid
226977,4,4,6,9,0,0,-1,132613,11,0,0,0,0,0,0.0,0,valid
226978,4,4,6,6,0,0,-1,132500,11,0,0,0,0,0,0.0,0,valid
226979,4,4,6,3,0,0,-1,135041,11,0,0,0,0,0,0.0,0,valid
226980,4,4,6,7,0,0,-1,134584,11,0,0,0,0,0,0.0,0,valid
226981,4,4,6,1,0,0,-1,133076,11,0,0,0,0,0,0.0,0,valid
226982,4,4,6,10,0,0,-1,132953,11,0,0,0,0,0,0.0,0,valid
226983,4,4,6,8,0,0,-1,132584,11,0,0,0,0,0,0.0,0,valid
226984,4,4,6,5,0,0,-1,132738,11,0,0,0,0,0,0.0,0,valid
226985,4,4,6,9,0,0,-1,132613,11,0,0,0,0,0,0.0,0,valid
226986,4,4,6,6,0,0,-1,132500,11,0,0,0,0,0,0.0,0,valid
226987,4,4,6,3,0,0,-1,135041,11,0,0,0,0,0,0.0,0,valid
226988,4,4,6,7,0,0,-1,134584,11,0,0,0,0,0,0.0,0,valid
226989,4,4,6,1,0,0,-1,133076,11,0,0,0,0,0,0.0,0,valid
226990,4,4,6,10,0,0,-1,132953,11,0,0,0,0,0,0.0,0,valid
226991,4,4,6,8,0,0,-1,132584,11,0,0,0,0,0,0.0,0,valid
226992,4,4,6,5,0,0,-1,132738,11,0,0,0,0,0,0.0,0,valid
227001,4,3,5,9,0,0,-1,132601,10,0,0,0,0,0,0.0,0,valid
227002,4,3,5,1,0,0,-1,133072,10,0,0,0,0,0,0.0,0,valid
227003,4,3,5,3,0,0,-1,135060,10,0,0,0,0,0,0.0,0,valid
227004,4,3,5,5,0,0,-1,132633,10,0,0,0,0,0,0.0,0,valid
227005,4,3,5,7,0,0,-1,134583,10,0,0,0,0,0,0.0,0,valid
227006,4,3,5,10,0,0,-1,132945,10,0,0,0,0,0,0.0,0,valid
227007,4,3,5,8,0,0,-1,132592,10,0,0,0,0,0,0.0,0,valid
227008,4,3,5,6,0,0,-1,132505,10,0,0,0,0,0,0.0,0,valid
227009,4,3,5,9,0,0,-1,132601,10,0,0,0,0,0,0.0,0,valid
227010,4,3,5,6,0,0,-1,132505,10,0,0,0,0,0,0.0,0,valid
227011,4,3,5,3,0,0,-1,135060,10,0,0,0,0,0,0.0,0,valid
227012,4,3,5,7,0,0,-1,134583,10,0,0,0,0,0,0.0,0,valid
227013,4,3,5,1,0,0,-1,133072,10,0,0,0,0,0,0.0,0,valid
227014,4,3,5,10,0,0,-1,132945,10,0,0,0,0,0,0.0,0,valid
227015,4,3,5,8,0,0,-1,132592,10,0,0,0,0,0,0.0,0,valid
227016,4,3,5,5,0,0,-1,132633,10,0,0,0,0,0,0.0,0,valid
227017,4,3,5,9,0,0,-1,132601,10,0,0,0,0,0,0.0,0,valid
227018,4,3,5,6,0,0,-1,132505,10,0,0,0,0,0,0.0,0,valid
227019,4,3,5,3,0,0,-1,135060,10,0,0,0,0,0,0.0,0,valid
227020,4,3,5,7,0,0,-1,134583,10,0,0,0,0,0,0.0,0,valid
227021,4,3,5,1,0,0,-1,133072,10,0,0,0,0,0,0.0,0,valid
227022,4,3,5,10,0,0,-1,132945,10,0,0,0,0,0,0.0,0,valid
227023,4,3,5,8,0,0,-1,132592,10,0,0,0,0,0,0.0,0,valid
227024,4,3,5,5,0,0,-1,132633,10,0,0,0,0,0,0.0,0,valid
227042,4,4,6,3,0,0,-1,135042,11,0,0,0,0,0,0.0,0,valid
227043,4,4,6,1,0,0,-1,133077,11,0,0,0,0,0,0.0,0,valid
227044,4,4,6,1,0,0,-1,133077,11,0,0,0,0,0,0.0,0,valid
227045,4,4,6,3,0,0,-1,135042,11,0,0,0,0,0,0.0,0,valid
227046,4,4,6,5,0,0,-1,132751,11,0,0,0,0,0,0.0,0,valid
227047,4,4,6,7,0,0,-1,134586,11,0,0,0,0,0,0.0,0,valid
227048,4,4,6,7,0,0,-1,134586,11,0,0,0,0,0,0.0,0,valid
227049,4,4,6,5,0,0,-1,132751,11,0,0,0,0,0,0.0,0,valid
227050,4,4,6,10,0,0,-1,132960,11,0,0,0,0,0,0.0,0,valid
227051,4,4,6,8,0,0,-1,132590,11,0,0,0,0,0,0.0,0,valid
227052,4,4,6,8,0,0,-1,132590,11,0,0,0,0,0,0.0,0,valid
227053,4,4,6,10,0,0,-1,132960,11,0,0,0,0,0,0.0,0,valid
227054,4,2,8,3,0,0,-1,135045,7,0,0,0,0,0,0.0,0,valid
227055,4,2,8,1,0,0,-1,133077,7,0,0,0,0,0,0.0,0,valid
227056,4,2,8,3,0,0,-1,135045,7,0,0,0,0,0,0.0,0,valid
227057,4,2,8,1,0,0,-1,133077,7,0,0,0,0,0,0.0,0,valid
227058,4,2,8,5,0,0,-1,132720,7,0,0,0,0,0,0.0,0,valid
227059,4,2,8,7,0,0,-1,134588,7,0,0,0,0,0,0.0,0,valid
227060,4,2,8,5,0,0,-1,132720,7,0,0,0,0,0,0.0,0,valid
227061,4,2,8,7,0,0,-1,134588,7,0,0,0,0,0,0.0,0,valid
227062,4,2,8,8,0,0,-1,132539,7,0,0,0,0,0,0.0,0,valid
227063,4,2,8,10,0,0,-1,132949,7,0,0,0,0,0,0.0,0,valid
227064,4,2,8,8,0,0,-1,132539,7,0,0,0,0,0,0.0,0,valid
227065,4,2,8,10,0,0,-1,132949,7,0,0,0,0,0,0.0,0,valid
227066,4,3,5,1,0,0,-1,133123,10,0,0,0,0,0,0.0,0,valid
227067,4,3,5,1,0,0,-1,133071,10,0,0,0,0,0,0.0,0,valid
227068,4,3,5,3,0,0,-1,135047,10,0,0,0,0,0,0.0,0,valid
227069,4,3,5,3,0,0,-1,135032,10,0,0,0,0,0,0.0,0,valid
227070,4,3,5,5,0,0,-1,132626,10,0,0,0,0,0,0.0,0,valid
227071,4,3,5,5,0,0,-1,132626,10,0,0,0,0,0,0.0,0,valid
227072,4,3,5,7,0,0,-1,134583,10,0,0,0,0,0,0.0,0,valid
227073,4,3,5,7,0,0,-1,134583,10,0,0,0,0,0,0.0,0,valid
227074,4,3,5,8,0,0,-1,132539,10,0,0,0,0,0,0.0,0,valid
227075,4,3,5,10,0,0,-1,132951,10,0,0,0,0,0,0.0,0,valid
227076,4,3,5,8,0,0,-1,132539,10,0,0,0,0,0,0.0,0,valid
227077,4,3,5,10,0,0,-1,132951,10,0,0,0,0,0,0.0,0,valid
227078,4,3,5,3,0,0,-1,135032,10,0,0,0,0,0,0.0,0,valid
227079,4,3,5,7,0,0,-1,134583,10,0,0,0,0,0,0.0,0,valid
227080,4,3,5,1,0,0,-1,133071,10,0,0,0,0,0,0.0,0,valid
227081,4,3,5,10,0,0,-1,132951,10,0,0,0,0,0,0.0,0,valid
227082,4,3,5,8,0,0,-1,132539,10,0,0,0,0,0,0.0,0,valid
227083,4,3,5,5,0,0,-1,132626,10,0,0,0,0,0,0.0,0,valid
227084,4,3,5,3,0,0,-1,135047,10,0,0,0,0,0,0.0,0,valid
227085,4,3,5,7,0,0,-1,134583,10,0,0,0,0,0,0.0,0,valid
227086,4,3,5,1,0,0,-1,133123,10,0,0,0,0,0,0.0,0,valid
227087,4,3,5,10,0,0,-1,132951,10,0,0,0,0,0,0.0,0,valid
227088,4,3,5,8,0,0,-1,132539,10,0,0,0,0,0,0.0,0,valid
227089,4,3,5,5,0,0,-1,132626,10,0,0,0,0,0,0.0,0,valid
227090,4,1,7,1,0,0,-1,133076,7,0,0,0,0,0,0.0,0,valid
227091,4,1,7,3,0,0,-1,135032,7,0,0,0,0,0,0.0,0,valid
227092,4,1,7,3,0,0,-1,135032,7,0,0,0,0,0,0.0,0,valid
227093,4,1,7,1,0,0,-1,133076,7,0,0,0,0,0,0.0,0,valid
227094,4,1,7,20,0,0,-1,132716,7,0,0,0,0,0,0.0,0,valid
227095,4,1,7,7,0,0,-1,134586,7,0,0,0,0,0,0.0,0,valid
227096,4,1,7,20,0,0,-1,132716,7,0,0,0,0,0,0.0,0,valid
227097,4,1,7,7,0,0,-1,134586,7,0,0,0,0,0,0.0,0,valid
227098,4,1,7,8,0,0,-1,132539,7,0,0,0,0,0,0.0,0,valid
227099,4,1,7,10,0,0,-1,132953,7,0,0,0,0,0,0.0,0,valid
227100,4,1,7,10,0,0,-1,132953,7,0,0,0,0,0,0.0,0,valid
227101,4,1,7,8,0,0,-1,132539,7,0,0,0,0,0,0.0,0,valid
227102,4,1,7,3,0,0,-1,135033,7,0,0,0,0,0,0.0,0,valid
227103,4,1,7,1,0,0,-1,133074,7,0,0,0,0,0,0.0,0,valid
227104,4,1,7,3,0,0,-1,135033,7,0,0,0,0,0,0.0,0,valid
227105,4,1,7,1,0,0,-1,133074,7,0,0,0,0,0,0.0,0,valid
227106,4,1,7,20,0,0,-1,132669,7,0,0,0,0,0,0.0,0,valid
227107,4,1,7,7,0,0,-1,134591,7,0,0,0,0,0,0.0,0,valid
227108,4,1,7,20,0,0,-1,132669,7,0,0,0,0,0,0.0,0,valid
227109,4,1,7,7,0,0,-1,134591,7,0,0,0,0,0,0.0,0,valid
227110,4,1,7,8,0,0,-1,132539,7,0,0,0,0,0,0.0,0,valid
227111,4,1,7,10,0,0,-1,132940,7,0,0,0,0,0,0.0,0,valid
227112,4,1,7,8,0,0,-1,132539,7,0,0,0,0,0,0.0,0,valid
227113,4,1,7,10,0,0,-1,132940,7,0,0,0,0,0,0.0,0,valid
227114,4,1,7,10,0,0,-1,132940,7,0,0,0,0,0,0.0,0,valid
227115,4,1,7,10,0,0,-1,132940,7,0,0,0,0,0,0.0,0,valid
227118,4,1,7,1,0,0,-1,133119,7,0,0,0,0,0,0.0,0,valid
227119,4,1,7,3,0,0,-1,135032,7,0,0,0,0,0,0.0,0,valid
227120,4,1,7,3,0,0,-1,135032,7,0,0,0,0,0,0.0,0,valid
227121,4,1,7,1,0,0,-1,133119,7,0,0,0,0,0,0.0,0,valid
227122,4,1,7,20,0,0,-1,132716,7,0,0,0,0,0,0.0,0,valid
227123,4,1,7,7,0,0,-1,134591,7,0,0,0,0,0,0.0,0,valid
227124,4,1,7,20,0,0,-1,132716,7,0,0,0,0,0,0.0,0,valid
227125,4,1,7,7,0,0,-1,134591,7,0,0,0,0,0,0.0,0,valid
227126,4,1,7,10,0,0,-1,132951,7,0,0,0,0,0,0.0,0,valid
227127,4,1,7,8,0,0,-1,132539,7,0,0,0,0,0,0.0,0,valid
227128,4,1,7,10,0,0,-1,132951,7,0,0,0,0,0,0.0,0,valid
227129,4,1,7,8,0,0,-1,132539,7,0,0,0,0,0,0.0,0,valid
227130,4,1,7,3,0,0,-1,135032,7,0,0,0,0,0,0.0,0,valid
227131,4,1,7,7,0,0,-1,134591,7,0,0,0,0,0,0.0,0,valid
227132,4,1,7,1,0,0,-1,133119,7,0,0,0,0,0,0.0,0,valid
227133,4,1,7,10,0,0,-1,132951,7,0,0,0,0,0,0.0,0,valid
227134,4,1,7,8,0,0,-1,132539,7,0,0,0,0,0,0.0,0,valid
227135,4,1,7,20,0,0,-1,132716,7,0,0,0,0,0,0.0,0,valid
227136,4,1,7,3,0,0,-1,135032,7,0,0,0,0,0,0.0,0,valid
227137,4,1,7,7,0,0,-1,134591,7,0,0,0,0,0,0.0,0,valid
227138,4,1,7,1,0,0,-1,133119,7,0,0,0,0,0,0.0,0,valid
227139,4,1,7,10,0,0,-1,132951,7,0,0,0,0,0,0.0,0,valid
227140,4,1,7,8,0,0,-1,132539,7,0,0,0,0,0,0.0,0,valid
227141,4,1,7,20,0,0,-1,132716,7,0,0,0,0,0,0.0,0,valid
227142,4,4,6,5,0,0,-1,132738,11,0,0,0,0,0,0.0,0,valid
227143,4,4,6,7,0,0,-1,134586,11,0,0,0,0,0,0.0,0,valid
227144,4,4,6,1,0,0,-1,133073,11,0,0,0,0,0,0.0,0,valid
227145,4,4,6,3,0,0,-1,135059,11,0,0,0,0,0,0.0,0,valid
227146,4,4,6,8,0,0,-1,132584,11,0,0,0,0,0,0.0,0,valid
227147,4,4,6,10,0,0,-1,132963,11,0,0,0,0,0,0.0,0,valid
227148,4,4,6,3,0,0,-1,135059,11,0,0,0,0,0,0.0,0,valid
227149,4,4,6,1,0,0,-1,133073,11,0,0,0,0,0,0.0,0,valid
227150,4,4,6,7,0,0,-1,134586,11,0,0,0,0,0,0.0,0,valid
227151,4,4,6,5,0,0,-1,132738,11,0,0,0,0,0,0.0,0,valid
227152,4,4,6,10,0,0,-1,132963,11,0,0,0,0,0,0.0,0,valid
227153,4,4,6,8,0,0,-1,132584,11,0,0,0,0,0,0.0,0,valid
227154,4,3,5,3,0,0,-1,135035,10,0,0,0,0,0,0.0,0,valid
227155,4,3,5,1,0,0,-1,133077,10,0,0,0,0,0,0.0,0,valid
227156,4,3,5,7,0,0,-1,134589,10,0,0,0,0,0,0.0,0,valid
227157,4,3,5,5,0,0,-1,132638,10,0,0,0,0,0,0.0,0,valid
227158,4,3,5,8,0,0,-1,132541,10,0,0,0,0,0,0.0,0,valid
227159,4,3,5,10,0,0,-1,132945,10,0,0,0,0,0,0.0,0,valid
227160,4,3,5,3,0,0,-1,135035,10,0,0,0,0,0,0.0,0,valid
227161,4,3,5,7,0,0,-1,134589,10,0,0,0,0,0,0.0,0,valid
227162,4,3,5,1,0,0,-1,133077,10,0,0,0,0,0,0.0,0,valid
227163,4,3,5,10,0,0,-1,132945,10,0,0,0,0,0,0.0,0,valid
227164,4,3,5,8,0,0,-1,132541,10,0,0,0,0,0,0.0,0,valid
227165,4,3,5,5,0,0,-1,132638,10,0,0,0,0,0,0.0,0,valid
227166,4,3,5,3,0,0,-1,135035,10,0,0,0,0,0,0.0,0,valid
227167,4,3,5,7,0,0,-1,134589,10,0,0,0,0,0,0.0,0,valid
227168,4,3,5,1,0,0,-1,133077,10,0,0,0,0,0,0.0,0,valid
227169,4,3,5,10,0,0,-1,132945,10,0,0,0,0,0,0.0,0,valid
227170,4,3,5,8,0,0,-1,132541,10,0,0,0,0,0,0.0,0,valid
227171,4,3,5,5,0,0,-1,132638,10,0,0,0,0,0,0.0,0,valid
227172,4,2,8,3,0,0,-1,135038,7,0,0,0,0,0,0.0,0,valid
227173,4,2,8,1,0,0,-1,133077,7,0,0,0,0,0,0.0,0,valid
227174,4,2,8,1,0,0,-1,133077,7,0,0,0,0,0,0.0,0,valid
227175,4,2,8,3,0,0,-1,135038,7,0,0,0,0,0,0.0,0,valid
227176,4,2,8,5,0,0,-1,132722,7,0,0,0,0,0,0.0,0,valid
227177,4,2,8,7,0,0,-1,134586,7,0,0,0,0,0,0.0,0,valid
227178,4,2,8,7,0,0,-1,134586,7,0,0,0,0,0,0.0,0,valid
227179,4,2,8,5,0,0,-1,132722,7,0,0,0,0,0,0.0,0,valid
227180,4,2,8,10,0,0,-1,132959,7,0,0,0,0,0,0.0,0,valid
227181,4,2,8,8,0,0,-1,132542,7,0,0,0,0,0,0.0,0,valid
227182,4,2,8,8,0,0,-1,132542,7,0,0,0,0,0,0.0,0,valid
227183,4,2,8,10,0,0,-1,132959,7,0,0,0,0,0,0.0,0,valid
227184,4,2,8,3,0,0,-1,135038,7,0,0,0,0,0,0.0,0,valid
227185,4,2,8,7,0,0,-1,134586,7,0,0,0,0,0,0.0,0,valid
227186,4,2,8,1,0,0,-1,133077,7,0,0,0,0,0,0.0,0,valid
227187,4,2,8,10,0,0,-1,132959,7,0,0,0,0,0,0.0,0,valid
227188,4,2,8,8,0,0,-1,132542,7,0,0,0,0,0,0.0,0,valid
227189,4,2,8,5,0,0,-1,132722,7,0,0,0,0,0,0.0,0,valid
227190,4,2,8,3,0,0,-1,135038,7,0,0,0,0,0,0.0,0,valid
227191,4,2,8,7,0,0,-1,134586,7,0,0,0,0,0,0.0,0,valid
227192,4,2,8,1,0,0,-1,133077,7,0,0,0,0,0,0.0,0,valid
227193,4,2,8,10,0,0,-1,132959,7,0,0,0,0,0,0.0,0,valid
227194,4,2,8,8,0,0,-1,132542,7,0,0,0,0,0,0.0,0,valid
227195,4,2,8,5,0,0,-1,132722,7,0,0,0,0,0,0.0,0,valid
227196,4,2,8,5,0,0,-1,132722,7,0,0,0,0,0,0.0,0,valid
227197,4,2,8,8,0,0,-1,132542,7,0,0,0,0,0,0.0,0,valid
227198,4,2,8,10,0,0,-1,132959,7,0,0,0,0,0,0.0,0,valid
227199,4,2,8,1,0,0,-1,133077,7,0,0,0,0,0,0.0,0,valid
227200,4,2,8,7,0,0,-1,134586,7,0,0,0,0,0,0.0,0,valid
227201,4,2,8,3,0,0,-1,135038,7,0,0,0,0,0,0.0,0,valid
227202,4,2,8,5,0,0,-1,132722,7,0,0,0,0,0,0.0,0,valid
227203,4,2,8,8,0,0,-1,132542,7,0,0,0,0,0,0.0,0,valid
227204,4,2,8,10,0,0,-1,132959,7,0,0,0,0,0,0.0,0,valid
227205,4,2,8,1,0,0,-1,133077,7,0,0,0,0,0,0.0,0,valid
227206,4,2,8,7,0,0,-1,134586,7,0,0,0,0,0,0.0,0,valid
227207,4,2,8,3,0,0,-1,135038,7,0,0,0,0,0,0.0,0,valid
227803,4,2,8,5,0,0,-1,132719,7,0,0,0,0,0,0.0,0,valid
227804,4,2,8,7,0,0,-1,134706,7,0,0,0,0,0,0.0,0,valid
227805,4,2,8,6,0,0,-1,132498,7,0,0,0,0,0,0.0,0,valid
227807,4,3,6,6,0,0,-1,132505,10,0,0,0,0,0,0.0,0,valid
227808,4,1,7,3,0,0,-1,135050,7,0,0,0,0,0,0.0,0,valid
227809,4,2,8,10,0,0,-1,132960,7,0,0,0,0,0,0.0,0,valid
227810,4,3,5,8,0,0,-1,132553,10,0,0,0,0,0,0.0,0,valid
227813,0,8,7,0,0,0,-1,236211,16,0,0,0,0,0,0.0,0,valid
227814,4,4,6,6,0,0,-1,132500,11,0,0,0,0,0,0.0,0,valid
227815,4,2,8,8,0,0,-1,132565,7,0,0,0,0,0,0.0,0,valid
227816,4,1,7,8,0,0,-1,132560,7,0,0,0,0,0,0.0,0,valid
227817,4,4,6,10,0,0,-1,132963,11,0,0,0,0,0,0.0,0,valid
227818,4,2,8,3,0,0,-1,135057,7,0,0,0,0,0,0.0,0,valid
227819,12,0,0,0,0,0,-1,135265,21,0,0,0,0,0,0.0,0,valid
227859,4,4,6,3,0,0,-1,135051,11,0,0,0,0,0,0.0,0,valid
227862,4,1,7,8,0,0,-1,132539,7,0,0,0,0,0,0.0,0,valid
227888,4,1,7,3,0,0,-1,135044,7,0,0,0,0,0,0.0,0,valid
228190,4,1,7,6,0,0,-1,132498,7,0,0,0,0,0,0.0,0,valid
231530,4,4,6,5,0,0,-1,132751,11,0,0,0,0,0,0.0,0,valid
231531,4,4,6,8,0,0,-1,132585,11,0,0,0,0,0,0.0,0,valid
231532,4,4,6,10,0,0,-1,132944,11,0,0,0,0,0,0.0,0,valid
231533,4,4,6,7,0,0,-1,134584,11,0,0,0,0,0,0.0,0,valid
231534,4,4,6,3,0,0,-1,135042,11,0,0,0,0,0,0.0,0,valid
231535,4,4,6,1,0,0,-1,133077,11,0,0,0,0,0,0.0,0,valid
231536,4,4,6,5,0,0,-1,132738,11,0,0,0,0,0,0.0,0,valid
231537,4,4,6,3,0,0,-1,135051,11,0,0,0,0,0,0.0,0,valid
231538,4,4,6,1,0,0,-1,133073,11,0,0,0,0,0,0.0,0,valid
231539,4,4,6,8,0,0,-1,132590,11,0,0,0,0,0,0.0,0,valid
231540,4,4,6,7,0,0,-1,134584,11,0,0,0,0,0,0.0,0,valid
231541,4,4,6,10,0,0,-1,132963,11,0,0,0,0,0,0.0,0,valid
231543,4,2,8,5,0,0,-1,132648,7,0,0,0,0,0,0.0,0,valid
231544,4,2,8,10,0,0,-1,132955,7,0,0,0,0,0,0.0,0,valid
231545,4,2,8,1,0,0,-1,133143,7,0,0,0,0,0,0.0,0,valid
231546,4,2,8,8,0,0,-1,132542,7,0,0,0,0,0,0.0,0,valid
231547,4,2,8,3,0,0,-1,135054,7,0,0,0,0,0,0.0,0,valid
231548,4,2,8,7,0,0,-1,134586,7,0,0,0,0,0,0.0,0,valid
231549,4,2,8,5,0,0,-1,132638,7,0,0,0,0,0,0.0,0,valid
231551,4,2,8,3,0,0,-1,135038,7,0,0,0,0,0,0.0,0,valid
231552,4,2,8,8,0,0,-1,132542,7,0,0,0,0,0,0.0,0,valid
231553,4,2,8,1,0,0,-1,133077,7,0,0,0,0,0,0.0,0,valid
231554,4,2,8,7,0,0,-1,134586,7,0,0,0,0,0,0.0,0,valid
231555,4,2,8,10,0,0,-1,132959,7,0,0,0,0,0,0.0,0,valid
231557,4,3,5,3,0,0,-1,135041,10,0,0,0,0,0,0.0,0,valid
231558,4,3,5,7,0,0,-1,134669,10,0,0,0,0,0,0.0,0,valid
231560,4,3,5,10,0,0,-1,132944,10,0,0,0,0,0,0.0,0,valid
231561,4,3,5,8,0,0,-1,132588,10,0,0,0,0,0,0.0,0,valid
231562,4,3,5,1,0,0,-1,133073,10,0,0,0,0,0,0.0,0,valid
231563,4,3,5,5,0,0,-1,132625,10,0,0,0,0,0,0.0,0,valid
231564,4,3,5,8,0,0,-1,132587,10,0,0,0,0,0,0.0,0,valid
231565,4,3,5,3,0,0,-1,135060,10,0,0,0,0,0,0.0,0,valid
231566,4,3,5,5,0,0,-1,132633,10,0,0,0,0,0,0.0,0,valid
231567,4,3,5,7,0,0,-1,134668,10,0,0,0,0,0,0.0,0,valid
231568,4,3,5,1,0,0,-1,133077,10,0,0,0,0,0,0.0,0,valid
231569,4,3,5,10,0,0,-1,132945,10,0,0,0,0,0,0.0,0,valid
231570,4,3,5,8,0,0,-1,132587,10,0,0,0,0,0,0.0,0,valid
231571,4,3,5,1,0,0,-1,133077,10,0,0,0,0,0,0.0,0,valid
231572,4,3,5,3,0,0,-1,135060,10,0,0,0,0,0,0.0,0,valid
231573,4,3,5,5,0,0,-1,132633,10,0,0,0,0,0,0.0,0,valid
231574,4,3,5,7,0,0,-1,134668,10,0,0,0,0,0,0.0,0,valid
231575,4,3,5,10,0,0,-1,132945,10,0,0,0,0,0,0.0,0,valid
231576,4,3,5,3,0,0,-1,135041,10,0,0,0,0,0,0.0,0,valid
231577,4,3,5,7,0,0,-1,134669,10,0,0,0,0,0,0.0,0,valid
231578,4,3,5,10,0,0,-1,132944,10,0,0,0,0,0,0.0,0,valid
231579,4,3,5,8,0,0,-1,132588,10,0,0,0,0,0,0.0,0,valid
231580,4,3,5,1,0,0,-1,133073,10,0,0,0,0,0,0.0,0,valid
231581,4,3,5,5,0,0,-1,132625,10,0,0,0,0,0,0.0,0,valid
231582,4,1,7,20,0,0,-1,132650,7,0,0,0,0,0,0.0,0,valid
231583,4,1,7,3,0,0,-1,135033,7,0,0,0,0,0,0.0,0,valid
231584,4,1,7,1,0,0,-1,133126,7,0,0,0,0,0,0.0,0,valid
231585,4,1,7,8,0,0,-1,132541,7,0,0,0,0,0,0.0,0,valid
231586,4,1,7,10,0,0,-1,132948,7,0,0,0,0,0,0.0,0,valid
231587,4,1,7,7,0,0,-1,134603,7,0,0,0,0,0,0.0,0,valid
231588,4,1,7,7,0,0,-1,134587,7,0,0,0,0,0,0.0,0,valid
231589,4,1,7,10,0,0,-1,132953,7,0,0,0,0,0,0.0,0,valid
231590,4,1,7,1,0,0,-1,133076,7,0,0,0,0,0,0.0,0,valid
231591,4,1,7,20,0,0,-1,132716,7,0,0,0,0,0,0.0,0,valid
231592,4,1,7,3,0,0,-1,135050,7,0,0,0,0,0,0.0,0,valid
231593,4,1,7,8,0,0,-1,132539,7,0,0,0,0,0,0.0,0,valid
231594,4,1,7,3,0,0,-1,135050,7,0,0,0,0,0,0.0,0,valid
231595,4,1,7,7,0,0,-1,134587,7,0,0,0,0,0,0.0,0,valid
231596,4,1,7,20,0,0,-1,132716,7,0,0,0,0,0,0.0,0,valid
231597,4,1,7,8,0,0,-1,132539,7,0,0,0,0,0,0.0,0,valid
231599,4,1,7,10,0,0,-1,132953,7,0,0,0,0,0,0.0,0,valid
231600,4,1,7,10,0,0,-1,132953,7,0,0,0,0,0,0.0,0,valid
231601,4,1,7,1,0,0,-1,133076,7,0,0,0,0,0,0.0,0,valid
231602,4,1,7,3,0,0,-1,135054,7,0,0,0,0,0,0.0,0,valid
231603,4,1,7,20,0,0,-1,132653,7,0,0,0,0,0,0.0,0,valid
231604,4,1,7,1,0,0,-1,133126,7,0,0,0,0,0,0.0,0,valid
231605,4,1,7,7,0,0,-1,134588,7,0,0,0,0,0,0.0,0,valid
231606,4,1,7,8,0,0,-1,132560,7,0,0,0,0,0,0.0,0,valid
231608,4,1,7,10,0,0,-1,132948,7,0,0,0,0,0,0.0,0,valid
231609,4,1,7,10,0,0,-1,132948,7,0,0,0,0,0,0.0,0,valid
231610,4,1,7,8,0,0,-1,132539,7,0,0,0,0,0,0.0,0,valid
231611,4,1,7,3,0,0,-1,135050,7,0,0,0,0,0,0.0,0,valid
231612,4,1,7,20,0,0,-1,132716,7,0,0,0,0,0,0.0,0,valid
231613,4,1,7,10,0,0,-1,132961,7,0,0,0,0,0,0.0,0,valid
231614,4,1,7,7,0,0,-1,134587,7,0,0,0,0,0,0.0,0,valid
231615,4,1,7,1,0,0,-1,133076,7,0,0,0,0,0,0.0,0,valid
231616,4,1,7,1,0,0,-1,133126,7,0,0,0,0,0,0.0,0,valid
231617,4,1,7,10,0,0,-1,132948,7,0,0,0,0,0,0.0,0,valid
231618,4,1,7,20,0,0,-1,132643,7,0,0,0,0,0,0.0,0,valid
231619,4,1,7,7,0,0,-1,134586,7,0,0,0,0,0,0.0,0,valid
231620,4,1,7,8,0,0,-1,132541,7,0,0,0,0,0,0.0,0,valid
231621,4,1,7,3,0,0,-1,135033,7,0,0,0,0,0,0.0,0,valid
231622,4,1,7,1,0,0,-1,133126,7,0,0,0,0,0,0.0,0,valid
231623,4,1,7,10,0,0,-1,132948,7,0,0,0,0,0,0.0,0,valid
231624,4,1,7,20,0,0,-1,132643,7,0,0,0,0,0,0.0,0,valid
231626,4,1,7,7,0,0,-1,134586,7,0,0,0,0,0,0.0,0,valid
231627,4,1,7,8,0,0,-1,132541,7,0,0,0,0,0,0.0,0,valid
231628,4,1,7,3,0,0,-1,135033,7,0,0,0,0,0,0.0,0,valid
231630,4,1,7,8,0,0,-1,132539,7,0,0,0,0,0,0.0,0,valid
231631,4,1,7,3,0,0,-1,135050,7,0,0,0,0,0,0.0,0,valid
231632,4,1,7,20,0,0,-1,132716,7,0,0,0,0,0,0.0,0,valid
231633,4,1,7,10,0,0,-1,132961,7,0,0,0,0,0,0.0,0,valid
231634,4,1,7,7,0,0,-1,134587,7,0,0,0,0,0,0.0,0,valid
231635,4,1,7,1,0,0,-1,133076,7,0,0,0,0,0,0.0,0,valid
231639,4,4,6,7,0,0,-1,134584,11,0,0,0,0,0,0.0,0,valid
231640,4,4,6,1,0,0,-1,133073,11,0,0,0,0,0,0.0,0,valid
231641,4,4,6,5,0,0,-1,132738,11,0,0,0,0,0,0.0,0,valid
231643,4,4,6,10,0,0,-1,132963,11,0,0,0,0,0,0.0,0,valid
231645,4,4,6,3,0,0,-1,135051,11,0,0,0,0,0,0.0,0,valid
231646,4,4,6,8,0,0,-1,132590,11,0,0,0,0,0,0.0,0,valid
231647,4,4,6,7,0,0,-1,134584,11,0,0,0,0,0,0.0,0,valid
231648,4,4,6,1,0,0,-1,133073,11,0,0,0,0,0,0.0,0,valid
231649,4,4,6,5,0,0,-1,132738,11,0,0,0,0,0,0.0,0,valid
231650,4,4,6,10,0,0,-1,132963,11,0,0,0,0,0,0.0,0,valid
231651,4,4,6,3,0,0,-1,135051,11,0,0,0,0,0,0.0,0,valid
231652,4,4,6,8,0,0,-1,132590,11,0,0,0,0,0,0.0,0,valid
231653,4,3,5,5,0,0,-1,132633,10,0,0,0,0,0,0.0,0,valid
231654,4,3,5,3,0,0,-1,135060,10,0,0,0,0,0,0.0,0,valid
231655,4,3,5,10,0,0,-1,132945,10,0,0,0,0,0,0.0,0,valid
231656,4,3,5,8,0,0,-1,132587,10,0,0,0,0,0,0.0,0,valid
231657,4,3,5,1,0,0,-1,133077,10,0,0,0,0,0,0.0,0,valid
231658,4,3,5,7,0,0,-1,134667,10,0,0,0,0,0,0.0,0,valid
231659,4,3,5,3,0,0,-1,135060,10,0,0,0,0,0,0.0,0,valid
231660,4,3,5,10,0,0,-1,132945,10,0,0,0,0,0,0.0,0,valid
231661,4,3,5,8,0,0,-1,132587,10,0,0,0,0,0,0.0,0,valid
231662,4,3,5,5,0,0,-1,132633,10,0,0,0,0,0,0.0,0,valid
231663,4,3,5,1,0,0,-1,133077,10,0,0,0,0,0,0.0,0,valid
231664,4,3,5,7,0,0,-1,134667,10,0,0,0,0,0,0.0,0,valid
231665,4,3,5,3,0,0,-1,135060,10,0,0,0,0,0,0.0,0,valid
231666,4,3,5,10,0,0,-1,132945,10,0,0,0,0,0,0.0,0,valid
231667,4,3,5,8,0,0,-1,132587,10,0,0,0,0,0,0.0,0,valid
231668,4,3,5,5,0,0,-1,132633,10,0,0,0,0,0,0.0,0,valid
231669,4,3,5,1,0,0,-1,133077,10,0,0,0,0,0,0.0,0,valid
231670,4,3,5,7,0,0,-1,134667,10,0,0,0,0,0,0.0,0,valid
231671,4,2,8,8,0,0,-1,132542,7,0,0,0,0,0,0.0,0,valid
231672,4,2,8,3,0,0,-1,135038,7,0,0,0,0,0,0.0,0,valid
231673,4,2,8,7,0,0,-1,134586,7,0,0,0,0,0,0.0,0,valid
231674,4,2,8,5,0,0,-1,132638,7,0,0,0,0,0,0.0,0,valid
231675,4,2,8,1,0,0,-1,133077,7,0,0,0,0,0,0.0,0,valid
231676,4,2,8,10,0,0,-1,132959,7,0,0,0,0,0,0.0,0,valid
231677,4,2,8,10,0,0,-1,132959,7,0,0,0,0,0,0.0,0,valid
231678,4,2,8,1,0,0,-1,133077,7,0,0,0,0,0,0.0,0,valid
231679,4,2,8,5,0,0,-1,132638,7,0,0,0,0,0,0.0,0,valid
231680,4,2,8,7,0,0,-1,134586,7,0,0,0,0,0,0.0,0,valid
231681,4,2,8,3,0,0,-1,135038,7,0,0,0,0,0,0.0,0,valid
231682,4,2,8,8,0,0,-1,132542,7,0,0,0,0,0,0.0,0,valid
231683,4,2,8,8,0,0,-1,132542,7,0,0,0,0,0,0.0,0,valid
231684,4,2,8,3,0,0,-1,135038,7,0,0,0,0,0,0.0,0,valid
231685,4,2,8,7,0,0,-1,134586,7,0,0,0,0,0,0.0,0,valid
231686,4,2,8,5,0,0,-1,132638,7,0,0,0,0,0,0.0,0,valid
231687,4,2,8,1,0,0,-1,133077,7,0,0,0,0,0,0.0,0,valid
231688,4,2,8,10,0,0,-1,132959,7,0,0,0,0,0,0.0,0,valid
231689,4,2,8,1,0,0,-1,133143,7,0,0,0,0,0,0.0,0,valid
231690,4,2,8,5,0,0,-1,132648,7,0,0,0,0,0,0.0,0,valid
231691,4,2,8,7,0,0,-1,134586,7,0,0,0,0,0,0.0,0,valid
231692,4,2,8,8,0,0,-1,132542,7,0,0,0,0,0,0.0,0,valid
231693,4,2,8,3,0,0,-1,135054,7,0,0,0,0,0,0.0,0,valid
231694,4,2,8,10,0,0,-1,132955,7,0,0,0,0,0,0.0,0,valid
231695,4,2,8,1,0,0,-1,133143,7,0,0,0,0,0,0.0,0,valid
231696,4,2,8,5,0,0,-1,132648,7,0,0,0,0,0,0.0,0,valid
231697,4,2,8,7,0,0,-1,134586,7,0,0,0,0,0,0.0,0,valid
231698,4,2,8,8,0,0,-1,132542,7,0,0,0,0,0,0.0,0,valid
231699,4,2,8,3,0,0,-1,135054,7,0,0,0,0,0,0.0,0,valid
231700,4,2,8,10,0,0,-1,132955,7,0,0,0,0,0,0.0,0,valid
231701,4,2,8,1,0,0,-1,133143,7,0,0,0,0,0,0.0,0,valid
231702,4,2,8,5,0,0,-1,132648,7,0,0,0,0,0,0.0,0,valid
231703,4,2,8,7,0,0,-1,134586,7,0,0,0,0,0,0.0,0,valid
231704,4,2,8,8,0,0,-1,132542,7,0,0,0,0,0,0.0,0,valid
231705,4,2,8,3,0,0,-1,135054,7,0,0,0,0,0,0.0,0,valid
231706,4,2,8,10,0,0,-1,132955,7,0,0,0,0,0,0.0,0,valid
233197,15,0,8,0,3,0,-1,133745,19,0,0,0,0,0,0.0,0,valid
233198,15,0,8,0,3,0,-1,134229,12,0,0,0,0,0,0.0,0,valid
233200,15,0,8,0,3,0,-1,134205,12,0,0,0,0,0,0.0,0,valid
233209,15,0,8,0,3,0,-1,133781,9,0,0,0,0,0,0.0,0,valid
233217,0,8,0,0,0,0,-1,135262,18,0,0,0,0,0,0.0,0,valid
233250,15,0,8,0,3,0,-1,133749,19,0,0,0,0,0,0.0,0,valid
234016,4,0,3,11,0,0,-1,133382,24,0,0,0,0,0,0.0,0,valid
234017,4,0,3,11,0,0,-1,133382,24,0,0,0,0,0,0.0,0,valid
234018,4,0,3,11,0,0,-1,133382,24,0,0,0,0,0,0.0,0,valid
234019,4,0,3,11,0,0,-1,133382,24,0,0,0,0,0,0.0,0,valid
234020,4,0,3,11,0,0,-1,133382,24,0,0,0,0,0,0.0,0,valid
234021,4,0,3,11,0,0,-1,133382,24,0,0,0,0,0,0.0,0,valid
234022,4,0,3,11,0,0,-1,133382,24,0,0,0,0,0,0.0,0,valid
234023,4,0,3,11,0,0,-1,133382,24,0,0,0,0,0,0.0,0,valid
234024,4,0,3,11,0,0,-1,133382,24,0,0,0,0,0,0.0,0,valid
234025,4,0,3,11,0,0,-1,133382,24,0,0,0,0,0,0.0,0,valid
234026,4,0,3,11,0,0,-1,133382,24,0,0,0,0,0,0.0,0,valid
234027,4,0,3,11,0,0,-1,133382,24,0,0,0,0,0,0.0,0,valid
234028,4,0,3,11,0,0,-1,133382,24,0,0,0,0,0,0.0,0,valid
234029,4,0,3,11,0,0,-1,133382,24,0,0,0,0,0,0.0,0,valid
234030,4,0,3,11,0,0,-1,133382,24,0,0,0,0,0,0.0,0,valid
234031,4,0,3,11,0,0,-1,133382,24,0,0,0,0,0,0.0,0,valid
234032,4,0,3,11,0,0,-1,133382,24,0,0,0,0,0,0.0,0,valid
234033,4,0,3,11,0,0,-1,133382,24,0,0,0,0,0,0.0,0,valid
234034,4,0,3,11,0,0,-1,133382,24,0,0,0,0,0,0.0,0,valid
234035,4,0,3,11,0,0,-1,133382,24,0,0,0,0,0,0.0,0,valid
234198,4,0,3,11,0,0,-1,133382,24,0,0,0,0,0,0.0,0,valid
234199,4,0,3,11,0,0,-1,133382,24,0,0,0,0,0,0.0,0,valid
234200,4,0,3,11,0,0,-1,133382,24,0,0,0,0,0,0.0,0,valid
234201,4,0,3,11,0,0,-1,133382,24,0,0,0,0,0,0.0,0,valid
234202,4,0,3,11,0,0,-1,133382,24,0,0,0,0,0,0.0,0,valid
234271,9,8,0,0,0,0,-1,134327,20,0,0,0,0,0,0.0,0,valid
234272,9,8,0,0,0,0,-1,134327,20,0,0,0,0,0,0.0,0,valid
234436,4,0,3,11,0,0,-1,133382,24,0,0,0,0,0,0.0,0,valid
234437,4,0,3,11,0,0,-1,133382,24,0,0,0,0,0,0.0,0,valid
234438,4,0,3,11,0,0,-1,133382,24,0,0,0,0,0,0.0,0,valid
234439,4,0,3,11,0,0,-1,133382,24,0,0,0,0,0,0.0,0,valid
234440,4,0,3,11,0,0,-1,133382,24,0,0,0,0,0,0.0,0,valid
234542,2,8,1,17,1,0,-1,135358,9,0,0,0,0,0,0.0,0,valid
234543,2,1,1,17,1,0,-1,132415,9,0,0,0,0,0,0.0,0,valid
234545,2,5,2,17,1,0,-1,133047,9,0,0,0,0,0,0.0,0,valid
234546,2,5,2,17,1,0,-1,133484,9,0,0,0,0,0,0.0,0,valid
234547,2,6,1,17,2,0,-1,135124,9,0,0,0,0,0,0.0,0,valid
234548,2,6,1,17,2,0,-1,135124,9,0,0,0,0,0,0.0,0,valid
234549,2,10,2,17,2,0,-1,133729,13,0,0,0,0,0,0.0,0,valid
234550,2,15,1,21,3,0,-1,135662,8,0,0,0,0,0,0.0,0,valid
234551,2,4,2,21,3,0,-1,133039,8,0,0,0,0,0,0.0,0,valid
234552,2,7,1,13,3,0,-1,135291,8,0,0,0,0,0,0.0,0,valid
234553,2,7,1,13,3,0,-1,135275,8,0,0,0,0,0,0.0,0,valid
234554,2,0,1,13,3,0,-1,132393,8,0,0,0,0,0,0.0,0,valid
234555,2,4,2,13,3,0,-1,133057,8,0,0,0,0,0,0.0,0,valid
234556,2,15,1,13,3,0,-1,135649,8,0,0,0,0,0,0.0,0,valid
234557,2,13,1,21,7,0,-1,134296,8,0,0,0,0,0,0.0,0,valid
234558,2,13,1,22,7,0,-1,134297,8,0,0,0,0,0,0.0,0,valid
234559,2,2,2,15,0,0,-1,135496,12,0,0,2,0,0,0.0,0,valid
234560,2,18,2,26,0,0,-1,135539,12,0,0,2,0,0,0.0,0,valid
234561,2,3,1,26,0,0,-1,135615,8,0,0,3,0,0,0.0,0,valid
234562,4,6,1,14,4,0,-1,134965,9,0,0,0,0,0,0.0,0,valid
234563,4,0,3,23,3,0,-1,133747,19,0,0,0,0,0,0.0,0,valid
234564,4,0,3,23,3,0,-1,133746,19,0,0,0,0,0,0.0,0,valid
234565,2,8,1,17,1,0,-1,135349,9,0,0,0,0,0,0.0,0,valid
234566,2,1,1,17,1,0,-1,132401,9,0,0,0,0,0,0.0,0,valid
234567,2,5,2,17,1,0,-1,133040,9,0,0,0,0,0,0.0,0,valid
234568,2,5,2,17,1,0,-1,133060,9,0,0,0,0,0,0.0,0,valid
234569,2,6,1,17,2,0,-1,135131,9,0,0,0,0,0,0.0,0,valid
234570,2,6,1,17,2,0,-1,135131,9,0,0,0,0,0,0.0,0,valid
234571,2,10,2,17,2,0,-1,135151,13,0,0,0,0,0,0.0,0,valid
234574,2,15,1,21,3,0,-1,135662,8,0,0,0,0,0,0.0,0,valid
234576,2,4,2,21,3,0,-1,133039,8,0,0,0,0,0,0.0,0,valid
234578,2,7,1,13,3,0,-1,135291,8,0,0,0,0,0,0.0,0,valid
234579,2,7,1,13,3,0,-1,135275,8,0,0,0,0,0,0.0,0,valid
234580,2,0,1,13,3,0,-1,132418,8,0,0,0,0,0,0.0,0,valid
234581,2,4,2,13,3,0,-1,133488,8,0,0,0,0,0,0.0,0,valid
234582,2,15,1,13,3,0,-1,135662,8,0,0,0,0,0,0.0,0,valid
234583,2,13,1,21,7,0,-1,135643,8,0,0,0,0,0,0.0,0,valid
234584,2,13,1,22,7,0,-1,132302,8,0,0,0,0,0,0.0,0,valid
234585,2,2,2,15,0,0,-1,135500,12,0,0,2,0,0,0.0,0,valid
234586,2,18,2,26,0,0,-1,135533,12,0,0,2,0,0,0.0,0,valid
234587,2,3,1,26,0,0,-1,135617,8,0,0,3,0,0,0.0,0,valid
234588,4,6,1,14,4,0,-1,134951,9,0,0,0,0,0,0.0,0,valid
234589,4,0,3,23,3,0,-1,133744,19,0,0,0,0,0,0.0,0,valid
234590,4,0,3,23,3,0,-1,133745,19,0,0,0,0,0,0.0,0,valid
234964,4,0,3,11,0,0,-1,133382,24,0,0,0,0,0,0.0,0,valid
234965,4,0,3,11,0,0,-1,133382,24,0,0,0,0,0,0.0,0,valid
234966,4,0,3,11,0,0,-1,133382,24,0,0,0,0,0,0.0,0,valid
234967,4,0,3,11,0,0,-1,133382,24,0,0,0,0,0,0.0,0,valid
234968,4,0,3,11,0,0,-1,133382,24,0,0,0,0,0,0.0,0,valid
235473,4,6,1,14,4,0,-1,134951,9,0,0,0,0,0,0.0,0,valid
235474,4,6,1,14,4,0,-1,134965,9,0,0,0,0,0,0.0,0,valid
235476,2,0,1,13,3,0,-1,132393,8,0,0,0,0,0,0.0,0,valid
235477,2,4,2,13,3,0,-1,133057,8,0,0,0,0,0,0.0,0,valid
235478,2,15,1,13,3,0,-1,135649,8,0,0,0,0,0,0.0,0,valid
235479,2,15,1,13,3,0,-1,135662,8,0,0,0,0,0,0.0,0,valid
235480,2,4,2,13,3,0,-1,133488,8,0,0,0,0,0,0.0,0,valid
235481,2,0,1,13,3,0,-1,132418,8,0,0,0,0,0,0.0,0,valid
237814,4,4,6,7,0,0,-1,134691,9,0,0,0,0,0,0.0,0,valid
237815,4,1,7,7,0,0,-1,134599,7,0,0,0,0,0,0.0,0,valid
237817,4,2,8,7,0,0,-1,134586,7,0,0,0,0,0,0.0,0,valid
237818,4,2,8,7,0,0,-1,134637,7,0,0,0,0,0,0.0,0,valid
237819,4,3,5,7,0,0,-1,134583,11,0,0,0,0,0,0.0,0,valid
237820,4,1,7,7,0,0,-1,134599,7,0,0,0,0,0,0.0,0,valid
237821,4,2,8,7,0,0,-1,134586,7,0,0,0,0,0,0.0,0,valid
237822,4,2,8,7,0,0,-1,134637,7,0,0,0,0,0,0.0,0,valid
237823,4,3,5,7,0,0,-1,134583,11,0,0,0,0,0,0.0,0,valid
237824,4,3,5,7,0,0,-1,134583,11,0,0,0,0,0,0.0,0,valid
237825,4,4,6,7,0,0,-1,134696,9,0,0,0,0,0,0.0,0,valid
237826,4,4,6,7,0,0,-1,134696,9,0,0,0,0,0,0.0,0,valid
239512,4,4,1,9,0,0,-1,132614,9,0,0,0,0,0,0.0,0,valid
239513,4,4,1,6,0,0,-1,132516,9,0,0,0,0,0,0.0,0,valid
239514,4,4,1,10,0,0,-1,132985,9,0,0,0,0,0,0.0,0,valid
239515,4,4,1,8,0,0,-1,132587,9,0,0,0,0,0,0.0,0,valid
239516,4,4,1,3,0,0,-1,135087,9,0,0,0,0,0,0.0,0,valid
239517,4,4,1,1,0,0,-1,133194,9,0,0,0,0,0,0.0,0,valid
239518,4,4,1,7,0,0,-1,134703,9,0,0,0,0,0,0.0,0,valid
239519,4,4,1,5,0,0,-1,132757,9,0,0,0,0,0,0.0,0,valid
239520,4,4,1,9,0,0,-1,132614,9,0,0,0,0,0,0.0,0,valid
239521,4,4,1,6,0,0,-1,132516,9,0,0,0,0,0,0.0,0,valid
239522,4,4,1,10,0,0,-1,132985,9,0,0,0,0,0,0.0,0,valid
239523,4,4,1,8,0,0,-1,132587,9,0,0,0,0,0,0.0,0,valid
239524,4,4,1,3,0,0,-1,135087,9,0,0,0,0,0,0.0,0,valid
239525,4,4,1,1,0,0,-1,133194,9,0,0,0,0,0,0.0,0,valid
239526,4,4,1,7,0,0,-1,134703,9,0,0,0,0,0,0.0,0,valid
239527,4,4,1,5,0,0,-1,132757,9,0,0,0,0,0,0.0,0,valid
239529,4,3,5,5,0,0,-1,132637,11,0,0,0,0,0,0.0,0,valid
239530,4,3,5,8,0,0,-1,132548,11,0,0,0,0,0,0.0,0,valid
239531,4,3,5,10,0,0,-1,132959,11,0,0,0,0,0,0.0,0,valid
239532,4,3,5,1,0,0,-1,133117,11,0,0,0,0,0,0.0,0,valid
239533,4,3,5,7,0,0,-1,134667,11,0,0,0,0,0,0.0,0,valid
239534,4,3,5,3,0,0,-1,135045,11,0,0,0,0,0,0.0,0,valid
239535,4,3,5,6,0,0,-1,132511,11,0,0,0,0,0,0.0,0,valid
239536,4,3,5,9,0,0,-1,132601,11,0,0,0,0,0,0.0,0,valid
239537,4,3,5,8,0,0,-1,132548,11,0,0,0,0,0,0.0,0,valid
239538,4,3,5,6,0,0,-1,132511,11,0,0,0,0,0,0.0,0,valid
239539,4,3,5,10,0,0,-1,132959,11,0,0,0,0,0,0.0,0,valid
239540,4,3,5,1,0,0,-1,133117,11,0,0,0,0,0,0.0,0,valid
239541,4,3,5,7,0,0,-1,134667,11,0,0,0,0,0,0.0,0,valid
239542,4,3,5,3,0,0,-1,135045,11,0,0,0,0,0,0.0,0,valid
239543,4,3,5,5,0,0,-1,132637,11,0,0,0,0,0,0.0,0,valid
239544,4,3,5,9,0,0,-1,132601,11,0,0,0,0,0,0.0,0,valid
239547,4,2,8,9,0,0,-1,132614,10,0,0,0,0,0,0.0,0,valid
239548,4,2,8,5,0,0,-1,132737,10,0,0,0,0,0,0.0,0,valid
239549,4,2,8,10,0,0,-1,132962,10,0,0,0,0,0,0.0,0,valid
239550,4,2,8,1,0,0,-1,133160,10,0,0,0,0,0,0.0,0,valid
239551,4,2,8,7,0,0,-1,134681,10,0,0,0,0,0,0.0,0,valid
239552,4,2,8,3,0,0,-1,135060,10,0,0,0,0,0,0.0,0,valid
239553,4,2,8,8,0,0,-1,132587,10,0,0,0,0,0,0.0,0,valid
239554,4,2,8,6,0,0,-1,132516,10,0,0,0,0,0,0.0,0,valid
239555,4,2,8,9,0,0,-1,132614,10,0,0,0,0,0,0.0,0,valid
239556,4,2,8,6,0,0,-1,132516,10,0,0,0,0,0,0.0,0,valid
239557,4,2,8,10,0,0,-1,132962,10,0,0,0,0,0,0.0,0,valid
239558,4,2,8,8,0,0,-1,132587,10,0,0,0,0,0,0.0,0,valid
239559,4,2,8,3,0,0,-1,135060,10,0,0,0,0,0,0.0,0,valid
239560,4,2,8,1,0,0,-1,133160,10,0,0,0,0,0,0.0,0,valid
239561,4,2,8,7,0,0,-1,134681,10,0,0,0,0,0,0.0,0,valid
239562,4,2,8,5,0,0,-1,132737,10,0,0,0,0,0,0.0,0,valid
239565,4,1,7,20,0,0,-1,132702,7,0,0,0,0,0,0.0,0,valid
239572,4,1,7,8,0,0,-1,132579,7,0,0,0,0,0,0.0,0,valid
239574,4,1,7,10,0,0,-1,132972,7,0,0,0,0,0,0.0,0,valid
239575,4,1,7,1,0,0,-1,133182,7,0,0,0,0,0,0.0,0,valid
239577,4,1,7,7,0,0,-1,134616,7,0,0,0,0,0,0.0,0,valid
239581,4,1,7,3,0,0,-1,135074,7,0,0,0,0,0,0.0,0,valid
239582,4,1,7,6,0,0,-1,132497,7,0,0,0,0,0,0.0,0,valid
239583,4,1,7,9,0,0,-1,132612,7,0,0,0,0,0,0.0,0,valid
239584,4,1,7,10,0,0,-1,132972,7,0,0,0,0,0,0.0,0,valid
239585,4,1,7,1,0,0,-1,133182,7,0,0,0,0,0,0.0,0,valid
239586,4,1,7,3,0,0,-1,135074,7,0,0,0,0,0,0.0,0,valid
239587,4,1,7,7,0,0,-1,134616,7,0,0,0,0,0,0.0,0,valid
239588,4,1,7,9,0,0,-1,132612,7,0,0,0,0,0,0.0,0,valid
239589,4,1,7,8,0,0,-1,132579,7,0,0,0,0,0,0.0,0,valid
239590,4,1,7,6,0,0,-1,132497,7,0,0,0,0,0,0.0,0,valid
239591,4,1,7,20,0,0,-1,132702,7,0,0,0,0,0,0.0,0,valid
240020,4,4,1,7,0,0,-1,134703,9,0,0,0,0,0,0.0,0,valid
240021,4,4,1,3,0,0,-1,135087,9,0,0,0,0,0,0.0,0,valid
240022,4,4,1,8,0,0,-1,132587,9,0,0,0,0,0,0.0,0,valid
240023,4,4,1,9,0,0,-1,132614,9,0,0,0,0,0,0.0,0,valid
240024,4,4,1,6,0,0,-1,132516,9,0,0,0,0,0,0.0,0,valid
240025,4,4,1,3,0,0,-1,135087,9,0,0,0,0,0,0.0,0,valid
240026,4,4,1,7,0,0,-1,134703,9,0,0,0,0,0,0.0,0,valid
240027,4,4,1,1,0,0,-1,133194,9,0,0,0,0,0,0.0,0,valid
240028,4,4,1,10,0,0,-1,132985,9,0,0,0,0,0,0.0,0,valid
240029,4,4,1,8,0,0,-1,132587,9,0,0,0,0,0,0.0,0,valid
240030,4,4,1,5,0,0,-1,132757,9,0,0,0,0,0,0.0,0,valid
240031,4,4,1,9,0,0,-1,132614,9,0,0,0,0,0,0.0,0,valid
240032,4,4,1,6,0,0,-1,132516,9,0,0,0,0,0,0.0,0,valid
240033,4,4,1,3,0,0,-1,135087,9,0,0,0,0,0,0.0,0,valid
240034,4,4,1,7,0,0,-1,134703,9,0,0,0,0,0,0.0,0,valid
240035,4,4,1,1,0,0,-1,133194,9,0,0,0,0,0,0.0,0,valid
240036,4,4,1,10,0,0,-1,132985,9,0,0,0,0,0,0.0,0,valid
240037,4,4,1,8,0,0,-1,132587,9,0,0,0,0,0,0.0,0,valid
240038,4,4,1,5,0,0,-1,132757,9,0,0,0,0,0,0.0,0,valid
240039,4,4,1,5,0,0,-1,132757,9,0,0,0,0,0,0.0,0,valid
240040,4,4,1,1,0,0,-1,133194,9,0,0,0,0,0,0.0,0,valid
240041,4,4,1,10,0,0,-1,132985,9,0,0,0,0,0,0.0,0,valid
240042,4,4,1,9,0,0,-1,132614,9,0,0,0,0,0,0.0,0,valid
240043,4,4,1,6,0,0,-1,132516,9,0,0,0,0,0,0.0,0,valid
240044,4,1,7,9,0,0,-1,132612,7,0,0,0,0,0,0.0,0,valid
240045,4,1,7,6,0,0,-1,132492,7,0,0,0,0,0,0.0,0,valid
240046,4,1,7,3,0,0,-1,135074,7,0,0,0,0,0,0.0,0,valid
240047,4,1,7,7,0,0,-1,134616,7,0,0,0,0,0,0.0,0,valid
240048,4,1,7,1,0,0,-1,133182,7,0,0,0,0,0,0.0,0,valid
240049,4,1,7,10,0,0,-1,132972,7,0,0,0,0,0,0.0,0,valid
240050,4,1,7,8,0,0,-1,132579,7,0,0,0,0,0,0.0,0,valid
240051,4,1,7,20,0,0,-1,132702,7,0,0,0,0,0,0.0,0,valid
240052,4,1,7,9,0,0,-1,132612,7,0,0,0,0,0,0.0,0,valid
240053,4,1,7,6,0,0,-1,132492,7,0,0,0,0,0,0.0,0,valid
240054,4,1,7,3,0,0,-1,135074,7,0,0,0,0,0,0.0,0,valid
240055,4,1,7,7,0,0,-1,134616,7,0,0,0,0,0,0.0,0,valid
240056,4,1,7,1,0,0,-1,133182,7,0,0,0,0,0,0.0,0,valid
240057,4,1,7,10,0,0,-1,132972,7,0,0,0,0,0,0.0,0,valid
240058,4,1,7,8,0,0,-1,132579,7,0,0,0,0,0,0.0,0,valid
240059,4,1,7,20,0,0,-1,132702,7,0,0,0,0,0,0.0,0,valid
240060,4,2,8,9,0,0,-1,132601,7,0,0,0,0,0,0.0,0,valid
240061,4,2,8,6,0,0,-1,132511,7,0,0,0,0,0,0.0,0,valid
240062,4,2,8,3,0,0,-1,135045,7,0,0,0,0,0,0.0,0,valid
240063,4,2,8,7,0,0,-1,134667,7,0,0,0,0,0,0.0,0,valid
240064,4,2,8,1,0,0,-1,133117,7,0,0,0,0,0,0.0,0,valid
240065,4,2,8,10,0,0,-1,132959,7,0,0,0,0,0,0.0,0,valid
240066,4,2,8,8,0,0,-1,132548,7,0,0,0,0,0,0.0,0,valid
240067,4,2,8,5,0,0,-1,132637,7,0,0,0,0,0,0.0,0,valid
240068,4,2,8,9,0,0,-1,132601,7,0,0,0,0,0,0.0,0,valid
240069,4,2,8,6,0,0,-1,132511,7,0,0,0,0,0,0.0,0,valid
240070,4,2,8,3,0,0,-1,135045,7,0,0,0,0,0,0.0,0,valid
240071,4,2,8,7,0,0,-1,134667,7,0,0,0,0,0,0.0,0,valid
240072,4,2,8,1,0,0,-1,133117,7,0,0,0,0,0,0.0,0,valid
240073,4,2,8,10,0,0,-1,132959,7,0,0,0,0,0,0.0,0,valid
240074,4,2,8,8,0,0,-1,132548,7,0,0,0,0,0,0.0,0,valid
240075,4,2,8,5,0,0,-1,132637,7,0,0,0,0,0,0.0,0,valid
240076,4,2,8,9,0,0,-1,132601,7,0,0,0,0,0,0.0,0,valid
240077,4,2,8,6,0,0,-1,132511,7,0,0,0,0,0,0.0,0,valid
240078,4,2,8,3,0,0,-1,135045,7,0,0,0,0,0,0.0,0,valid
240079,4,2,8,7,0,0,-1,134667,7,0,0,0,0,0,0.0,0,valid
240080,4,2,8,1,0,0,-1,133117,7,0,0,0,0,0,0.0,0,valid
240081,4,2,8,10,0,0,-1,132959,7,0,0,0,0,0,0.0,0,valid
240082,4,2,8,8,0,0,-1,132548,7,0,0,0,0,0,0.0,0,valid
240083,4,2,8,5,0,0,-1,132637,7,0,0,0,0,0,0.0,0,valid
240084,4,2,8,9,0,0,-1,132601,7,0,0,0,0,0,0.0,0,valid
240085,4,2,8,6,0,0,-1,132511,7,0,0,0,0,0,0.0,0,valid
240086,4,2,8,3,0,0,-1,135045,7,0,0,0,0,0,0.0,0,valid
240087,4,2,8,7,0,0,-1,134667,7,0,0,0,0,0,0.0,0,valid
240088,4,2,8,1,0,0,-1,133117,7,0,0,0,0,0,0.0,0,valid
240089,4,2,8,10,0,0,-1,132959,7,0,0,0,0,0,0.0,0,valid
240090,4,2,8,8,0,0,-1,132548,7,0,0,0,0,0,0.0,0,valid
240091,4,2,8,5,0,0,-1,132637,7,0,0,0,0,0,0.0,0,valid
240092,4,3,5,5,0,0,-1,132637,10,0,0,0,0,0,0.0,0,valid
240093,4,3,5,8,0,0,-1,132548,10,0,0,0,0,0,0.0,0,valid
240095,4,3,5,10,0,0,-1,132959,10,0,0,0,0,0,0.0,0,valid
240096,4,3,5,1,0,0,-1,133117,10,0,0,0,0,0,0.0,0,valid
240097,4,3,5,7,0,0,-1,134667,10,0,0,0,0,0,0.0,0,valid
240098,4,3,5,3,0,0,-1,135045,10,0,0,0,0,0,0.0,0,valid
240099,4,3,5,6,0,0,-1,132511,10,0,0,0,0,0,0.0,0,valid
240100,4,3,5,9,0,0,-1,132601,10,0,0,0,0,0,0.0,0,valid
240101,4,3,5,5,0,0,-1,132637,10,0,0,0,0,0,0.0,0,valid
240102,4,3,5,8,0,0,-1,132548,10,0,0,0,0,0,0.0,0,valid
240103,4,3,5,10,0,0,-1,132959,10,0,0,0,0,0,0.0,0,valid
240104,4,3,5,1,0,0,-1,133117,10,0,0,0,0,0,0.0,0,valid
240105,4,3,5,7,0,0,-1,134667,10,0,0,0,0,0,0.0,0,valid
240106,4,3,5,3,0,0,-1,135045,10,0,0,0,0,0,0.0,0,valid
240107,4,3,5,6,0,0,-1,132511,10,0,0,0,0,0,0.0,0,valid
240108,4,3,5,9,0,0,-1,132601,10,0,0,0,0,0,0.0,0,valid
240109,4,3,5,5,0,0,-1,132637,10,0,0,0,0,0,0.0,0,valid
240110,4,3,5,8,0,0,-1,132548,10,0,0,0,0,0,0.0,0,valid
240122,4,3,5,10,0,0,-1,132959,10,0,0,0,0,0,0.0,0,valid
240123,4,3,5,1,0,0,-1,133117,10,0,0,0,0,0,0.0,0,valid
240124,4,3,5,7,0,0,-1,134667,10,0,0,0,0,0,0.0,0,valid
240125,4,3,5,3,0,0,-1,135045,10,0,0,0,0,0,0.0,0,valid
240126,4,3,5,6,0,0,-1,132511,10,0,0,0,0,0,0.0,0,valid
240127,4,3,5,9,0,0,-1,132601,10,0,0,0,0,0,0.0,0,valid
240128,4,3,5,5,0,0,-1,132637,10,0,0,0,0,0,0.0,0,valid
240129,4,3,5,8,0,0,-1,132548,10,0,0,0,0,0,0.0,0,valid
240130,4,3,5,10,0,0,-1,132959,10,0,0,0,0,0,0.0,0,valid
240131,4,3,5,1,0,0,-1,133117,10,0,0,0,0,0,0.0,0,valid
240134,4,3,5,7,0,0,-1,134667,10,0,0,0,0,0,0.0,0,valid
240135,4,3,5,3,0,0,-1,135045,10,0,0,0,0,0,0.0,0,valid
240136,4,3,5,6,0,0,-1,132511,10,0,0,0,0,0,0.0,0,valid
240137,4,3,5,9,0,0,-1,132601,10,0,0,0,0,0,0.0,0,valid
240138,4,1,7,20,0,0,-1,132702,7,0,0,0,0,0,0.0,0,valid
240139,4,1,7,8,0,0,-1,132579,7,0,0,0,0,0,0.0,0,valid
240140,4,1,7,10,0,0,-1,132972,7,0,0,0,0,0,0.0,0,valid
240141,4,1,7,1,0,0,-1,133182,7,0,0,0,0,0,0.0,0,valid
240142,4,1,7,7,0,0,-1,134616,7,0,0,0,0,0,0.0,0,valid
240143,4,1,7,3,0,0,-1,135074,7,0,0,0,0,0,0.0,0,valid
240144,4,1,7,6,0,0,-1,132492,7,0,0,0,0,0,0.0,0,valid
240145,4,1,7,9,0,0,-1,132612,7,0,0,0,0,0,0.0,0,valid
240146,4,1,7,20,0,0,-1,132702,7,0,0,0,0,0,0.0,0,valid
240147,4,1,7,10,0,0,-1,132972,7,0,0,0,0,0,0.0,0,valid
240148,4,1,7,1,0,0,-1,133182,7,0,0,0,0,0,0.0,0,valid
240149,4,1,7,7,0,0,-1,134616,7,0,0,0,0,0,0.0,0,valid
240150,4,1,7,3,0,0,-1,135074,7,0,0,0,0,0,0.0,0,valid
240151,4,1,7,6,0,0,-1,132492,7,0,0,0,0,0,0.0,0,valid
240152,4,1,7,9,0,0,-1,132612,7,0,0,0,0,0,0.0,0,valid
240153,4,1,7,8,0,0,-1,132579,7,0,0,0,0,0,0.0,0,valid
240993,2,3,6,26,0,0,-1,236201,11,0,0,0,0,0,0.0,0,valid
242709,1,0,7,18,0,0,-1,132764,13,0,0,0,0,0,0.0,0,valid
246055,4,4,1,10,0,0,-1,132985,9,0,0,0,0,0,0.0,0,valid
246056,4,4,1,9,0,0,-1,132614,9,0,0,0,0,0,0.0,0,valid
246057,4,4,1,8,0,0,-1,132587,9,0,0,0,0,0,0.0,0,valid
246058,4,4,1,7,0,0,-1,134703,9,0,0,0,0,0,0.0,0,valid
246059,4,4,1,6,0,0,-1,132516,9,0,0,0,0,0,0.0,0,valid
246060,4,4,1,5,0,0,-1,132757,9,0,0,0,0,0,0.0,0,valid
246061,4,4,1,3,0,0,-1,135087,9,0,0,0,0,0,0.0,0,valid
246062,4,4,1,1,0,0,-1,133194,9,0,0,0,0,0,0.0,0,valid
251485,2,15,1,13,3,0,-1,135650,8,0,0,0,0,0,0.0,0,valid
251486,4,1,7,9,0,0,-1,132609,7,0,0,0,0,0,0.0,0,valid
251533,2,1,1,17,1,0,-1,132409,9,0,0,0,0,0,0.0,0,valid
251534,2,10,2,17,2,0,-1,135153,13,0,0,0,0,0,0.0,0,valid
251932,2,15,1,21,3,0,-1,132274,8,0,0,0,0,0,0.0,0,valid
252948,12,0,7,0,0,0,-1,4279015,23,0,0,0,0,0,0.0,0,valid
263005,4,3,5,5,0,0,-1,7737715,10,0,0,0,0,0,0.0,0,valid
263006,4,2,8,5,0,0,-1,0,7,0,0,0,0,0,0.0,0,valid
263007,4,1,7,5,0,0,-1,0,7,0,0,0,0,0,0.0,0,valid
263015,4,1,7,7,0,0,-1,7751150,7,0,0,0,0,0,0.0,0,valid
263016,4,2,8,7,0,0,-1,7734217,7,0,0,0,0,0,0.0,0,valid
263017,4,3,5,7,0,0,-1,7737718,10,0,0,0,0,0,0.0,0,valid
263935,2,10,2,17,2,0,-1,135145,13,0,0,0,0,0,0.0,0,valid
263936,2,15,1,13,3,0,-1,7792229,8,0,0,0,0,0,0.0,0,valid
263937,2,10,2,17,2,0,-1,7798447,13,0,0,0,0,0,0.0,0,valid
267369,2,8,1,17,1,0,-1,135326,9,0,0,0,0,0,0.0,0,valid
270001,2,7,1,13,3,0,-1,135274,8,0,0,0,0,0,0.0,0,valid
270002,4,2,8,8,0,0,-1,132539,7,0,0,0,0,0,0.0,0,valid
270003,4,3,5,9,0,0,-1,132612,10,0,0,0,0,0,0.0,0,valid
270005,2,4,2,21,3,0,-1,133048,8,0,0,0,0,0,0.0,0,valid
270008,4,2,8,10,0,0,-1,132949,7,0,0,0,0,0,0.0,0,valid
270009,4,3,5,8,0,0,-1,132535,10,0,0,0,0,0,0.0,0,valid
270015,4,2,8,9,0,0,-1,132606,7,0,0,0,0,0,0.0,0,valid
270016,4,2,8,7,0,0,-1,134586,7,0,0,0,0,0,0.0,0,valid
270018,2,5,2,17,1,0,-1,133052,13,0,0,0,0,0,0.0,0,valid
270021,4,2,8,9,0,0,-1,132606,7,0,0,0,0,0,0.0,0,valid
270023,4,2,8,3,0,0,-1,135058,7,0,0,0,0,0,0.0,0,valid
270024,4,3,5,3,0,0,-1,135058,10,0,0,0,0,0,0.0,0,valid
270025,4,3,5,10,0,0,-1,132955,10,0,0,0,0,0,0.0,0,valid
270030,4,1,7,10,0,0,-1,132961,7,0,0,0,0,0,0.0,0,valid
270031,4,2,8,7,0,0,-1,134582,7,0,0,0,0,0,0.0,0,valid
270032,4,2,8,9,0,0,-1,132611,7,0,0,0,0,0,0.0,0,valid
270042,4,2,8,9,0,0,-1,132601,7,0,0,0,0,0,0.0,0,valid
270045,4,2,8,10,0,0,-1,132956,7,0,0,0,0,0,0.0,0,valid
270227,4,0,3,2,0,0,-1,466975,14,0,0,0,0,0,0.0,0,valid
270228,2,10,2,17,2,0,-1,135155,13,0,0,0,0,0,0.0,0,valid
270229,4,3,5,8,0,0,-1,132535,10,0,0,0,0,0,0.0,0,valid
270230,4,3,5,6,0,0,-1,132509,10,0,0,0,0,0,0.0,0,valid
270231,4,2,8,10,0,0,-1,132959,7,0,0,0,0,0,0.0,0,valid
270256,2,0,1,21,3,0,-1,132409,8,0,0,0,0,0,0.0,0,valid
270260,4,2,8,7,0,0,-1,134586,7,0,0,0,0,0,0.0,0,valid
270261,4,1,7,20,0,0,-1,132650,7,0,0,0,0,0,0.0,0,valid
271095,2,15,1,21,3,0,-1,133723,8,0,0,0,0,0,0.0,0,valid
271096,4,1,7,9,0,0,-1,132610,7,0,0,0,0,0,0.0,0,valid
271097,4,1,7,16,0,0,-1,133764,7,0,0,0,0,0,0.0,0,valid
271098,4,3,5,5,0,0,-1,132624,10,0,0,0,0,0,0.0,0,valid
271201,4,3,5,6,0,0,-1,0,10,0,0,0,0,0,0.0,0,valid
271202,4,2,8,9,0,0,-1,0,7,0,0,0,0,0,0.0,0,valid
271203,2,10,1,17,2,0,-1,135146,13,0,0,0,0,0,0.0,0,valid
271204,2,15,1,13,3,0,-1,134298,8,0,0,0,0,0,0.0,0,valid
271205,4,3,5,5,0,0,-1,0,10,0,0,0,0,0,0.0,0,valid
271206,4,1,7,5,0,0,-1,0,7,0,0,0,0,0,0.0,0,valid
271207,4,1,7,7,0,0,-1,0,7,0,0,0,0,0,0.0,0,valid
271208,4,3,5,10,0,0,-1,0,10,0,0,0,0,0,0.0,0,valid
271209,4,3,5,7,0,0,-1,0,10,0,0,0,0,0,0.0,0,valid
271210,4,1,7,6,0,0,-1,0,7,0,0,0,0,0,0.0,0,valid
271211,4,3,5,8,0,0,-1,0,10,0,0,0,0,0,0.0,0,valid
271212,4,2,8,5,0,0,-1,133684,7,0,0,0,0,0,0.0,0,valid
271213,4,6,6,14,4,0,-1,0,9,0,0,0,0,0,0.0,0,valid
271214,4,1,7,8,0,0,-1,0,7,0,0,0,0,0,0.0,0,valid
271215,2,10,2,17,2,0,-1,0,13,0,0,0,0,0,0.0,0,valid
271216,2,4,1,21,3,0,-1,0,8,0,0,0,0,0,0.0,0,valid
271217,2,1,1,17,1,0,-1,0,9,0,0,0,0,0,0.0,0,valid
271218,2,7,1,13,3,0,-1,135314,8,0,0,0,0,0,0.0,0,valid
271907,4,1,7,16,0,0,-1,133772,7,0,0,0,0,0,0.0,0,valid
271921,4,1,7,16,0,0,-1,133772,7,0,0,0,0,0,0.0,0,valid
271922,4,1,7,16,0,0,-1,133772,7,0,0,0,0,0,0.0,0,valid
271923,4,1,7,16,0,0,-1,133772,7,0,0,0,0,0,0.0,0,valid
271924,2,1,1,17,1,0,-1,132409,9,0,0,0,0,0,0.0,0,valid
271925,2,1,1,17,1,0,-1,132409,9,0,0,0,0,0,0.0,0,valid
271926,2,1,1,17,1,0,-1,132409,9,0,0,0,0,0,0.0,0,valid
271927,2,1,1,17,1,0,-1,132409,9,0,0,0,0,0,0.0,0,valid
271928,2,15,1,21,3,0,-1,135654,8,0,0,0,0,0,0.0,0,valid
271929,2,15,1,21,3,0,-1,135654,8,0,0,0,0,0,0.0,0,valid
271930,2,15,1,21,3,0,-1,135654,8,0,0,0,0,0,0.0,0,valid
271931,2,15,1,21,3,0,-1,135654,8,0,0,0,0,0,0.0,0,valid
271932,4,0,8,23,3,0,-1,133738,19,0,0,0,0,0,0.0,0,valid
271933,4,0,8,23,3,0,-1,133738,19,0,0,0,0,0,0.0,0,valid
271934,4,0,8,23,3,0,-1,133738,19,0,0,0,0,0,0.0,0,valid
271935,4,0,8,23,3,0,-1,133738,19,0,0,0,0,0,0.0,0,valid
271936,2,4,1,21,3,0,-1,133042,8,0,0,0,0,0,0.0,0,valid
271937,2,4,1,21,3,0,-1,133042,8,0,0,0,0,0,0.0,0,valid
271938,2,4,1,21,3,0,-1,133042,8,0,0,0,0,0,0.0,0,valid
271939,2,4,1,21,3,0,-1,133042,8,0,0,0,0,0,0.0,0,valid
271948,4,2,8,10,0,0,-1,132961,7,0,0,0,0,0,0.0,0,valid
271949,4,2,8,10,0,0,-1,132961,7,0,0,0,0,0,0.0,0,valid
271950,4,3,5,10,0,0,-1,132945,10,0,0,0,0,0,0.0,0,valid
271951,4,3,5,10,0,0,-1,132945,10,0,0,0,0,0,0.0,0,valid
271953,4,1,7,3,0,0,-1,135033,7,0,0,0,0,0,0.0,0,valid
271954,4,2,8,3,0,0,-1,135055,7,0,0,0,0,0,0.0,0,valid
271956,4,3,5,3,0,0,-1,135043,10,0,0,0,0,0,0.0,0,valid
271957,4,4,6,3,0,0,-1,135056,11,0,0,0,0,0,0.0,0,valid
271959,4,4,6,3,0,0,-1,135053,11,0,0,0,0,0,0.0,0,valid
272063,4,1,7,16,0,0,-1,133772,7,0,0,0,0,0,0.0,0,valid
272076,4,1,7,16,0,0,-1,133772,7,0,0,0,0,0,0.0,0,valid
272077,4,1,7,16,0,0,-1,133772,7,0,0,0,0,0,0.0,0,valid
272078,4,1,7,16,0,0,-1,133772,7,0,0,0,0,0,0.0,0,valid
272079,2,1,1,17,1,0,-1,132409,9,0,0,0,0,0,0.0,0,valid
272080,2,1,1,17,1,0,-1,132409,9,0,0,0,0,0,0.0,0,valid
272081,2,1,1,17,1,0,-1,132409,9,0,0,0,0,0,0.0,0,valid
272082,2,1,1,17,1,0,-1,132409,9,0,0,0,0,0,0.0,0,valid
272083,2,15,1,21,3,0,-1,135654,8,0,0,0,0,0,0.0,0,valid
272084,2,15,1,21,3,0,-1,135654,8,0,0,0,0,0,0.0,0,valid
272085,2,15,1,21,3,0,-1,135654,8,0,0,0,0,0,0.0,0,valid
272086,2,15,1,21,3,0,-1,135654,8,0,0,0,0,0,0.0,0,valid
272087,4,0,8,23,3,0,-1,133738,19,0,0,0,0,0,0.0,0,valid
272088,4,0,8,23,3,0,-1,133738,19,0,0,0,0,0,0.0,0,valid
272089,4,0,8,23,3,0,-1,133738,19,0,0,0,0,0,0.0,0,valid
272090,4,0,8,23,3,0,-1,133738,19,0,0,0,0,0,0.0,0,valid
272091,2,4,1,21,3,0,-1,133042,8,0,0,0,0,0,0.0,0,valid
272092,2,4,1,21,3,0,-1,133042,8,0,0,0,0,0,0.0,0,valid
272093,2,4,1,21,3,0,-1,133042,8,0,0,0,0,0,0.0,0,valid
272094,2,4,1,21,3,0,-1,133042,8,0,0,0,0,0,0.0,0,valid
272099,4,2,8,10,0,0,-1,132961,7,0,0,0,0,0,0.0,0,valid
272100,4,2,8,10,0,0,-1,132961,7,0,0,0,0,0,0.0,0,valid
272101,4,3,5,10,0,0,-1,132945,10,0,0,0,0,0,0.0,0,valid
272102,4,3,5,10,0,0,-1,132945,10,0,0,0,0,0,0.0,0,valid
272103,4,1,7,3,0,0,-1,135033,7,0,0,0,0,0,0.0,0,valid
272104,4,2,8,3,0,0,-1,135055,7,0,0,0,0,0,0.0,0,valid
272106,4,3,5,3,0,0,-1,135043,10,0,0,0,0,0,0.0,0,valid
272107,4,4,6,3,0,0,-1,135056,11,0,0,0,0,0,0.0,0,valid
272108,4,4,6,3,0,0,-1,135053,11,0,0,0,0,0,0.0,0,valid
272393,4,1,7,6,0,0,-1,236919,7,0,0,0,0,0,0.0,0,valid
272411,4,1,7,16,0,0,-1,133757,7,0,0,0,0,0,0.0,0,valid
272414,4,1,7,16,0,0,-1,133762,7,0,0,0,0,0,0.0,0,valid
272415,4,1,7,16,0,0,-1,133768,7,0,0,0,0,0,0.0,0,valid
272491,4,3,5,1,0,0,-1,133071,10,0,0,0,0,0,0.0,0,valid
272957,4,3,5,3,0,0,-1,135045,10,0,0,0,0,0,0.0,0,valid
272958,4,3,5,3,0,0,-1,135045,10,0,0,0,0,0,0.0,0,valid
272996,2,4,2,21,3,0,-1,133727,8,0,0,0,0,0,0.0,0,valid
272998,2,13,2,21,7,0,-1,132369,8,0,0,0,0,0,0.0,0,valid
272999,2,18,2,26,0,0,-1,135531,12,0,0,2,0,0,0.0,0,valid
273003,2,15,1,21,3,0,-1,135639,8,0,0,0,0,0,0.0,0,valid
273005,4,1,7,16,0,0,-1,133770,7,0,0,0,0,0,0.0,0,valid
273007,4,2,8,8,0,0,-1,132540,7,0,0,0,0,0,0.0,0,valid
273084,4,1,7,16,0,0,-1,133769,7,0,0,0,0,0,0.0,0,valid
273088,4,0,3,2,0,0,-1,133884,14,0,0,0,0,0,0.0,0,valid
273089,4,1,7,6,0,0,-1,132510,7,0,0,0,0,0,0.0,0,valid
273137,4,0,2,23,3,0,-1,1063033,12,0,0,0,0,0,0.0,0,valid
273289,4,1,8,7,0,0,-1,134589,7,0,0,0,0,0,0.0,0,valid
273293,4,3,7,9,0,0,-1,132602,7,0,0,0,0,0,0.0,0,valid
273297,2,4,2,21,3,0,-1,133482,8,0,0,0,0,0,0.0,0,valid
273298,4,0,8,12,0,0,-1,134440,8,0,0,0,0,0,0.0,0,valid
273456,2,13,2,21,7,0,-1,134297,8,0,0,0,0,0,0.0,0,valid
273457,4,0,3,2,0,0,-1,133294,14,0,0,0,0,0,0.0,0,valid
273637,2,7,1,21,3,0,-1,135275,8,0,0,0,0,0,0.0,0,valid
273643,4,0,8,12,0,0,-1,133439,8,0,0,0,0,0,0.0,0,valid
273645,4,0,7,1,0,0,-1,133693,7,0,0,0,0,0,0.0,0,valid
273646,4,3,5,8,0,0,-1,132535,10,0,0,0,0,0,0.0,0,valid
273647,4,2,8,7,0,0,-1,134592,7,0,0,0,0,0,0.0,0,valid
273804,4,2,8,3,0,0,-1,135039,7,0,0,0,0,0,0.0,0,valid
273805,4,2,8,5,0,0,-1,132719,7,0,0,0,0,0,0.0,0,valid
273806,4,0,1,11,0,0,-1,133357,14,0,0,0,0,0,0.0,0,valid
273807,4,2,5,6,0,0,-1,132513,10,0,0,0,0,0,0.0,0,valid
273808,4,1,7,9,0,0,-1,132606,7,0,0,0,0,0,0.0,0,valid
273809,2,0,1,21,3,0,-1,132392,8,0,0,0,0,0,0.0,0,valid
273810,4,3,5,10,0,0,-1,132939,10,0,0,0,0,0,0.0,0,valid
273811,4,6,1,14,4,0,-1,134957,9,0,0,0,0,0,0.0,0,valid
273817,2,5,2,17,1,0,-1,134435,9,0,0,0,0,0,0.0,0,valid
273819,2,6,1,17,2,0,-1,135128,9,0,0,0,0,0,0.0,0,valid
273820,4,0,1,11,0,0,-1,133364,14,0,0,0,0,0,0.0,0,valid
273824,4,2,8,10,0,0,-1,132958,7,0,0,0,0,0,0.0,0,valid
273825,4,1,7,16,0,0,-1,133770,7,0,0,0,0,0,0.0,0,valid
273827,2,7,1,21,3,0,-1,135325,8,0,0,0,0,0,0.0,0,valid
273829,2,18,2,26,0,0,-1,135531,12,0,0,2,0,0,0.0,0,valid
273839,4,0,1,11,0,0,-1,133344,14,0,0,0,0,0,0.0,0,valid
273840,4,0,8,12,0,0,-1,136155,8,0,0,0,0,0,0.0,0,valid
273841,2,5,2,17,1,0,-1,133046,9,0,0,0,0,0,0.0,0,valid
273842,4,3,5,8,0,0,-1,132536,10,0,0,0,0,0,0.0,0,valid
273843,2,2,2,15,0,0,-1,135491,12,0,0,2,0,0,0.0,0,valid
273846,4,3,5,6,0,0,-1,132516,10,0,0,0,0,0,0.0,0,valid
273884,4,2,8,7,0,0,-1,0,7,0,0,0,0,0,0.0,0,valid
273885,4,2,8,10,0,0,-1,0,7,0,0,0,0,0,0.0,0,valid
273886,4,2,8,3,0,0,-1,0,7,0,0,0,0,0,0.0,0,valid
273887,4,2,8,8,0,0,-1,0,7,0,0,0,0,0,0.0,0,valid
273888,4,2,8,7,0,0,-1,0,7,0,0,0,0,0,0.0,0,valid
273889,4,2,8,10,0,0,-1,0,7,0,0,0,0,0,0.0,0,valid
273890,4,2,8,3,0,0,-1,0,7,0,0,0,0,0,0.0,0,valid
273891,4,2,8,8,0,0,-1,0,7,0,0,0,0,0,0.0,0,valid
273892,4,2,8,7,0,0,-1,0,7,0,0,0,0,0,0.0,0,valid
273893,4,2,8,10,0,0,-1,0,7,0,0,0,0,0,0.0,0,valid
273894,4,2,8,3,0,0,-1,0,7,0,0,0,0,0,0.0,0,valid
273895,4,2,8,8,0,0,-1,0,7,0,0,0,0,0,0.0,0,valid
273896,4,2,8,7,0,0,-1,0,7,0,0,0,0,0,0.0,0,valid
273897,4,2,8,10,0,0,-1,0,7,0,0,0,0,0,0.0,0,valid
273898,4,2,8,3,0,0,-1,0,7,0,0,0,0,0,0.0,0,valid
273899,4,2,8,8,0,0,-1,0,7,0,0,0,0,0,0.0,0,valid
273900,4,3,5,7,0,0,-1,0,11,0,0,0,0,0,0.0,0,valid
273901,4,3,5,10,0,0,-1,0,11,0,0,0,0,0,0.0,0,valid
273902,4,3,5,3,0,0,-1,0,11,0,0,0,0,0,0.0,0,valid
273903,4,3,5,8,0,0,-1,0,11,0,0,0,0,0,0.0,0,valid
273904,4,1,7,7,0,0,-1,0,7,0,0,0,0,0,0.0,0,valid
273905,4,1,7,10,0,0,-1,0,7,0,0,0,0,0,0.0,0,valid
273906,4,1,7,3,0,0,-1,0,7,0,0,0,0,0,0.0,0,valid
273907,4,1,7,8,0,0,-1,0,7,0,0,0,0,0,0.0,0,valid
273908,4,4,6,7,0,0,-1,0,9,0,0,0,0,0,0.0,0,valid
273909,4,4,6,10,0,0,-1,0,9,0,0,0,0,0,0.0,0,valid
273910,4,4,6,3,0,0,-1,0,9,0,0,0,0,0,0.0,0,valid
273911,4,4,6,8,0,0,-1,0,9,0,0,0,0,0,0.0,0,valid
273912,4,4,6,7,0,0,-1,0,9,0,0,0,0,0,0.0,0,valid
273913,4,4,6,10,0,0,-1,0,9,0,0,0,0,0,0.0,0,valid
273914,4,4,6,3,0,0,-1,0,9,0,0,0,0,0,0.0,0,valid
273915,4,4,6,8,0,0,-1,0,9,0,0,0,0,0,0.0,0,valid
273916,4,4,6,7,0,0,-1,0,9,0,0,0,0,0,0.0,0,valid
273917,4,4,6,10,0,0,-1,0,9,0,0,0,0,0,0.0,0,valid
273918,4,4,6,3,0,0,-1,0,9,0,0,0,0,0,0.0,0,valid
273919,4,4,6,8,0,0,-1,0,9,0,0,0,0,0,0.0,0,valid
273920,4,1,7,7,0,0,-1,0,7,0,0,0,0,0,0.0,0,valid
273921,4,1,7,10,0,0,-1,0,7,0,0,0,0,0,0.0,0,valid
273922,4,1,7,3,0,0,-1,0,7,0,0,0,0,0,0.0,0,valid
273923,4,1,7,8,0,0,-1,0,7,0,0,0,0,0,0.0,0,valid
273924,4,1,7,7,0,0,-1,0,7,0,0,0,0,0,0.0,0,valid
273925,4,1,7,10,0,0,-1,0,7,0,0,0,0,0,0.0,0,valid
273926,4,1,7,3,0,0,-1,0,7,0,0,0,0,0,0.0,0,valid
273927,4,1,7,8,0,0,-1,0,7,0,0,0,0,0,0.0,0,valid
273928,4,2,8,7,0,0,-1,0,7,0,0,0,0,0,0.0,0,valid
273929,4,2,8,10,0,0,-1,0,7,0,0,0,0,0,0.0,0,valid
273930,4,2,8,3,0,0,-1,0,7,0,0,0,0,0,0.0,0,valid
273931,4,2,8,8,0,0,-1,0,7,0,0,0,0,0,0.0,0,valid
273932,4,3,5,7,0,0,-1,0,11,0,0,0,0,0,0.0,0,valid
273933,4,3,5,10,0,0,-1,0,11,0,0,0,0,0,0.0,0,valid
273934,4,3,5,3,0,0,-1,0,11,0,0,0,0,0,0.0,0,valid
273935,4,3,5,8,0,0,-1,0,11,0,0,0,0,0,0.0,0,valid
273936,4,3,5,7,0,0,-1,0,11,0,0,0,0,0,0.0,0,valid
273937,4,3,5,10,0,0,-1,0,11,0,0,0,0,0,0.0,0,valid
273938,4,3,5,3,0,0,-1,0,11,0,0,0,0,0,0.0,0,valid
273939,4,3,5,8,0,0,-1,0,11,0,0,0,0,0,0.0,0,valid
273940,4,1,7,7,0,0,-1,0,7,0,0,0,0,0,0.0,0,valid
273941,4,1,7,10,0,0,-1,0,7,0,0,0,0,0,0.0,0,valid
273942,4,1,7,3,0,0,-1,0,7,0,0,0,0,0,0.0,0,valid
273943,4,1,7,8,0,0,-1,0,7,0,0,0,0,0,0.0,0,valid
273944,4,4,6,7,0,0,-1,0,9,0,0,0,0,0,0.0,0,valid
273945,4,4,6,10,0,0,-1,0,9,0,0,0,0,0,0.0,0,valid
273946,4,4,6,3,0,0,-1,0,9,0,0,0,0,0,0.0,0,valid
273947,4,4,6,8,0,0,-1,0,9,0,0,0,0,0,0.0,0,valid
273948,4,4,6,7,0,0,-1,0,9,0,0,0,0,0,0.0,0,valid
273949,4,4,6,10,0,0,-1,0,9,0,0,0,0,0,0.0,0,valid
273950,4,4,6,3,0,0,-1,0,9,0,0,0,0,0,0.0,0,valid
273951,4,4,6,8,0,0,-1,0,9,0,0,0,0,0,0.0,0,valid
274042,4,2,8,6,0,0,-1,132501,7,0,0,0,0,0,0.0,0,valid
274048,0,8,0,0,0,0,-1,132489,16,0,0,0,0,0,0.0,0,valid
274049,9,3,0,0,0,0,-1,134939,20,0,0,0,0,0,0.0,0,valid
274068,4,0,3,2,0,0,-1,133278,14,0,0,0,0,0,0.0,0,valid
274092,2,16,1,25,0,0,-1,135426,8,0,0,0,0,0,0.0,0,valid
274149,4,1,7,16,0,0,-1,133763,7,0,0,0,0,0,0.0,0,valid
274152,4,0,8,12,0,0,-1,134172,15,0,0,0,0,0,0.0,0,valid
274155,4,2,5,1,0,0,-1,133116,10,0,0,0,0,0,0.0,0,valid
274158,2,10,2,17,2,0,-1,135154,13,0,0,0,0,0,0.0,0,valid
274159,4,2,8,10,0,0,-1,132939,7,0,0,0,0,0,0.0,0,valid
274161,4,3,5,7,0,0,-1,134590,10,0,0,0,0,0,0.0,0,valid
274290,4,6,1,14,4,0,-1,134953,9,0,0,0,0,0,0.0,0,valid
274517,2,7,1,13,3,0,-1,135321,9,0,0,0,0,0,0.0,0,valid
275290,4,6,1,14,4,0,-1,7793188,9,0,0,0,0,0,0.0,0,valid
276631,2,7,1,21,3,0,-1,135275,8,0,0,0,0,0,0.0,0,valid
277056,4,3,5,5,0,0,-1,0,11,0,0,0,0,0,0.0,0,valid
277057,4,3,5,9,0,0,-1,0,11,0,0,0,0,0,0.0,0,valid
277058,4,3,5,10,0,0,-1,0,11,0,0,0,0,0,0.0,0,valid
277059,4,3,5,6,0,0,-1,0,11,0,0,0,0,0,0.0,0,valid
277060,4,3,5,7,0,0,-1,0,11,0,0,0,0,0,0.0,0,valid
277061,4,3,5,8,0,0,-1,0,11,0,0,0,0,0,0.0,0,valid
277062,4,2,8,5,0,0,-1,0,7,0,0,0,0,0,0.0,0,valid
277063,4,2,8,9,0,0,-1,0,7,0,0,0,0,0,0.0,0,valid
277064,4,2,8,10,0,0,-1,0,7,0,0,0,0,0,0.0,0,valid
277065,4,2,8,6,0,0,-1,0,7,0,0,0,0,0,0.0,0,valid
277066,4,2,8,7,0,0,-1,0,7,0,0,0,0,0,0.0,0,valid
277067,4,2,8,8,0,0,-1,0,7,0,0,0,0,0,0.0,0,valid
277068,4,2,8,5,0,0,-1,0,7,0,0,0,0,0,0.0,0,valid
277069,4,2,8,9,0,0,-1,0,7,0,0,0,0,0,0.0,0,valid
277070,4,2,8,10,0,0,-1,0,7,0,0,0,0,0,0.0,0,valid
277071,4,2,8,6,0,0,-1,0,7,0,0,0,0,0,0.0,0,valid
277072,4,2,8,7,0,0,-1,0,7,0,0,0,0,0,0.0,0,valid
277073,4,2,8,8,0,0,-1,0,7,0,0,0,0,0,0.0,0,valid
277074,4,1,7,5,0,0,-1,0,7,0,0,0,0,0,0.0,0,valid
277075,4,1,7,9,0,0,-1,0,7,0,0,0,0,0,0.0,0,valid
277076,4,1,7,10,0,0,-1,0,7,0,0,0,0,0,0.0,0,valid
277077,4,1,7,6,0,0,-1,0,7,0,0,0,0,0,0.0,0,valid
277078,4,1,7,7,0,0,-1,0,7,0,0,0,0,0,0.0,0,valid
277079,4,1,7,8,0,0,-1,0,7,0,0,0,0,0,0.0,0,valid
277213,4,1,7,5,0,0,-1,0,7,0,0,0,0,0,0.0,0,valid
279024,15,0,0,0,0,0,-1,132625,7,0,0,0,0,0,0.0,0,valid
279025,15,0,0,0,0,0,-1,132625,7,0,0,0,0,0,0.0,0,valid
279026,15,0,0,0,0,0,-1,132625,7,0,0,0,0,0,0.0,0,valid
279028,15,0,0,0,0,0,-1,135053,16,0,0,0,0,0,0.0,0,valid
279029,15,0,0,0,0,0,-1,135053,16,0,0,0,0,0,0.0,0,valid
279030,15,0,0,0,0,0,-1,135053,16,0,0,0,0,0,0.0,0,valid
279031,15,0,0,0,0,0,-1,133126,16,0,0,0,0,0,0.0,0,valid
279032,15,0,0,0,0,0,-1,133126,16,0,0,0,0,0,0.0,0,valid
279033,15,0,0,0,0,0,-1,133126,16,0,0,0,0,0,0.0,0,valid
279034,15,0,0,0,0,0,-1,132961,16,0,0,0,0,0,0.0,0,valid
279035,15,0,0,0,0,0,-1,132961,16,0,0,0,0,0,0.0,0,valid
279036,15,0,0,0,0,0,-1,132961,16,0,0,0,0,0,0.0,0,valid
279037,15,0,0,0,0,0,-1,134693,16,0,0,0,0,0,0.0,0,valid
279038,15,0,0,0,0,0,-1,134693,16,0,0,0,0,0,0.0,0,valid
279039,15,0,0,0,0,0,-1,134693,16,0,0,0,0,0,0.0,0,valid
279040,15,0,0,0,0,0,-1,132585,16,0,0,0,0,0,0.0,0,valid
279041,15,0,0,0,0,0,-1,132585,16,0,0,0,0,0,0.0,0,valid
279042,15,0,0,0,0,0,-1,132585,16,0,0,0,0,0,0.0,0,valid
279537,15,4,0,0,0,0,-1,2459413,15,0,0,0,0,0,0.0,0,valid
279864,2,8,1,17,1,0,-1,0,9,0,0,0,0,0,0.0,0,valid
279865,4,1,7,16,0,0,-1,0,7,0,0,0,0,0,0.0,0,valid
279867,4,0,3,11,0,0,-1,133361,14,0,0,0,0,0,0.0,0,valid
279868,4,2,8,7,0,0,-1,0,7,0,0,0,0,0,0.0,0,valid
279869,4,3,5,5,0,0,-1,0,10,0,0,0,0,0,0.0,0,valid
279870,4,0,3,2,0,0,-1,133295,14,0,0,0,0,0,0.0,0,valid
279874,2,4,1,21,3,0,-1,0,9,0,0,0,0,0,0.0,0,valid
279875,4,2,8,9,0,0,-1,0,7,0,0,0,0,0,0.0,0,valid
279876,2,7,1,13,3,0,-1,135689,9,0,0,0,0,0,0.0,0,valid
279877,4,1,7,10,0,0,-1,0,7,0,0,0,0,0,0.0,0,valid
279894,2,3,1,26,0,0,-1,0,9,0,0,3,0,0,0.0,0,valid
279895,2,5,1,17,1,0,-1,133058,9,0,0,0,0,0,0.0,0,valid
279896,2,19,2,26,0,0,-1,135473,12,0,0,0,0,0,0.0,0,valid
279897,4,2,8,6,0,0,-1,132492,7,0,0,0,0,0,0.0,0,valid
279898,4,0,2,23,3,0,-1,133739,19,0,0,0,0,0,0.0,0,valid
279899,4,1,7,16,0,0,-1,133763,7,0,0,0,0,0,0.0,0,valid
279900,4,2,8,7,0,0,-1,0,7,0,0,0,0,0,0.0,0,valid
280095,4,3,5,9,0,0,-1,132602,10,0,0,0,0,0,0.0,0,valid
280096,4,1,7,10,0,0,-1,132952,7,0,0,0,0,0,0.0,0,valid
280304,2,15,1,13,1,0,-1,135360,9,0,0,0,0,0,0.0,0,valid
280363,4,5,7,3,0,0,-1,135037,7,0,0,0,0,0,0.0,0,valid
280612,15,0,2,0,7,0,-1,135432,12,0,0,0,0,0,0.0,0,valid
281014,12,0,0,0,0,0,-1,134939,20,0,0,0,0,0,0.0,0,valid
281146,12,0,0,0,0,0,-1,133479,9,0,0,0,0,0,0.0,0,valid
281246,12,0,0,0,0,0,-1,134522,23,0,0,0,0,0,0.0,0,valid
281300,12,0,0,0,0,0,-1,134181,23,0,0,0,0,0,0.0,0,valid
281327,12,0,0,0,0,0,-1,134837,17,0,0,0,0,0,0.0,0,valid
281600,2,19,2,26,0,0,-1,135474,21,0,0,0,0,0,0.0,0,valid
281648,2,5,2,17,1,0,-1,133053,9,0,0,0,0,0,0.0,0,valid
281665,2,4,2,13,3,0,-1,133057,8,0,0,0,0,0,0.0,0,valid
281891,4,3,5,5,0,0,-1,132624,10,0,0,0,0,0,0.0,0,valid
281925,2,19,2,26,0,0,-1,135473,21,0,0,0,0,0,0.0,0,valid
281926,4,1,7,9,0,0,-1,132611,7,0,0,0,0,0,0.0,0,valid
281993,4,2,8,8,0,0,-1,132539,7,0,0,0,0,0,0.0,0,valid
282007,2,10,2,17,2,0,-1,135154,13,0,0,0,0,0,0.0,0,valid
282008,4,4,6,5,0,0,-1,132746,11,0,0,0,0,0,0.0,0,valid
282012,4,1,7,10,0,0,-1,132957,7,0,0,0,0,0,0.0,0,valid
282019,4,0,8,2,0,0,-1,133306,14,0,0,0,0,0,0.0,0,valid
282023,2,13,1,13,7,0,-1,135663,8,0,0,0,0,0,0.0,0,valid
282029,2,3,1,26,0,0,-1,135616,8,0,0,3,0,0,0.0,0,valid
282047,15,2,0,0,0,0,-1,656555,16,0,0,0,0,0,0.0,0,valid
282070,2,5,2,17,1,0,-1,133058,9,0,0,0,0,0,0.0,0,valid
282074,4,1,7,6,0,0,-1,132499,7,0,0,0,0,0,0.0,0,valid
282406,13,0,0,0,0,0,-1,348554,8,0,0,0,0,0,0.0,0,valid
282431,15,4,0,0,0,0,-1,1020349,17,0,0,0,0,0,0.0,0,valid
282551,2,13,1,13,7,0,-1,132945,8,0,0,0,0,0,0.0,0,valid
282557,4,2,8,5,0,0,-1,132716,7,0,0,0,0,0,0.0,0,valid
282560,4,3,5,3,0,0,-1,135034,10,0,0,0,0,0,0.0,0,valid
282561,2,3,1,26,0,0,-1,135613,8,0,0,3,0,0,0.0,0,valid
282636,4,1,7,10,0,0,-1,132950,7,0,0,0,0,0,0.0,0,valid
282637,15,2,0,0,0,0,-1,132834,16,0,0,0,0,0,0.0,0,valid
282639,2,0,1,13,3,0,-1,135578,8,0,0,0,0,0,0.0,0,valid
282642,4,2,8,8,0,0,-1,0,7,0,0,0,0,0,0.0,0,valid
282654,4,0,2,23,3,0,-1,133718,12,0,0,0,0,0,0.0,0,valid
282655,4,1,8,10,0,0,-1,0,7,0,0,0,0,0,0.0,0,valid
282658,4,1,7,16,0,0,-1,0,7,0,0,0,0,0,0.0,0,valid
282703,2,15,1,13,3,0,-1,134298,8,0,0,0,0,0,0.0,0,valid
282711,4,1,7,5,0,0,-1,0,7,0,0,0,0,0,0.0,0,valid
282713,4,2,8,7,0,0,-1,134586,7,0,0,0,0,0,0.0,0,valid
282717,4,2,8,3,0,0,-1,135037,7,0,0,0,0,0,0.0,0,valid
282720,0,8,2,0,0,0,-1,134321,16,0,0,0,0,0,0.0,0,valid
282721,2,10,2,17,2,0,-1,0,13,0,0,0,0,0,0.0,0,valid
282778,4,0,4,12,0,0,-1,134317,8,0,0,0,0,0,0.0,0,valid
283253,4,1,7,16,0,0,-1,133762,7,0,0,0,0,0,0.0,0,valid
283254,4,0,3,23,3,0,-1,134337,8,0,0,0,0,0,0.0,0,valid
283255,2,7,1,21,3,0,-1,135325,8,0,0,0,0,0,0.0,0,valid
283259,4,2,8,10,0,0,-1,132939,7,0,0,0,0,0,0.0,0,valid
283361,4,2,8,8,0,0,-1,132542,7,0,0,0,0,0,0.0,0,valid
283460,4,2,8,6,0,0,-1,132492,7,0,0,0,0,0,0.0,0,valid
283462,2,15,1,13,3,0,-1,135640,8,0,0,0,0,0,0.0,0,valid
283471,4,1,7,9,0,0,-1,132606,7,0,0,0,0,0,0.0,0,valid
283473,4,2,7,9,0,0,-1,132601,7,0,0,0,0,0,0.0,0,valid
283480,4,3,5,5,0,0,-1,132630,10,0,0,0,0,0,0.0,0,valid
284067,4,0,3,2,0,0,-1,133290,14,0,0,0,0,0,0.0,0,valid
284154,4,4,6,8,0,0,-1,132586,11,0,0,0,0,0,0.0,0,valid
284165,4,2,8,5,0,0,-1,132724,7,0,0,0,0,0,0.0,0,valid
284166,2,10,2,17,1,0,-1,135145,13,0,0,0,0,0,0.0,0,valid
284167,4,1,7,20,0,0,-1,0,7,0,0,0,0,0,0.0,0,valid
284173,2,10,2,17,2,0,-1,135145,13,0,0,0,0,0,0.0,0,valid
284174,2,15,1,13,3,0,-1,135651,8,0,0,0,0,0,0.0,0,valid
284176,15,2,0,0,0,0,-1,132198,16,0,0,0,0,0,0.0,0,valid
284177,2,4,2,13,3,0,-1,133486,8,0,0,0,0,0,0.0,0,valid
284185,4,3,5,10,0,0,-1,132946,10,0,0,0,0,0,0.0,0,valid
284187,4,1,7,16,0,0,-1,133770,7,0,0,0,0,0,0.0,0,valid
284192,4,1,7,7,0,0,-1,134706,7,0,0,0,0,0,0.0,0,valid
284193,2,19,2,26,0,0,-1,135143,21,0,0,0,0,0,0.0,0,valid
284214,15,2,0,0,0,0,-1,136219,16,0,0,0,0,0,0.0,0,valid
284230,2,13,1,21,7,0,-1,132941,8,0,0,0,0,0,0.0,0,valid
284253,4,0,3,11,0,0,-1,133370,14,0,0,0,0,0,0.0,0,valid
284257,2,1,1,17,1,0,-1,132456,9,0,0,0,0,0,0.0,0,valid
284261,4,4,5,7,0,0,-1,134588,10,0,0,0,0,0,0.0,0,valid
284262,4,1,7,16,0,0,-1,133770,7,0,0,0,0,0,0.0,0,valid
284266,4,1,8,10,0,0,-1,132961,7,0,0,0,0,0,0.0,0,valid
284268,4,2,8,6,0,0,-1,0,7,0,0,0,0,0,0.0,0,valid
284272,4,2,8,7,0,0,-1,134586,7,0,0,0,0,0,0.0,0,valid
284282,4,0,4,11,0,0,-1,133351,14,0,0,0,0,0,0.0,0,valid
284286,2,1,1,17,1,0,-1,132395,9,0,0,0,0,0,0.0,0,valid
284287,2,10,2,17,2,0,-1,135147,13,0,0,0,0,0,0.0,0,valid
284320,4,2,8,9,0,0,-1,132603,7,0,0,0,0,0,0.0,0,valid
284321,2,0,1,13,3,0,-1,132392,8,0,0,0,0,0,0.0,0,valid
284322,4,6,1,14,4,0,-1,134955,9,0,0,0,0,0,0.0,0,valid
284323,4,1,7,10,0,0,-1,132950,7,0,0,0,0,0,0.0,0,valid
284361,4,3,5,7,0,0,-1,134583,10,0,0,0,0,0,0.0,0,valid
284382,4,2,8,6,0,0,-1,132492,7,0,0,0,0,0,0.0,0,valid
284383,4,1,7,16,0,0,-1,133769,7,0,0,0,0,0,0.0,0,valid
284386,2,15,1,13,3,0,-1,135660,8,0,0,0,0,0,0.0,0,valid
284399,4,1,7,3,0,0,-1,0,7,0,0,0,0,0,0.0,0,valid
284400,4,3,5,1,0,0,-1,0,10,0,0,0,0,0,0.0,0,valid
284401,4,1,5,1,0,0,-1,133132,10,0,0,0,0,0,0.0,0,valid
284403,4,2,8,8,0,0,-1,132551,7,0,0,0,0,0,0.0,0,valid
284573,4,2,8,10,0,0,-1,0,7,0,0,0,0,0,0.0,0,valid
284574,2,19,2,26,0,0,-1,0,21,0,0,0,0,0,0.0,0,valid
284666,0,8,2,0,0,0,-1,132161,16,0,0,0,0,0,0.0,0,valid
284668,4,0,3,23,3,0,-1,134860,21,0,0,0,0,0,0.0,0,valid
284696,2,16,1,25,0,0,-1,133723,8,0,0,0,0,0,0.0,0,valid
284697,4,1,7,5,0,0,-1,0,7,0,0,0,0,0,0.0,0,valid
284699,4,0,5,11,1,0,-1,133352,14,0,0,0,0,0,0.0,0,valid
284700,2,5,2,17,1,0,-1,133476,9,0,0,0,0,0,0.0,0,valid
284702,2,7,1,13,3,0,-1,135325,8,0,0,0,0,0,0.0,0,valid
284704,2,10,2,17,2,0,-1,135145,13,0,0,0,0,0,0.0,0,valid
284715,4,0,1,11,0,0,-1,133343,14,0,0,0,0,0,0.0,0,valid
284716,4,0,1,11,0,0,-1,133396,14,0,0,0,0,0,0.0,0,valid
285043,2,15,1,13,3,0,-1,0,8,0,0,0,0,0,0.0,0,valid
285104,0,8,8,0,0,0,-1,135464,12,0,0,0,0,0,0.0,0,valid
285190,4,0,5,11,0,0,-1,133367,14,0,0,0,0,0,0.0,0,valid
285191,4,3,5,3,0,0,-1,135040,10,0,0,0,0,0,0.0,0,valid
285192,4,0,2,23,3,0,-1,0,21,0,0,0,0,0,0.0,0,valid
285212,2,4,2,13,3,0,-1,133049,8,0,0,0,0,0,0.0,0,valid
285228,4,1,7,16,0,0,-1,133756,7,0,0,0,0,0,0.0,0,valid
285236,2,15,1,13,3,0,-1,135650,8,0,0,0,0,0,0.0,0,valid
285238,2,10,2,17,2,0,-1,135145,13,0,0,0,0,0,0.0,0,valid
285239,2,7,1,21,3,0,-1,135325,8,0,0,0,0,0,0.0,0,valid
285253,4,1,7,10,0,0,-1,0,7,0,0,0,0,0,0.0,0,valid
285254,4,2,7,10,0,0,-1,0,7,0,0,0,0,0,0.0,0,valid
285255,4,3,7,10,0,0,-1,0,7,0,0,0,0,0,0.0,0,valid
285264,4,1,7,8,0,0,-1,0,7,0,0,0,0,0,0.0,0,valid
285268,4,2,7,8,0,0,-1,0,7,0,0,0,0,0,0.0,0,valid
285269,4,3,7,8,0,0,-1,0,7,0,0,0,0,0,0.0,0,valid
285272,4,1,7,6,0,0,-1,0,7,0,0,0,0,0,0.0,0,valid
285273,4,2,7,6,0,0,-1,0,7,0,0,0,0,0,0.0,0,valid
285274,4,3,7,6,0,0,-1,0,7,0,0,0,0,0,0.0,0,valid
285282,2,16,1,25,0,0,-1,135641,8,0,0,0,0,0,0.0,0,valid
285283,2,16,1,25,0,0,-1,135420,8,0,0,0,0,0,0.0,0,valid
285292,2,16,1,25,0,0,-1,134427,8,0,0,0,0,0,0.0,0,valid
285328,2,1,1,17,1,0,-1,132395,9,0,0,0,0,0,0.0,0,valid
285329,4,1,7,16,0,0,-1,0,7,0,0,0,0,0,0.0,0,valid
285330,4,0,3,11,0,0,-1,133345,14,0,0,0,0,0,0.0,0,valid
285331,4,0,3,2,0,0,-1,133291,14,0,0,0,0,0,0.0,0,valid
285332,2,6,1,17,2,0,-1,135130,9,0,0,0,0,0,0.0,0,valid
285338,4,2,8,7,0,0,-1,134592,7,0,0,0,0,0,0.0,0,valid
285339,4,3,5,6,0,0,-1,0,10,0,0,0,0,0,0.0,0,valid
285344,4,6,1,14,4,0,-1,134950,9,0,0,0,0,0,0.0,0,valid
285345,4,1,7,8,0,0,-1,132539,7,0,0,0,0,0,0.0,0,valid
285346,2,7,1,13,3,0,-1,135321,8,0,0,0,0,0,0.0,0,valid
285347,2,2,2,15,0,0,-1,135493,12,0,0,2,0,0,0.0,0,valid
285348,4,0,3,23,3,0,-1,0,21,0,0,0,0,0,0.0,0,valid
285350,2,10,2,17,2,0,-1,135148,13,0,0,0,0,0,0.0,0,valid
285351,4,2,8,10,0,0,-1,132939,7,0,0,0,0,0,0.0,0,valid
285359,0,5,7,0,0,0,-1,132791,17,0,0,0,0,0,0.0,0,valid
285362,4,0,3,23,3,0,-1,132789,17,0,0,0,0,0,0.0,0,valid
285366,0,8,0,0,0,0,-1,133639,18,0,0,0,0,0,0.0,0,valid
286533,4,2,8,10,0,0,-1,0,7,0,0,0,0,0,0.0,0,valid
286534,2,15,1,13,3,0,-1,237394,8,0,0,0,0,0,0.0,0,valid
286535,4,0,1,11,0,0,-1,133354,14,0,0,0,0,0,0.0,0,valid
286536,4,2,8,5,0,0,-1,132760,7,0,0,0,0,0,0.0,0,valid
286537,2,4,1,13,3,0,-1,133049,8,0,0,0,0,0,0.0,0,valid
286540,2,8,1,17,3,0,-1,135321,8,0,0,0,0,0,0.0,0,valid
286541,4,0,1,23,3,0,-1,132791,8,0,0,0,0,0,0.0,0,valid
286554,4,0,5,11,0,0,-1,133358,14,0,0,0,0,0,0.0,0,valid
286556,4,0,4,12,0,0,-1,796638,8,0,0,0,0,0,0.0,0,valid
286728,2,4,2,13,3,0,-1,0,12,0,0,0,0,0,0.0,0,valid
286729,2,2,2,15,1,0,-1,0,13,0,0,2,0,0,0.0,0,valid
286730,2,15,1,13,3,0,-1,0,8,0,0,0,0,0,0.0,0,valid
286731,4,3,5,6,0,0,-1,0,10,0,0,0,0,0,0.0,0,valid
286732,0,8,0,0,0,0,-1,237282,8,0,0,0,0,0,0.0,0,valid
286733,2,4,8,13,3,0,-1,0,15,0,0,0,0,0,0.0,0,valid
286734,11,2,8,18,0,0,-1,134410,18,0,0,0,0,0,0.0,0,valid
286735,2,7,1,13,3,0,-1,0,9,0,0,0,0,0,0.0,0,valid
286740,4,6,2,14,4,0,-1,0,13,0,0,0,0,0,0.0,0,valid
286741,2,5,2,17,1,0,-1,0,13,0,0,0,0,0,0.0,0,valid
286742,2,1,1,17,1,0,-1,0,9,0,0,0,0,0,0.0,0,valid
286743,2,19,8,26,0,0,-1,0,15,0,0,0,0,0,0.0,0,valid
286744,4,1,7,16,0,0,-1,0,7,0,0,0,0,0,0.0,0,valid
286745,4,0,3,11,0,0,-1,133354,14,0,0,0,0,0,0.0,0,valid
286746,4,1,7,16,0,0,-1,0,7,0,0,0,0,0,0.0,0,valid
286748,2,2,2,15,1,0,-1,0,13,0,0,2,0,0,0.0,0,valid
286749,2,10,2,17,1,0,-1,0,13,0,0,0,0,0,0.0,0,valid
286750,2,19,3,26,0,0,-1,0,24,0,0,0,0,0,0.0,0,valid
286751,4,1,7,8,0,0,-1,0,7,0,0,0,0,0,0.0,0,valid
286752,4,2,8,7,0,0,-1,0,7,0,0,0,0,0,0.0,0,valid
286753,2,3,1,26,1,0,-1,0,9,0,0,3,0,0,0.0,0,valid
286754,2,10,2,17,1,0,-1,0,13,0,0,0,0,0,0.0,0,valid
286755,2,7,1,13,1,0,-1,0,8,0,0,0,0,0,0.0,0,valid
286978,4,1,7,5,0,0,-1,0,7,0,0,0,0,0,0.0,0,valid
286979,4,1,7,10,0,0,-1,0,7,0,0,0,0,0,0.0,0,valid
286980,4,1,7,6,0,0,-1,0,7,0,0,0,0,0,0.0,0,valid
